{
 "texbb": {
  "E0": 801475.1125990233,
  "E1": 821781.9078688817,
  "N0": 806393.0896616089,
  "N1": 819498.3682321063
 }
}