{"hk5m": {"aE": 36.3270040605697, "bE": 801475.1125990233, "aN": -36.30271072159943, "bN": 819498.3682321063, "W": 560, "H": 362}, "srtm30": {"aE": 60.83876930378467, "bE": 801623.9551540414, "aN": -30.90964853663894, "bN": 818469.3283470792, "W": 360, "H": 270}}