uid,name,tile,geometry,priorState,recommendation,reasons,auditFlags,kind,structureType,heightMetres,heightSource,areaM2,inputHash
landsd/195370:0,,-9_-8,footprint,unassessed,review,native-source-missing-or-ambiguous,,yes,Tower,2.6,landsd,38.9235,18320aab7a446591ba2d23404254855c4f0921b6075312580ebdfea5de3cec46
landsd/256839:0,,-9_-9,footprint,unassessed,review,native-mesh-complexity-needs-review,,yes,Tower,13.7,landsd,40.5069,21a5d8a095dd1501ab54f7a0daa2830b3606d19a5cd8eb29e068e30f96233706
landsd/268150:0,Marina Cove Block F5,4_-4,footprint,unassessed,review,native-envelope-differs;native-mesh-complexity-needs-review,,house,Tower,11.0,landsd,88.3321,4b1712e9de10590f7c9578703503c192221c2bdba4e817b482e81676146f2b4d
landsd/215002:0,,-10_-8,footprint,unassessed,review,native-envelope-differs,,yes,Tower,3.6,landsd,45.6807,63be7c96190382479d88c2ddee3329c3b08acd894a48160c329e2db96e750b89
landsd/201212:0,,-9_-8,footprint,unassessed,review,native-envelope-differs,,yes,Tower,4.9,landsd,41.0747,83345c846947688b33b190c664186f99738d376b215e9dc76507d238821ec822
way/1484689556:0,,5_-3,footprint,unassessed,review,estimated-height;nonordinary-or-support-form;native-source-missing-or-ambiguous,,warehouse,,24,estimated,80.295,039cd438716dc17ced5493e1c2244cafcb892c2bc226abe6f0e0b0bc1e36ad69
landsd/157707:0,Garden Estate 'C' Substation,3_-2,footprint,unassessed,review,source-or-terrain-diagnostic,sampled-roof-partly-below-terrain;sampled-roof-wholly-below-terrain,yes,Tower,4.3,landsd,33.4219,c040e40ec9fd2d405d0bbc807a00f411c596bfde8cd791ea978085127d39911a
landsd/124450:0,,-6_-12,footprint,unassessed,review,native-envelope-differs;native-mesh-complexity-needs-review,,semidetached_house,Tower,9.2,landsd,56.6505,aabc947611d30d30468efdf9b60393c4a4abfa6bf02078c44a103ce8a83ed684
landsd/88863:0,,6_-1,footprint,unassessed,review,source-or-terrain-diagnostic,sampled-roof-partly-below-terrain;sampled-roof-wholly-below-terrain,yes,Tower,2.7,landsd,30.8079,a34f9a20fb0a69595773dedeef4d3cb8e897be6b09795425c08a5dc632e4bdd6
landsd/178397:0,,10_-10,footprint,unassessed,review,source-or-terrain-diagnostic,sampled-roof-partly-below-terrain;sampled-roof-wholly-below-terrain,yes,Tower,5.2,landsd,48.1148,76cc88bcb21522bb03b219352ffd4767519c45b2e24de602d26142101b83ab3d
landsd/181753:0,,-9_1,footprint,unassessed,review,estimated-height;nonordinary-or-support-form;native-source-missing-or-ambiguous,,shed,Temporary Structure,3.5,estimated,7.6045,60916c3b79432c2e1a99e391c786818fa694ebfef42faa5b9f7ca0bd21778309
landsd/194659:0,,-13_-5,footprint,unassessed,review,source-or-terrain-diagnostic,sampled-base-above-terrain,yes,Tower,30.6,landsd,514.4763,1f91d77cfd10b0bb08172f87e0532ea369e1d50dc2a7ec8445aea04042931836
landsd/86041:0,,-4_-14,footprint,unassessed,likely-skip,ordinary-surveyed-form-small-native-envelope-difference-low-complexity,,yes,Tower,4.6,landsd,29.3274,9754678ddcc1ed7abdfc90c18b3c25f0d465b34e6061acc99a5f6d5749616d63
landsd/261415:0,,-5_-13,footprint,unassessed,review,estimated-height;nonordinary-or-support-form;native-source-missing-or-ambiguous,,shed,Temporary Structure,3.5,estimated,84.0022,e778cd15ea3913fb394c8c853bec4fcb769fb50fa0618cf1fd88e1bf49a4df00
landsd/204958:0,BOULEVARD DE CASCADE,2_-10,footprint,unassessed,review,native-envelope-differs;native-mesh-complexity-needs-review,,house,Tower,9.7,landsd,47.249,b61206c8a313db9701b918949d38f88d0a5fee8b3548f3c6b81760e8721f04cc
landsd/58115:0,,2_-15,footprint,unassessed,review,native-envelope-differs;native-mesh-complexity-needs-review,,yes,Tower,4.9,landsd,63.4728,e3cddb840d3cb554d74c9bbb54d4653c6a451dd54a2013d0c8c37c56846dabb7
landsd/184409:0,,3_-11,footprint,unassessed,likely-skip,ordinary-surveyed-form-small-native-envelope-difference-low-complexity,,yes,Tower,4.4,landsd,20.045,b99d1c579d5ddc9ac89d8a1c979cc76a3ae487e8c00b2a6ce9da56bfd59dcad4
landsd/158889:0,Police Sports and Recreation Club,0_-3,footprint,unassessed,review,large-or-tall-form;native-envelope-differs;native-mesh-complexity-needs-review,,yes,Tower,17.9,landsd,4569.6994,99aa85374f224b1d8bd4008b54692c0001d08fed76ff82d0cef3d38b9c73ea3c
landsd/60854:0,Carmel Hill Block 11,2_3,footprint,unassessed,review,source-or-terrain-diagnostic;native-envelope-differs;native-mesh-complexity-needs-review,sampled-base-above-terrain,house,Tower,14.9,landsd,63.6191,d423679227e67ac91200771ec30ee43264241627b3ead1e49f37261994073e3f
landsd/50561:0,The Honour Terrace,1_-3,footprint,unassessed,review,native-envelope-differs;native-mesh-complexity-needs-review,,residential,Tower,15.7,landsd,598.5682,0354fd3bd26c187a06ad2b84232a2e25615142644a5ee08b1cd08635ec704b4d
landsd/287524:0,,3_-7,footprint,unassessed,review,source-or-terrain-diagnostic;nonordinary-or-support-form;holes-or-missing-footprint;native-source-missing-or-ambiguous,sampled-roof-partly-below-terrain;sampled-roof-wholly-below-terrain,roof,Open-sided Structure,1.8,landsd,55.4175,fcb76e1f1120840e3a35ffcf655fdcd358237a28d19b6bdfc5107ed05bb48024
landsd/296200:0,,-3_-13,footprint,unassessed,review,estimated-height;nonordinary-or-support-form;native-source-missing-or-ambiguous,,shed,Temporary Structure,3.5,estimated,49.1202,da74ba2366230a2d07bb85eb813202144b098830a073d6ba2dc0ce299deb03d8
landsd/178452:0,,-12_-5,footprint,unassessed,review,nonordinary-or-support-form;native-source-missing-or-ambiguous,,roof,Open-sided Structure,5.2,landsd,9.9523,165a7cccfb01f1393c6811c7814772e5de87b1409f13e700b67ee113cc80048e
landsd/186366:0,,-4_-8,footprint,unassessed,review,estimated-height;nonordinary-or-support-form;native-source-missing-or-ambiguous,,shed,Temporary Structure,3.5,estimated,47.4159,c4e374e7142ca6d1ab65943644afdaacb4cfa19014d9b7d4ec9466129f5e1e6d
landsd/70104:0,,0_-2,footprint,unassessed,review,native-envelope-differs;native-mesh-complexity-needs-review,,yes,Tower,23.9,landsd,60.6289,e77e23194337e0091483dc6d0296e5eb82977717bebbe5e28abb5803324d8f2c
landsd/162987:0,JOYFUL VILLAS,3_-2,footprint,unassessed,review,source-or-terrain-diagnostic;native-envelope-differs,sampled-base-above-terrain,yes,Tower,2.9,landsd,9.8156,713f97966ac1a73c17228114b54de9e8733387d2cd17f3dda64545a2f1208be2
landsd/252:0,,-4_-9,footprint,unassessed,review,native-envelope-differs;native-mesh-complexity-needs-review,,yes,Tower,8.3,landsd,36.9959,55f2e58f01a1492cff3c0d949af9cc726ef38494628e52942acad8c6507f8363
landsd/220350:0,,-2_-6,footprint,unassessed,review,source-or-terrain-diagnostic,sampled-roof-partly-below-terrain;sampled-roof-wholly-below-terrain,yes,Tower,2.7,landsd,41.1311,a624fc978c9a11a9044771b4528afb8e039a9ee4dad6587f8e3916ac142212c0
landsd/152973:0,,-2_-12,footprint,unassessed,likely-skip,ordinary-surveyed-form-small-native-envelope-difference-low-complexity,,apartments,Tower,11.3,landsd,22.2666,9085aee1ceb5fd13d94ca847c61786ed6eb9a8ecc47d7fa9437718185042a0b7
landsd/54522:0,,-1_-13,footprint,unassessed,review,source-or-terrain-diagnostic;native-envelope-differs;native-mesh-complexity-needs-review,sampled-base-above-terrain,house,Tower,8.3,landsd,65.3296,927cafdc7bd94ed850193791b059f71c6a4b619b35efc76913925be6dae0a4cc
landsd/45272:0,,-8_-9,footprint,unassessed,review,native-envelope-differs;native-mesh-complexity-needs-review,,house,Tower,8.2,landsd,64.2793,5fb7a612b3097fa31cdb3a914adbf3a7224e02787fb16e220eef1ab4cf3464ae
landsd/309658:0,,-7_-8,footprint,unassessed,review,native-envelope-differs;native-mesh-complexity-needs-review,,yes,Tower,9.1,landsd,53.7904,ed4e0f59cd278c082a280197a2c4de775b46e03c56897ed9d32f27b7f3099029
landsd/67488:0,RHEIN AVENUE,-3_-12,footprint,unassessed,likely-skip,ordinary-surveyed-form-small-native-envelope-difference-low-complexity,,yes,Tower,3.4,landsd,27.7441,f5126115334f94374686e353e867d4b9b1a0c5ea8db9ff9c3188952f0db310ed
landsd/152329:0,,-9_-9,footprint,unassessed,review,native-envelope-differs;native-mesh-complexity-needs-review,,yes,Tower,7.6,landsd,22.6899,165c2acd862cba1e4804747af9e65ca7aa42e5f72327b0dc36e40b626499ee0f
landsd/10994:0,,-6_-11,footprint,unassessed,review,native-envelope-differs;native-mesh-complexity-needs-review,,house,Tower,6.7,landsd,49.1882,3f109aa0aa7d2dd9d0ba566a7dea608a189ec8337298687f082e5f6d7e4e1fb1
landsd/43007:0,,2_-14,footprint,unassessed,review,estimated-height;nonordinary-or-support-form;native-source-missing-or-ambiguous,,roof,Open-sided Structure,3.0,estimated,32.9339,e732ea79da762a9d5cf853aa36df347f04928ff286e5992679f825a0da3a6745
landsd/63812:0,,-7_-9,footprint,unassessed,review,native-envelope-differs;native-mesh-complexity-needs-review,,yes,Tower,6.3,landsd,62.7296,ff570d948ff1c94b481cda76261633e3ffcf29a73ca5725464e8ad3e3a836371
landsd/21618:0,,-6_-10,footprint,unassessed,review,native-envelope-differs;native-mesh-complexity-needs-review,,yes,Tower,8.3,landsd,63.6965,7896047d98f021f7cc502bb4489193efd5f4f0b7402b1f9775f6aebcc3e62de5
landsd/31080:0,Greenview Garden 4B,4_-3,footprint,unassessed,review,native-mesh-complexity-needs-review,,apartments,Tower,10.2,landsd,94.1913,fdc812c984f1e3a61027a0a277706eeb2a0cc620b2969347c6a8815d49b56e57
landsd/282113:0,,0_-13,footprint,unassessed,review,estimated-height;nonordinary-or-support-form;native-source-missing-or-ambiguous,,roof,Open-sided Structure,3.0,estimated,28.5551,ea58a590c912ef21dafb04444eef4d8ab6aedb3f63d267dded936ae03006640b
landsd/91285:0,Flowery Garden Phase 3 Block E,-9_-9,footprint,unassessed,review,native-envelope-differs;native-mesh-complexity-needs-review,,house,Tower,8.4,landsd,63.2224,41b1afaa9723287fd67f01f358948d54b73824d6e827d9bf3f0e65045a464bd0
landsd/166727:0,,-16_1,embedded,unassessed,review,existing-detail-without-current-acceptance,,yes,Tower,10.9,landsd,85.1282,45f038b5226183dac35c4ecba5fa6e7a6a5db918d377b30498a0befd70b6ed74
landsd/23359:0,,1_-6,footprint,unassessed,review,native-envelope-differs,,yes,Tower,6.1,landsd,39.1258,85e040afa8d3578e23c34f00356ddbf2da1bc90dbc1fe55d1ff06781eda19a8b
landsd/155091:0,Man Wa Garden Block 4,-8_-10,footprint,unassessed,review,native-envelope-differs;native-mesh-complexity-needs-review,,yes,Tower,8.5,landsd,61.5625,8684fab0e3b956c5ac0b0677b9bc99c0618b5cb68aaf77f79cd06ab2f7c25f55
landsd/49446:0,,0_-13,footprint,unassessed,review,source-or-terrain-diagnostic;native-envelope-differs,sampled-roof-partly-below-terrain;sampled-roof-wholly-below-terrain,yes,Tower,3.7,landsd,33.3532,7cc093b800f44d819efc760a68f860f70024ab1d9250cdc1d4ddd5471223344e
landsd/214713:0,Hong Yue Building,3_-2,footprint,unassessed,review,source-or-terrain-diagnostic;native-mesh-complexity-needs-review,sampled-base-above-terrain,yes,Tower,13.8,landsd,221.4111,e58f317725a01e97644eb1ea07902851c011cf330eaaaa24a5023ef64fca7743
landsd/50102:0,,-2_-12,footprint,unassessed,review,native-envelope-differs,,house,Tower,10.9,landsd,36.7745,9c022a8833e364a9dbeb2d84954e5e1dc310b9672b01405387c937c49103caf6
landsd/141257:0,,-7_-8,footprint,unassessed,review,native-envelope-differs;native-mesh-complexity-needs-review,,yes,Tower,8.1,landsd,69.1496,4aabbbfe2882d82672594548aa8c9be0cdb0bc387d3622ed7e54c921c3c6aad8
landsd/184036:0,,-1_2,footprint,unassessed,enhancement-candidate,distinctive-use-or-landmark-with-footprint-only,,transportation,Open-sided Structure,3.0,estimated,13.1918,52248402b0bbed5f171ccd93d6051ada3a3a66732b6f2fa80c5f769ab54089cf
landsd/132459:0,,1_-6,footprint,unassessed,review,estimated-height;nonordinary-or-support-form;native-source-missing-or-ambiguous,,roof,Open-sided Structure,3.0,estimated,22.8016,052bffdfabad8df058c2dc99e83433d2d55398604c93d721ddf54dfe13ebee16
landsd/54178:0,,0_-13,footprint,unassessed,review,native-source-missing-or-ambiguous,,yes,Tower,3.0,landsd,7.4226,86643d4f005f392e989e0ecc30502bdf694fcbcc4eccb9de12d2367cce783c06
landsd/60065:0,,-9_-8,footprint,unassessed,likely-skip,ordinary-surveyed-form-small-native-envelope-difference-low-complexity,,yes,Tower,2.8,landsd,31.305,8265bfbb3ceb3b24a62a62f16daf15c5c609d02ea3d91e3486d760ca5f4d1a9e
landsd/165421:0,,-9_-8,footprint,unassessed,review,estimated-height;nonordinary-or-support-form;native-source-missing-or-ambiguous,,shed,Temporary Structure,3.5,estimated,30.5408,d4ab04b33845b107bb736007ef2a2cc4b01282ecae7e1b8e13e4bc1524f189e1
landsd/209331:0,,3_-1,footprint,unassessed,review,source-or-terrain-diagnostic,sampled-roof-partly-below-terrain;sampled-roof-wholly-below-terrain,yes,Tower,2.4,landsd,23.6606,8d04fa1c467fe981d482d86c7f2d20e0d496d24fc26029f20d89bbd8c7fc51a6
landsd/156248:0,,-5_-12,footprint,unassessed,review,estimated-height;nonordinary-or-support-form;native-source-missing-or-ambiguous,,shed,Temporary Structure,3.5,estimated,97.5364,f474d4e6781e5ab1d40b35894c7bf38e5f4ec3f015c7c7dede95bab08a913e52
landsd/22524:0,,-9_-9,footprint,unassessed,review,estimated-height;nonordinary-or-support-form;native-source-missing-or-ambiguous,,shed,Temporary Structure,3.5,estimated,108.0133,d88c815af88b6503237e187d01d2cd0de7b51527500ee304fd75c653d9ca952d
landsd/94882:0,Savanna Garden Block 19,1_-9,footprint,unassessed,review,native-envelope-differs;native-mesh-complexity-needs-review,,house,Tower,8.2,landsd,99.4617,f562790cb925ed92b47a88a2dae276dfac126379422add064781c4aa0b88177c
landsd/210798:0,,1_-2,footprint,unassessed,review,native-envelope-differs;native-mesh-complexity-needs-review,,residential,Tower,27.7,landsd,48.1986,67de077580d502ec4e67799f5402b55df15f86f1d94ca29e42ca886b6e523a90
landsd/302119:0,,-6_-2,footprint,unassessed,review,nonordinary-or-support-form;native-source-missing-or-ambiguous,,apartments,Temporary Structure,6.9,landsd,149.167,59dde7363d8fb70923669b89fa8391d5f3124e11025c3a425b18a1e8eaa374fd
landsd/58335:0,Yat Sun Building,-7_-9,footprint,unassessed,review,native-envelope-differs;native-mesh-complexity-needs-review,,yes,Tower,38.9,landsd,268.057,1bc099d6419aefda11ca775be6799469e0260a344d3c3dd8f412ae672400f15b
landsd/62296:0,,-1_-11,footprint,unassessed,review,source-or-terrain-diagnostic;native-envelope-differs,sampled-roof-partly-below-terrain;sampled-roof-wholly-below-terrain,yes,Tower,3.7,landsd,111.4629,7561013a40828e9feb65d9ccf7e691addeb460d67a9c033e93ed2665b60edaf3
landsd/72245:0,,1_-10,footprint,unassessed,review,native-envelope-differs;native-mesh-complexity-needs-review,,house,Tower,8.5,landsd,65.0251,5eaa1ce87303e01f9bb641515f0e6a24b27842fa701966d2e18b9a3c21e0f5b3
landsd/5654:0,,-5_-9,footprint,unassessed,review,native-envelope-differs;native-mesh-complexity-needs-review,,yes,Tower,2.3,landsd,24.9742,a1dbdf0027ec5ffd070ed8f710a21a45321e34b118701bfec4600c6a3749eed9
landsd/229066:0,,-4_-8,footprint,unassessed,review,estimated-height;nonordinary-or-support-form;native-source-missing-or-ambiguous,,roof,Open-sided Structure,3.0,estimated,27.5617,7b56cc36485365e4040774bc44480a5bf119ccd7ea9c2aa4f12b1f600abf54b4
landsd/276680:0,,-5_-9,footprint,unassessed,review,estimated-height;nonordinary-or-support-form;native-source-missing-or-ambiguous,,roof,Open-sided Structure,3.0,estimated,84.4527,f7690ed30804946efb8d704469b734f5310552387d9d85b56ab033443dbbab2c
landsd/146951:0,,-6_-11,footprint,unassessed,review,native-envelope-differs;native-mesh-complexity-needs-review,,yes,Tower,8.1,landsd,64.5906,166e7932983907dbdce46deb55db9ad00d48aa748a7c63b1f8dba409001e3fcd
landsd/99033:0,MANHATTAN HEIGHTS,-2_0,native,enhanced,confirmed-skip,existing-current-acceptance,,yes,Tower,16.8,landsd,35.4026,dc3ab648c0330f440921c4b8cf21a0193147c66e39937a8a987f2968588db47c
landsd/5873:0,Block 82,-7_-8,footprint,unassessed,review,native-envelope-differs;native-mesh-complexity-needs-review,,house,Tower,8.1,landsd,64.2472,3d30bcc252d7ada2dd4ce33deeaf8462d3886b814c04b357937dea66d40b7b30
landsd/3844:0,St. John's Cathedral,-1_0,footprint,unassessed,review,source-or-terrain-diagnostic;native-envelope-differs;native-mesh-complexity-needs-review,sampled-base-above-terrain,yes,Tower,14.9,landsd,1143.1804,a2cef516781bf19cc9fedcd509d9e962e799a94a2b54217a7e93dae09b37fd88
landsd/201222:0,,-8_-5,footprint,unassessed,review,source-or-terrain-diagnostic;native-envelope-differs,sampled-roof-partly-below-terrain;sampled-roof-wholly-below-terrain,yes,Tower,3.3,landsd,23.449,0ca30386cfaddd38d3e048aeb214d3097ef0089baa489ba0bda2a67219cf0ad9
landsd/192587:0,,-14_3,footprint,unassessed,review,source-or-terrain-diagnostic;native-source-missing-or-ambiguous,sampled-roof-partly-below-terrain,yes,Tower,4.7,landsd,80.4395,88d61503c82b29968e772d9715634a28d4a6d5443ef05b686add9d912975001c
landsd/189331:0,C S TOWER,-1_0,native,unassessed,review,existing-detail-without-current-acceptance,,yes,Podium,15.9,landsd,155.7705,df97c6fd27aef48f3c74ae713e79686b2ae320c435e5b2492e06071d036443ea
landsd/277352:0,,-5_-11,footprint,unassessed,review,source-or-terrain-diagnostic;native-envelope-differs,sampled-roof-partly-below-terrain;sampled-roof-wholly-below-terrain,yes,Tower,4.3,landsd,37.42,2b1ba0295bf3d169bd9c968d8e537b49bc5ee2d268c42ce424f7ee81aae6042b
landsd/79705:0,,-9_-10,footprint,unassessed,review,native-envelope-differs,,yes,Tower,8.2,landsd,56.3656,d708c48a10e5c2751fc42d9b9b12f05256244a40b96f3f6f10eaa746710d8aec
landsd/36808:0,,7_-5,footprint,unassessed,review,source-or-terrain-diagnostic,sampled-roof-partly-below-terrain;sampled-roof-wholly-below-terrain,yes,Tower,3.5,landsd,46.3083,b9a7dd8673dbff729c4e07af978fb8a9ec150ada1f1244a262447eacfc3d93b7
landsd/150782:0,House 92,-1_-10,footprint,unassessed,review,native-envelope-differs;native-mesh-complexity-needs-review,,house,Tower,8.1,landsd,65.0217,250f62b6f4e63c59e3e5bdd2e5a8679178432a550bdc441addc7982b9f620064
landsd/327170:0,,-6_-12,footprint,unassessed,review,estimated-height;nonordinary-or-support-form;native-source-missing-or-ambiguous,,shed,Temporary Structure,3.5,estimated,53.4578,480c0ccd61a34a092c7b79401ce6dfa596e954398c1acf2c87d642d15d9f157d
landsd/333168:0,,-9_-12,footprint,unassessed,review,estimated-height;nonordinary-or-support-form;native-source-missing-or-ambiguous,,shed,Temporary Structure,3.5,estimated,60.0505,59edea931c347056c5db4d8af13ea274dfa506bf805715bd1ede8e1588cf2442
landsd/130928:0,,-7_4,footprint,unassessed,review,native-mesh-complexity-needs-review,,yes,Tower,11.1,landsd,75.6157,0ec2699f62d6595de1ff2a7d544877b8ca486804f57f4adc9e543ee9d776bfbd
landsd/88485:0,,1_-2,footprint,unassessed,review,native-envelope-differs;native-mesh-complexity-needs-review,,residential,Tower,24.2,landsd,49.7152,c99f3693d2781a77dfb5e8e994e0d80aeae57662ce287bc184a3b951a8eb6c8a
landsd/167072:0,,-5_-10,footprint,unassessed,review,estimated-height;nonordinary-or-support-form;native-source-missing-or-ambiguous,,shed,Temporary Structure,3.5,estimated,14.1142,64cf56210304bacf4e7549c3217b64bbc786e3f667db3c1c30f8409a50009184
landsd/22407:0,Hoi Fai House,-1_-3,footprint,unassessed,review,large-or-tall-form;native-source-missing-or-ambiguous,,apartments,Tower,114.2,landsd,676.6865,8283537112e7490f54827c1b0d2142a2852d9fbbec74c3542e241b7a27fd2b5b
landsd/240730:0,,1_2,footprint,unassessed,review,source-or-terrain-diagnostic;native-mesh-complexity-needs-review,sampled-roof-partly-below-terrain,yes,Tower,9.9,landsd,111.3489,2cd905db3863dadf85aaf52750d0a3db8abb6aa2c876fb9d9fb796084c617e33
landsd/84946:0,,2_3,footprint,unassessed,review,source-or-terrain-diagnostic;nonordinary-or-support-form;native-envelope-differs;native-mesh-complexity-needs-review,sampled-roof-partly-below-terrain,yes,Podium,5.1,landsd,110.1248,15e4469da5b3de2e607fbad3b19ff82be19a51a4a3f2c9b37a5ff7e8a24fb3ed
landsd/162326:0,,-16_1,embedded,unassessed,review,existing-detail-without-current-acceptance,,yes,Tower,6.8,landsd,77.4193,972dcf8499233feaa5c1530ae9254a31892f974e6b725e54466951276fd86ea0
landsd/127344:0,,-5_-11,footprint,unassessed,review,estimated-height;nonordinary-or-support-form;native-source-missing-or-ambiguous,,shed,Temporary Structure,3.5,estimated,16.4979,f1652e75b4914058596ec4e6a1f8b01d9e6385171054382fbf3d550545311959
landsd/147830:0,,0_-3,footprint,unassessed,review,native-envelope-differs;native-mesh-complexity-needs-review,,residential,Tower,21.1,landsd,87.5731,5aa8704752b9ff1158099e11a09254137c119fd1d2986202208e0c8dfd912909
landsd/331535:0,,3_-4,footprint,unassessed,review,source-or-terrain-diagnostic;estimated-height;nonordinary-or-support-form;native-source-missing-or-ambiguous,sampled-roof-partly-below-terrain,roof,Open-sided Structure,3.0,estimated,52.8281,a620818f6f5b654f29f2edebf356631f307f518916d5d8e6083e042580489d3c
landsd/300516:0,Yuen Long Tam Mei Construction Sector Imported Labour Quarters C4,-6_-10,footprint,unassessed,review,estimated-height;nonordinary-or-support-form;native-source-missing-or-ambiguous,,dormitory,Temporary Structure,3.5,estimated,624.1037,371a6473c6a47fd147010c87aca1e9caf17bbc14b50ffb5a3fc4864aab2a0f37
landsd/271383:0,,-4_-13,footprint,unassessed,review,estimated-height;nonordinary-or-support-form;native-source-missing-or-ambiguous,,roof,Open-sided Structure,3.0,estimated,15.3341,65a15235fde10dc1a6ca0237032ae9ccac1394305c9a08fbcc562d77af8f5d28
landsd/188834:0,,-1_-10,footprint,unassessed,review,native-envelope-differs;native-mesh-complexity-needs-review,,residential,Tower,8.3,landsd,65.0212,131b97b52844228a442b3b5f43bd7a964c5d970701a752f456e692495ec61c60
landsd/44959:0,,-7_-9,footprint,unassessed,review,native-mesh-complexity-needs-review,,yes,Tower,5.8,landsd,28.6301,a24de4bc8089a600e1ba2b2647b1b207d37ba8218e97cc44e800bdb3ecdd5e8f
landsd/158252:0,,-3_3,footprint,unassessed,review,estimated-height;nonordinary-or-support-form;native-source-missing-or-ambiguous,,shed,Temporary Structure,3.5,estimated,30.0353,e2341e2c45e376d3ada8e158595cf996f615ac4d0fd878d1fdc011436eae97e8
landsd/166242:0,Rose Mansion,0_-1,footprint,unassessed,review,native-envelope-differs;native-mesh-complexity-needs-review,,yes,Tower,23.8,landsd,191.9394,dc35c9ff875cbc5e2e3eb194a63b9f2b7fade53b9339c9ae8939fc410716413b
landsd/128195:0,,-4_-12,footprint,unassessed,review,estimated-height;nonordinary-or-support-form;native-source-missing-or-ambiguous,,shed,Temporary Structure,3.5,estimated,52.431,e5d56961ee685bacfa938bfd0353b93426ed9aa9cc685d8004cd2851645369c6
landsd/219255:0,TSUEN WAN RIVIERA PARK,-3_-5,footprint,unassessed,review,estimated-height;nonordinary-or-support-form;native-source-missing-or-ambiguous,,roof,Open-sided Structure,3.0,estimated,322.4805,1e692c2068077b0314e2a162a35c4022d14eb31d8e9e41ce151154283233f68d
landsd/211063:0,,-3_-11,footprint,unassessed,review,source-or-terrain-diagnostic;native-envelope-differs;native-mesh-complexity-needs-review,sampled-base-above-terrain,yes,Tower,3.7,landsd,26.1149,375fddb67aeeedd0db5a26609ad0fa1f2be2120a8de05e1f44bc632b7d90b9a3
landsd/36047:0,,5_-6,footprint,unassessed,review,native-envelope-differs,,house,Tower,7.9,landsd,53.6909,09c4804cde463164286951534f08a7d913d8b9f2dde177f1f6b8fc3e0d6f07a6
landsd/3658:0,,-10_-8,footprint,unassessed,review,native-envelope-differs;native-mesh-complexity-needs-review,,yes,Tower,8.2,landsd,65.0247,735ff33126bcee72727daaee91d404594a450ff614cf9d499b751a3e5e3ff55e
landsd/15444:0,,-6_-12,footprint,unassessed,review,native-envelope-differs;native-mesh-complexity-needs-review,,house,Tower,10.2,landsd,46.7674,38eb6879ffbb78f913f61144c20121bc4d4717e2119de3556d8e5fc7ed5e1c82
landsd/75826:0,,-1_0,footprint,unassessed,review,native-envelope-differs;native-mesh-complexity-needs-review,,yes,Tower,22.3,landsd,64.114,7f4669a08ec207473957977c9ddda72bc68629ca1f7c8fdcb1d80057a373909a
landsd/150902:0,,-9_-9,footprint,unassessed,review,native-mesh-complexity-needs-review,,yes,Tower,11.4,landsd,30.2413,e00d4e0ed2d6ae6ed7b71ae115f02d08fcb40996346118b0aecf89b5a3240581
landsd/182846:0,,-2_4,footprint,unassessed,review,estimated-height;nonordinary-or-support-form;native-source-missing-or-ambiguous,,roof,Open-sided Structure,3.0,estimated,54.4159,b6de1ebdc3ab6caf09b1d7ae245db8db0437a326d7a7efff82febbbbda7c7464
landsd/87509:0,,-2_-13,footprint,unassessed,review,native-envelope-differs;native-mesh-complexity-needs-review,,yes,Tower,7.3,landsd,36.7681,01152e3d239dbe92420e68a921b1771760937b7458da945282005c20099d918c
landsd/190489:0,,-9_-1,footprint,unassessed,review,native-envelope-differs;native-mesh-complexity-needs-review,,yes,Tower,10.1,landsd,109.283,e329ac181ec64246b30dc58e24dc2fa94b843e4909c954589d680eec1d096da9
landsd/266263:0,International Enterprise Centre 3,-3_-5,footprint,unassessed,review,large-or-tall-form;native-envelope-differs;native-mesh-complexity-needs-review,,yes,Tower,95.0,landsd,899.0239,cc8300b7ecbf304712f6fba68497f2dbdc0b3f470e427973fe0c42136f489a65
landsd/161901:0,Kolling Centre,0_-1,footprint,unassessed,review,large-or-tall-form;native-envelope-differs;native-mesh-complexity-needs-review,,commercial,Tower,80.4,landsd,204.2281,e4086a547828d150ff1544ce323b31517bb847d65cf61d0e25d6cb65554c8bf3
landsd/64399:0,,5_-8,footprint,unassessed,review,native-envelope-differs;native-mesh-complexity-needs-review,,yes,Tower,6.7,landsd,64.9966,c4ff82480895d5c3fbd13ff0c63594a348f0f06b479d57f21dc4d7065e41d48c
landsd/269460:0,,-2_-12,footprint,unassessed,review,estimated-height;nonordinary-or-support-form;native-source-missing-or-ambiguous,,shed,Temporary Structure,3.5,estimated,69.6323,037dce3671d4970525a5851cb0c4b1ac797545f78854140863b5e3d363409fe7
landsd/91930:0,,1_-3,footprint,unassessed,review,native-envelope-differs;native-mesh-complexity-needs-review,,residential,Tower,16.4,landsd,228.0641,8c4171234ee154a2ff5e43285dbf27c938dc3d5726619fdd2ed03d1e39b86832
landsd/250014:0,Kam Kwok Building,1_-3,footprint,unassessed,review,native-envelope-differs;native-mesh-complexity-needs-review,,apartments,Tower,23.2,landsd,1097.5288,b783b4c5faf98340f58ec778e039d6f7cfa4d881855cd464cb24d996ddb392ea
landsd/337257:0,,-4_-12,footprint,unassessed,review,native-envelope-differs;native-mesh-complexity-needs-review,,yes,Tower,5.2,landsd,46.5549,1b4927971bc48b14adb4557517b2c9773b4bb34fa03db5bb60de8e9406680dad
landsd/314766:0,,-6_-12,footprint,unassessed,review,estimated-height;nonordinary-or-support-form;native-source-missing-or-ambiguous,,shed,Temporary Structure,3.5,estimated,40.5225,3050a74e32f9561a631ea339f1893bfb2af5afd2632663cad9912850e13a6ab2
landsd/288308:0,,-9_-10,footprint,unassessed,review,source-or-terrain-diagnostic;native-source-missing-or-ambiguous,sampled-base-above-terrain,yes,Tower,8.1,landsd,65.0323,add26e094a03bb9cf679ff26a308ed8d4cd4711cd2a22d6122c09f8a7efac6c1
landsd/261850:0,MARYCOVE THE MARY STANTON CENTRE FOR GIRLS GOOD SHEPHERD SISTERS,0_2,footprint,unassessed,review,source-or-terrain-diagnostic;nonordinary-or-support-form,sampled-roof-partly-below-terrain;sampled-roof-wholly-below-terrain,yes,Podium,1.6,landsd,5.6937,cd0d1409d36551e114dc019440e322b07cd051eaff69081100363c31aea47f97
landsd/22643:0,,4_-8,footprint,unassessed,review,source-or-terrain-diagnostic;native-envelope-differs,sampled-roof-partly-below-terrain;sampled-roof-wholly-below-terrain,yes,Tower,3.2,landsd,13.7951,3a1ada97af36a5a2c14e4a84ac9a9f72120ae2612cb26b78e066ac80b76f5527
landsd/142775:0,,-4_-9,footprint,unassessed,review,native-envelope-differs,,yes,Tower,2.8,landsd,22.1567,49dfd06e2affe19ca9095915916fcc12f15894001d37c79fe943ab3c79592da0
landsd/297579:0,,-8_-8,footprint,unassessed,review,native-source-missing-or-ambiguous,,yes,Tower,8.1,landsd,64.3322,5a5cecca5b48824f6ed92843e6fa180c2702c61a5d012431edb8ce440757dc5c
landsd/234620:0,Harmony Garden Block 1,4_1,footprint,unassessed,review,large-or-tall-form;native-envelope-differs;native-mesh-complexity-needs-review,,apartments,Tower,79,landsd,624.0492,f2812c17c53cad336dc11d09ffc0516ee6e8c9871ab95b49d541fba7da25b5b2
landsd/248058:0,,3_-2,footprint,unassessed,review,nonordinary-or-support-form;native-source-missing-or-ambiguous,,shed,Temporary Structure,3.5,landsd,96.1602,b3e3c1b75a375b1a9813f7d5383159880819a35adb0a9a092068cc880cbd668d
landsd/35024:0,,0_-12,footprint,unassessed,review,native-envelope-differs,,yes,Tower,2.6,landsd,11.5746,619bd04505c3a4c5efa34218f3db2a5beb0e3b5774f6474450419b272e9ec73a
landsd/182121:0,,0_-3,footprint,unassessed,review,native-envelope-differs;native-mesh-complexity-needs-review,,residential,Tower,29.2,landsd,77.8217,e34a389883dd6fc2b9768448c870ea073e392add566b8c6fd9aa9845f8cfe9f0
landsd/45919:0,,-4_-14,footprint,unassessed,review,source-or-terrain-diagnostic;native-envelope-differs,sampled-roof-partly-below-terrain,yes,Tower,2.2,landsd,13.6682,923405971b2b222329f7e28be1bc7aeeb4109e11ea5e7f1a38e3dc72f411a670
landsd/214119:0,Butterfly Crest Block 22,-11_2,footprint,unassessed,review,native-envelope-differs;native-mesh-complexity-needs-review,,house,Tower,13.3,landsd,154.0989,adb5b331667d6ccb15823e65dd9696edeec7332d4ce53fc21ef39ce46d40cd6a
landsd/211267:0,,-2_-12,footprint,unassessed,review,native-mesh-complexity-needs-review,,house,Tower,5.3,landsd,42.7224,a78e38984d45fe115e2673c2555d01fe0cce4248ab36bebbc1c5304081fea9e7
landsd/107028:0,,-8_-1,footprint,unassessed,review,native-envelope-differs,,yes,Tower,3.8,landsd,30.9827,329fdba9c2d58f2e261c80c279356b89f3686eedbe93fa991ef62fbba72c9a6c
landsd/158361:0,,0_-9,footprint,unassessed,review,source-or-terrain-diagnostic;native-envelope-differs;native-mesh-complexity-needs-review,sampled-base-above-terrain,yes,Tower,8.2,landsd,65.0339,306a5926d53fd7d9ab60998971b2c02bd2043449a407bb110add5b4373ea477f
landsd/200660:0,,3_-8,footprint,unassessed,review,estimated-height;nonordinary-or-support-form;native-source-missing-or-ambiguous,,hut,Temporary Structure,3.5,estimated,19.9496,f123e0f847644f8d6274837f43bb6dc24754c030054f78872e211e54e41a01fd
landsd/125239:0,,-4_-12,footprint,unassessed,review,estimated-height;nonordinary-or-support-form;native-source-missing-or-ambiguous,,shed,Temporary Structure,3.5,estimated,42.9606,da67e560cf84d513f5305e67f0e2b70f2a70a41480d741e442a6dfaf2793d5fd
landsd/24090:0,,4_-7,footprint,unassessed,review,source-or-terrain-diagnostic,sampled-roof-partly-below-terrain,yes,Tower,1.9,landsd,66.5281,84b6a2ed2343f7f7759728976f4ebf270a560985b8a2542308392823099369bd
landsd/250665:0,,-4_-8,footprint,unassessed,review,native-envelope-differs;native-mesh-complexity-needs-review,,yes,Tower,3.7,landsd,65.0345,6a028c498f5ad12a8a1f6f922be2cd2712a8b55d8277cac004e54d91bf6c1fd4
landsd/249820:0,,1_-3,footprint,unassessed,review,nonordinary-or-support-form;native-envelope-differs;native-mesh-complexity-needs-review,,school,Tower,16.2,landsd,687.6637,76eab8c131c5c07c808f10a7ec6d58bba8ec76965129a9680eebdd924392ce03
landsd/287554:0,,-7_2,footprint,unassessed,review,source-or-terrain-diagnostic;native-source-missing-or-ambiguous,sampled-roof-partly-below-terrain;sampled-roof-wholly-below-terrain,yes,Tower,3.2,landsd,11.2959,5ee9d622bc3878121f1912f036ccdea83e4e142d2396ac33a0322b501c725ae7
landsd/120250:0,,-8_-9,footprint,unassessed,likely-skip,ordinary-surveyed-form-small-native-envelope-difference-low-complexity,,yes,Tower,4.0,landsd,25.7831,ce2b69cd9ae27ac3da6f14f0e01f49dff08e8d61ed0d0851ded782f0019c7df1
landsd/202628:0,,-8_4,footprint,unassessed,likely-skip,ordinary-surveyed-form-small-native-envelope-difference-low-complexity,,yes,Tower,7.6,landsd,18.8537,b66e055932af5ebc98e0f4280bb3c89e42db0c87a9caccbc0f76ad83b1dfa592
landsd/27871:0,,6_-2,footprint,unassessed,review,native-envelope-differs;native-mesh-complexity-needs-review,,house,Tower,7.1,landsd,59.1812,aa0b3cba2d3591a8debe525a41e4e24e2786f73dc6f58c47225dd9e7604e0714
landsd/116856:0,,-6_-11,footprint,unassessed,review,native-mesh-complexity-needs-review,,house,Tower,7.8,landsd,56.6863,54426a6685a5c021792ea8f9e84c45ab1ed10da72e87ad45adc4c97fafe7d4e7
landsd/322952:0,,1_-7,footprint,unassessed,review,estimated-height;nonordinary-or-support-form;native-source-missing-or-ambiguous,,roof,Open-sided Structure,3.0,estimated,29.3531,ba6f5d37942d96c274469ee7351de80ef68f7c5174f675f076967df637b0c4f7
landsd/326038:0,,-10_-8,footprint,unassessed,review,native-source-missing-or-ambiguous,,yes,Tower,10.7,landsd,38.409,e90db1865f01e67ee13c350f65e9c44ad3a8e17d17fc110a64d76b498548581e
landsd/230764:0,,-15_2,footprint,unassessed,review,estimated-height;nonordinary-or-support-form;native-source-missing-or-ambiguous,,shed,Temporary Structure,3.5,estimated,26.5679,4254be4122e4f2545321c64b56c1d7d663f82da03b25914f1d87ef781ef5a6db
way/1336776236:0,,-8_-5,footprint,unassessed,review,estimated-height;nonordinary-or-support-form;native-source-missing-or-ambiguous,,residential,,9.6,levels,51.41,2ae462a3d43688c15a2a1c2d782494a92378e25a10d0a66499cdf1e26bd0a187
landsd/52638:0,Block 10,-5_-8,footprint,unassessed,review,native-envelope-differs;native-mesh-complexity-needs-review,,house,Tower,8,landsd,65.0485,868ea5f4abbb133a94ed2600371af4006ad66839f9c475a2d725d4bcfd9a2ba3
landsd/281667:0,,-3_-11,footprint,unassessed,review,estimated-height;nonordinary-or-support-form;native-source-missing-or-ambiguous,,shed,Temporary Structure,3.5,estimated,34.7488,adde35dd243aea0c5804f5a70ac162c5c7ced33391b0f10cddff1b381a4840cc
landsd/295335:0,,-2_-13,footprint,unassessed,review,estimated-height;nonordinary-or-support-form;native-source-missing-or-ambiguous,,roof,Open-sided Structure,3.0,estimated,50.168,77c4f8fed5a3a1fb6a41ea2844e3f833422681b580e0cd6937496952aab2fdbf
landsd/86436:0,,2_-7,footprint,unassessed,review,source-or-terrain-diagnostic;native-envelope-differs;native-mesh-complexity-needs-review,sampled-roof-partly-below-terrain;sampled-roof-wholly-below-terrain,yes,Tower,3.4,landsd,14.3038,c2faa10b7cd817b84a2728a0fc481fb764c189eab8dc23c741047108c9a89637
landsd/207187:0,,-2_-4,footprint,unassessed,review,source-or-terrain-diagnostic;native-envelope-differs,sampled-roof-partly-below-terrain;sampled-roof-wholly-below-terrain,yes,Tower,4.0,landsd,52.4133,77b74f6ce20225c2c9f91b4a1dbcadb628cf4140378ca7fee1ce8b69a4c77017
landsd/318552:0,,-3_-12,footprint,unassessed,review,estimated-height;nonordinary-or-support-form;native-source-missing-or-ambiguous,,shed,Temporary Structure,3.5,estimated,67.5308,59e0350a0f8269630c187573df92e16d66934570fd53473de4d9a5d295d7e156
landsd/136170:0,Cheong Fat Factory Building,-1_-3,footprint,unassessed,review,large-or-tall-form;native-envelope-differs;native-mesh-complexity-needs-review,,industrial,Tower,39.2,landsd,2359.045,ffa97b9cee2fca41da84e59f4f1aea5eb84b32bc1963a02563e6633f7ff77c11
landsd/164739:0,HONG CHI FANLING INTEGRATIVE REHABILITATION COMPLEX,-2_-12,footprint,unassessed,review,native-envelope-differs,,yes,Tower,4.0,landsd,61.0192,fafceea1fe9ff9f323bb9e8378668356a21cd424008483d7eca25b34fb17d06b
landsd/49455:0,INTERNATIONAL CHRISTIAN SCHOOL,1_-3,footprint,unassessed,review,native-envelope-differs,,yes,Tower,3.2,landsd,8.111,6638d4ce7b2c11e546fd1cee4d76a2345223b108e891494e7f4c2314aafb7e66
landsd/285746:0,,-5_-12,footprint,unassessed,review,estimated-height;nonordinary-or-support-form;native-source-missing-or-ambiguous,,shed,Temporary Structure,3.5,estimated,49.068,d36378c895b5205cf3b9a38d80bd641a8de52b04d3e86890ffa829e56351967c
landsd/15581:0,,1_-14,footprint,unassessed,review,estimated-height;nonordinary-or-support-form;native-source-missing-or-ambiguous,,shed,Temporary Structure,3.5,estimated,33.8248,084f4656e1f56f48c9cad904eaa2832f8e65fc2da072d5f4b8a39f9ed7718a52
landsd/320248:0,,0_-3,footprint,unassessed,review,nonordinary-or-support-form;native-source-missing-or-ambiguous,,shed,Temporary Structure,4.7,landsd,76.9118,1e237ffac2936d3a4cc089b71065c530e4b73f298fa8af8ba7215a818857fd2f
landsd/5092:0,,-8_-9,footprint,unassessed,review,native-envelope-differs;native-mesh-complexity-needs-review,,yes,Tower,8.2,landsd,63.9998,7174488466b126c6af620904cac03c23f153059011ece8709a98fb148452411b
landsd/117418:0,,-7_-8,footprint,unassessed,likely-skip,ordinary-surveyed-form-small-native-envelope-difference-low-complexity,,yes,Tower,4.5,landsd,36.8506,85bc819b8a14cf028435a6bc5a911ddfbf86af55e5b74e49db8af2f029615c2f
landsd/196178:0,,-1_-10,footprint,unassessed,review,estimated-height;nonordinary-or-support-form;native-source-missing-or-ambiguous,,shed,Temporary Structure,3.5,estimated,42.9221,27a2954dce653687dd842292de4d7b9e8cfc39bbc8124501a6fe751b7e969e1d
landsd/225552:0,Kadoorie Villas 83,-6_-11,footprint,unassessed,review,native-envelope-differs;native-mesh-complexity-needs-review,,house,Tower,8.4,landsd,64.1897,1a97595a0da674d75ae2f1033e325b26df5231e0a8b56140bd9e6988bfaf14ca
landsd/131015:0,,-1_-11,footprint,unassessed,review,estimated-height;nonordinary-or-support-form;native-source-missing-or-ambiguous,,shed,Temporary Structure,3.5,estimated,58.4037,39be710166f5a720d684cd31827e32ffbf8a1a4901407b65cd4f0c5fec0de118
landsd/170900:0,PENG CHAU MARKET,-7_0,footprint,unassessed,review,source-or-terrain-diagnostic;nonordinary-or-support-form;native-envelope-differs;native-mesh-complexity-needs-review,sampled-base-above-terrain,yes,Podium,2.7,landsd,13.1266,48edd112eebf7315497d50a9e13e07c567abd661656cdfd9360ff28bad22d306
landsd/144503:0,,-4_-9,footprint,unassessed,review,estimated-height;nonordinary-or-support-form;native-source-missing-or-ambiguous,,shed,Temporary Structure,3.5,estimated,45.1812,102c7bf75d54eea77cdd132e011fa7b282db72210ad80629912d71dd486bd1db
landsd/223567:0,VISTA HORIZON,2_3,footprint,unassessed,review,estimated-height;nonordinary-or-support-form;native-source-missing-or-ambiguous,,roof,Open-sided Structure,3.0,estimated,71.6041,7a8987a5b30cef280d0df937cc370c2efa45cbfbe32d6d1b7b1b855ce560c2c2
landsd/317154:0,,-7_-9,footprint,unassessed,review,native-source-missing-or-ambiguous,,yes,Tower,2.5,landsd,25.5284,a0191fae5811704a285caa10d21d00308440aed160fa0f4e0e43b763040b9206
landsd/319863:0,,3_-11,footprint,unassessed,review,estimated-height;nonordinary-or-support-form;native-source-missing-or-ambiguous,,roof,Open-sided Structure,3.0,estimated,69.4835,b5f731157b4a827cf9273494ebfff39cf312d7b943dec9d97d13b4212740b407
landsd/283650:0,,-8_-9,footprint,unassessed,review,native-source-missing-or-ambiguous,,house,Tower,8.2,landsd,65.0322,f48f7fea246dd7345e98e53f7e9c7409d86b002c8ca4017da0af4d77e8a8621a
landsd/172831:0,,-8_-11,footprint,unassessed,review,estimated-height;nonordinary-or-support-form;native-source-missing-or-ambiguous,,shed,Temporary Structure,3.5,estimated,44.9599,bca67865a5f20b11be5aa49c1a59bb1f48409d81c12ad635034902b156187dd8
landsd/245280:0,,0_-13,footprint,unassessed,review,estimated-height;nonordinary-or-support-form;native-source-missing-or-ambiguous,,roof,Open-sided Structure,3.0,estimated,8.5536,3c185d1a604d7fbcefb62e21587fc57f6f1f22214f33e471aba1217ba60e8c86
landsd/83484:0,,-10_-8,footprint,unassessed,review,estimated-height;nonordinary-or-support-form;native-source-missing-or-ambiguous,,shed,Temporary Structure,3.5,estimated,70.3416,fba058d45078c1b30c4fe2ca052bc707c5ed4382096dd67cec02792486ee1dea
landsd/17789:0,,-6_-11,footprint,unassessed,review,native-mesh-complexity-needs-review,,house,Tower,6.4,landsd,51.0761,ac1d948000d55e224615d5e1a1bc45c6e4c6cc2b036ed9f994ebb2dfe3c62c74
landsd/41623:0,LOCARNO AVENUE,-4_-12,footprint,unassessed,review,native-envelope-differs;native-mesh-complexity-needs-review,,house,Tower,7.7,landsd,111.7806,af36905474a993758c79f7c59525412c097e10df0a44164e1cd2a7ce7b7c6ca4
landsd/52725:0,,-1_-12,footprint,unassessed,review,nonordinary-or-support-form;native-source-missing-or-ambiguous,,shed,Temporary Structure,2.8,landsd,29.4614,211e91699bfcf85c968536201b6098586dc1b7bf12e353c648d71b308f2c127f
landsd/260645:0,,-9_1,embedded,unassessed,review,existing-detail-without-current-acceptance,,yes,Tower,2.7,landsd,18.1619,bf3ff202eb8d61f8388371df776349928e16ac98668409caad39f4c3c4cec5e9
landsd/167697:0,,0_-14,footprint,unassessed,likely-skip,ordinary-surveyed-form-small-native-envelope-difference-low-complexity,,yes,Tower,6.0,landsd,30.2591,a83e4cef2815c30fb08468685c01407ef7512288cf73898de0775ad8b8d0bcac
landsd/316070:0,,-5_-11,footprint,unassessed,review,estimated-height;nonordinary-or-support-form;native-source-missing-or-ambiguous,,shed,Temporary Structure,3.5,estimated,42.668,4ef0ecb879c1ca7b730e142016b89e56e25838c69b33c60ed3014cda33563c73
landsd/124769:0,,-3_-12,footprint,unassessed,review,estimated-height;nonordinary-or-support-form;native-source-missing-or-ambiguous,,shed,Temporary Structure,3.5,estimated,103.8211,6f4aeed9f1083fbc6ee2e83697f4626657c44dd436656251f4273df43eef4f71
landsd/120866:0,,-7_-9,footprint,unassessed,review,native-envelope-differs;native-mesh-complexity-needs-review,,yes,Tower,7.8,landsd,68.7717,3dec00f16df22ce85c03797830c9844c906d7cd6ef4ea5200c1191b5568e532b
landsd/33180:0,,-5_-12,footprint,unassessed,review,estimated-height;nonordinary-or-support-form;native-source-missing-or-ambiguous,,shed,Temporary Structure,3.5,estimated,55.0759,2f84b10f1d57585d35f719d7f640d326ec3c22c9a8b48e9d3a22643016da2b4c
landsd/45956:0,,-8_-8,footprint,unassessed,review,native-envelope-differs;native-mesh-complexity-needs-review,,yes,Tower,8.8,landsd,40.1476,05f4d33dc82f7af3b02cf5f8b4522faebefcd9aeb0f0009622b6c2d3fcc85d0a
landsd/291837:0,,-1_-14,footprint,unassessed,review,nonordinary-or-support-form;native-source-missing-or-ambiguous,,shed,Temporary Structure,3.4,landsd,74.2117,526d17775779834857881063ca0be914abcdb5d0ff23e51ace7b3fc6536922c6
landsd/30452:0,RESTAURANT,4_-4,footprint,unassessed,review,native-envelope-differs;native-mesh-complexity-needs-review,,yes,Tower,4.1,landsd,612.4826,ae401c08c5f00494d99c9ef05cbe51355b995a82025bb57d6cce855142436b77
landsd/240168:0,Remex Centre,0_2,footprint,unassessed,review,large-or-tall-form;native-envelope-differs;native-mesh-complexity-needs-review,,industrial,Tower,85.3,landsd,1371.9492,44d2282077d43604cefa21d7afe765f712198c9cb1f6bf7a96e0ec9639f6ed9d
landsd/188967:0,,0_-11,footprint,unassessed,review,estimated-height;nonordinary-or-support-form;native-source-missing-or-ambiguous,,roof,Open-sided Structure,3.0,estimated,19.5806,b793345207b1876ff11006e872ae3491a09c43312d0effab9259f81f26c4fe56
landsd/36839:0,,2_-6,footprint,unassessed,review,native-envelope-differs,,yes,Tower,9.6,landsd,8.3874,67de866ba7f1cbe634587da8210eea776d174e5d2cbeef80b4dd54a4085e89c5
landsd/199984:0,Tai Shek Hau P/Ping Substation,-7_4,footprint,unassessed,likely-skip,ordinary-surveyed-form-small-native-envelope-difference-low-complexity,,yes,Tower,4.1,landsd,35.5078,ac3cd0655549202f2fd7868d44ad6712214ee5f8772e93a564ab0cb3d5c23dc1
landsd/75391:0,,-10_-8,footprint,unassessed,review,source-or-terrain-diagnostic;nonordinary-or-support-form;native-source-missing-or-ambiguous,sampled-base-above-terrain,roof,Open-sided Structure,5.4,landsd,540.7617,7d8dda2302f98cc0fd0197cdeda807fdd15c41bafebf945371fed5ebc0a6d916
landsd/285625:0,Full Park Block N,-9_-8,footprint,unassessed,review,native-envelope-differs;native-mesh-complexity-needs-review,,yes,Tower,8.2,landsd,63.2555,00f82f488243c31061a2be3d37ee265c5174d94b4c8e56233d5166259137ccd3
landsd/332068:0,,-9_-8,footprint,unassessed,review,estimated-height;nonordinary-or-support-form;native-source-missing-or-ambiguous,,roof,Open-sided Structure,3.0,estimated,177.0361,48bb8072b83fffd98d7f8a22960214e0ee8bc18110bdd45626f317e5c7190a2c
landsd/177280:0,,0_-14,footprint,unassessed,review,estimated-height;nonordinary-or-support-form;native-source-missing-or-ambiguous,,shed,Temporary Structure,3.5,estimated,29.917,2b480efdc88cfb13dce59cf9114af58d973a1e055d271584e2c342fd8312df12
landsd/321252:0,,0_2,footprint,unassessed,review,source-or-terrain-diagnostic;native-envelope-differs;native-mesh-complexity-needs-review,sampled-base-above-terrain,house,Tower,13.5,landsd,104.8641,2a1977c974d60631afb4a6bb77ed3451a6c45bb3207432754d3b964b6bdc972d
landsd/83628:0,,0_-2,footprint,unassessed,review,native-envelope-differs;native-mesh-complexity-needs-review,,yes,Tower,20.3,landsd,67.8572,4864641ad0018c308433c8bfc82c399cddc205ed48bb89da0f35ed36419591d4
landsd/16087:0,,-6_-12,footprint,unassessed,review,estimated-height;nonordinary-or-support-form;native-source-missing-or-ambiguous,,shed,Temporary Structure,3.5,estimated,27.1307,df0cc55bb6d822d05f68ee6380b7db68af2fafc1aa3359f7632c20de8db9de49
landsd/199167:0,,-10_-7,footprint,unassessed,review,nonordinary-or-support-form;native-source-missing-or-ambiguous,,apartments,Open-sided Structure,3.3,landsd,37.8851,88e6f6cc4faeafd6e5367549744cdaa8b15b52f78260c98f69ee25f49c4dc757
landsd/290328:0,,-2_-9,footprint,unassessed,review,native-source-missing-or-ambiguous,,yes,Tower,8.2,landsd,32.3284,320660e69e626abe839d4b4e5496f1aa960c732d6da23a5b3cb63cb56709bd4d
landsd/241647:0,Tam Mi Camp Block 35,-5_-11,footprint,unassessed,review,native-source-missing-or-ambiguous,,yes,Tower,5.8,landsd,54.5633,754e1df1e5cbd0de4d4b6709360b977081a5d674dcbfd4a3e4976d4b7d861f48
landsd/62888:0,,-1_-11,footprint,unassessed,review,native-mesh-complexity-needs-review,,house,Tower,8.6,landsd,70.2685,7353680f358afd28cf89b24dd531e44306db38f2076e783760c23fb0d5380976
landsd/86923:0,Hip Wo House,1_-6,footprint,unassessed,review,large-or-tall-form;native-envelope-differs;native-mesh-complexity-needs-review,,yes,Tower,37.0,landsd,2584.6353,db0a40d3c86586862dba347cb38a03aa0e3940e2ca59ffdb3e06fc5bd0ae6cde
landsd/231641:0,,-3_-12,footprint,unassessed,review,estimated-height;nonordinary-or-support-form;native-source-missing-or-ambiguous,,shed,Temporary Structure,3.5,estimated,257.4492,472f8ee1287dc0766adfcbfe40e75a6edb2c93c6863b05a5c281facfd7ac2c11
landsd/211034:0,Kornhill Block A,2_0,footprint,unassessed,review,large-or-tall-form;native-envelope-differs;native-mesh-complexity-needs-review,,apartments,Tower,88.5,landsd,622.1489,f286d4af3632e7b06f793ae4331097229a8805840832ccd0fd57efab6965a5e5
landsd/291400:0,YAU MING YUEN,-8_-9,footprint,unassessed,review,estimated-height;nonordinary-or-support-form;native-source-missing-or-ambiguous,,shed,Temporary Structure,3.5,estimated,164.478,942f4c8871cc5672531b7bcb660dda367ada83f2d103a9036713a416a40db09a
landsd/322387:0,,-1_-13,footprint,unassessed,review,estimated-height;nonordinary-or-support-form;native-source-missing-or-ambiguous,,shed,Temporary Structure,3.5,estimated,20.042,e07f50e726cd630824690b9d2e7109e8ce7b33326d6cbd2280aa6350cdf9414a
landsd/72824:0,,1_-6,footprint,unassessed,review,estimated-height;nonordinary-or-support-form;native-source-missing-or-ambiguous,,roof,Open-sided Structure,3.0,estimated,32.6802,9c298820f2749c1cf31e4d5e7ad0ecd9981c33c2975c209bc99249038b9f89cb
landsd/256756:0,,2_5,footprint,unassessed,review,source-or-terrain-diagnostic;native-source-missing-or-ambiguous,sampled-base-above-terrain,yes,Tower,2,landsd,25.3151,b5d8660a62d222ed63da9eefecdf1cc12010b75711ffa9e82c8690dcb8dbb5b1
landsd/10777:0,,-3_-12,footprint,unassessed,review,native-envelope-differs;native-mesh-complexity-needs-review,,house,Tower,7.9,landsd,67.9864,0b4ecbd64945677ad3f0dad791149c8cb130c0d9c16e737fcf01ab7215cecef4
landsd/23926:0,,2_-8,footprint,unassessed,review,native-envelope-differs;native-mesh-complexity-needs-review,,yes,Tower,8.6,landsd,43.5996,0b17a5e8db6890c76ea0f76463a76ed9bd1246d769d80ef777d269f57c9cabc6
landsd/288618:0,,5_-5,footprint,unassessed,review,estimated-height;nonordinary-or-support-form;native-source-missing-or-ambiguous,,roof,Open-sided Structure,3.0,estimated,26.9901,a13e25b072d9f72f09eb407757ceb154990111bf327e2b298e8289d7a8f55493
landsd/17597:0,,0_-13,footprint,unassessed,likely-skip,ordinary-surveyed-form-small-native-envelope-difference-low-complexity,,yes,Tower,2.7,landsd,34.9691,f515bed091ff4e641b8007cd47ec0fea7605cbe214fcd1829c99ca830794676b
landsd/228986:0,THRIVING INDUSTRIAL CENTRE,-3_-5,footprint,unassessed,review,nonordinary-or-support-form;large-or-tall-form;native-envelope-differs;native-mesh-complexity-needs-review,,industrial,Podium,7.2,landsd,3893.9707,999c4e626c3f82909feeb421d5da31f03ad2fc5aba2d744f1127f0d8bce65d2d
landsd/176278:0,,-2_-14,footprint,unassessed,review,estimated-height;nonordinary-or-support-form;native-source-missing-or-ambiguous,,shed,Temporary Structure,3.5,estimated,26.3749,879448f26afeac5d7114af2cabdc3a8faf0790d736a8f7a17118fe8d3db9aca4
landsd/107330:0,,0_-10,footprint,unassessed,review,native-envelope-differs;native-mesh-complexity-needs-review,,house,Tower,9.4,landsd,121.7932,f12e73e27b59b2651bc7f3b291466c9c13aac0ab359d1d8ba02ac96f1de21e53
landsd/229487:0,,-2_-13,footprint,unassessed,review,estimated-height;nonordinary-or-support-form;native-source-missing-or-ambiguous,,roof,Open-sided Structure,3.0,estimated,25.1819,33f180e4af8d81bf2c0c8a52725b8a94ad2e4a5c8caecdd138afcef12c8526fb
landsd/160468:0,,-3_-13,footprint,unassessed,review,estimated-height;nonordinary-or-support-form;native-source-missing-or-ambiguous,,shed,Temporary Structure,3.5,estimated,53.4405,917175da5c67248c5c4c3bbca3fd0d2dd9f9c987044e7afae2eb69e0982a1c6a
landsd/118264:0,,-8_-9,footprint,unassessed,review,native-envelope-differs;native-mesh-complexity-needs-review,,house,Tower,8.2,landsd,64.1323,375786cac092d435d5980616f1c9862d53a59ca41976381912aa5bcbd576db31
landsd/140913:0,,-7_-8,footprint,unassessed,review,estimated-height;nonordinary-or-support-form;native-source-missing-or-ambiguous,,shed,Temporary Structure,3.5,estimated,12.3075,bbb7690854179f59e1de78d0188344571c856f7abf3d59bbc82b986bb9d03844
landsd/327734:0,Yuk Wo Court,1_-7,footprint,unassessed,review,large-or-tall-form;native-envelope-differs;native-mesh-complexity-needs-review,,apartments,Tower,133,landsd,976.3117,9ca15666fb5443565358ebce3e1bf45f6dc5735948b05539642741050343df74
landsd/176652:0,Alliance Primary School Tai Hang Tung,0_-3,footprint,unassessed,review,nonordinary-or-support-form;native-envelope-differs;native-mesh-complexity-needs-review,,school,Tower,19.1,landsd,509.567,3782ed6dfc7d0485c8b1e5c1e2dd2abb4b2672064810836d52cdea77379cf636
landsd/125684:0,,3_2,footprint,unassessed,review,source-or-terrain-diagnostic,sampled-base-above-terrain,yes,Tower,5.4,landsd,21.3274,8bae64b9f8f44eb28f6eb7162fc10686d294023c1afa956ddfc321c842fb4b73
landsd/71245:0,,-11_-2,footprint,unassessed,review,nonordinary-or-support-form;large-or-tall-form;native-source-missing-or-ambiguous,,roof,Open-sided Structure,31,landsd,12860.4393,2c079e6f0e73e78e3ee202e10cb372f139e9301808ff7762fa22426920201cb5
landsd/104539:0,KWOK TAK SENG CATHOLIC SECONDARY SCHOOL,1_-5,footprint,unassessed,review,estimated-height;nonordinary-or-support-form;native-source-missing-or-ambiguous,,roof,Open-sided Structure,3.0,estimated,43.7536,21995c24ff3ee88c342cd75bbc84b2e610cf5b7b0a1493a68c05896072f6d817
landsd/255431:0,The Jockey Club New Hall,-9_-7,footprint,unassessed,review,native-envelope-differs;native-mesh-complexity-needs-review,,dormitory,Tower,36.7,landsd,775.9756,a9077535174806c6c8822493efe45b738928f41f9e811e8a4db33af2e05c64ae
landsd/268444:0,,-9_-8,footprint,unassessed,review,native-envelope-differs;native-mesh-complexity-needs-review,,yes,Tower,5.1,landsd,225.9258,ab24c5063e4be374f5bf8efb4df6b2ace3b728f1380eaf5d70f22d4fb04c46c7
landsd/104909:0,,2_-10,footprint,unassessed,review,native-envelope-differs,,yes,Tower,8.5,landsd,39.0534,3ba0d8e9114ec5d09cf45c667751935707d83b36282d279c5d166b4f82866871
landsd/280388:0,,-10_-11,footprint,unassessed,review,native-envelope-differs,,yes,Tower,5.0,landsd,99.5716,313971400fa54e4e66b777b71571f6d5c68b6c38ca5a9e12b10697c2b0422a71
landsd/43260:0,,-8_-9,footprint,unassessed,review,source-or-terrain-diagnostic;native-envelope-differs,sampled-roof-partly-below-terrain,yes,Tower,4.0,landsd,26.2369,339e2eab53119050176627b7977b3c8d5f3fc5f44ac8e4e65893c6d5c21b390e
landsd/301940:0,15 Villa Avenue Villa Lucca,1_-10,footprint,unassessed,review,native-envelope-differs;native-mesh-complexity-needs-review,,yes,Tower,11.6,landsd,88.9607,ba5e6d54d82f1a3f70dc9cd30ff40535b6695b9d58b90a189a7ab056e754ea42
landsd/328625:0,,-4_-6,footprint,unassessed,review,estimated-height;nonordinary-or-support-form;native-source-missing-or-ambiguous,,roof,Open-sided Structure,3.0,estimated,19.2148,747f601ee84757c31f3da9b19d2b0f3ae088d169676bea35f900d6f9b9e97b09
landsd/225502:0,WAIGA MANSION,1_1,footprint,unassessed,review,source-or-terrain-diagnostic;native-envelope-differs;native-mesh-complexity-needs-review,sampled-roof-partly-below-terrain,yes,Tower,3.3,landsd,26.727,8b52238a76cfa8002ee84665dd81cd7614213c103aef8366f76f06323e61de3f
landsd/132908:0,,3_-7,footprint,unassessed,review,native-envelope-differs;native-mesh-complexity-needs-review,,house,Tower,8.1,landsd,65.0286,13f4ce469e71744483846e3647d666ab3bca463ac2a8bf712d91e348e69e01d2
landsd/206033:0,,4_-4,footprint,unassessed,review,estimated-height;nonordinary-or-support-form;native-source-missing-or-ambiguous,,shed,Temporary Structure,3.5,estimated,22.758,863c57b68a35129845149f9b83f5feab1ef45ce707057010feaa3ef21be6e3ea
landsd/190820:0,,-10_-7,footprint,unassessed,review,native-envelope-differs,,yes,Tower,3.8,landsd,13.2004,095f8087cc9cb0e8b9ebacb8b9addfa05d81f724bd5f95ed17377e16b94cbd61
landsd/339752:0,,-1_-9,footprint,unassessed,review,estimated-height;nonordinary-or-support-form;native-source-missing-or-ambiguous,,shed,Temporary Structure,3.5,estimated,6.5187,6d1473963fc75fc897d9592d2f9e6d086481402170d110a3975693fa289d3fa9
landsd/91107:0,Comfort House,1_-2,footprint,unassessed,review,native-envelope-differs;native-mesh-complexity-needs-review,,residential,Tower,49.1,landsd,72.5637,849162129688297f265bf2515fad23870bc14c157f8b42c96a4aa053982b151f
landsd/164905:0,,-3_-4,footprint,unassessed,review,nonordinary-or-support-form;native-source-missing-or-ambiguous,,roof,Open-sided Structure,4.3,landsd,522.6911,5dea4c58bd512fcd700414a9f99bd02d28da4e7f0b1d188ec8da16eaf8aeb888
landsd/127403:0,,-4_-8,footprint,unassessed,review,native-envelope-differs;native-mesh-complexity-needs-review,,yes,Tower,8.1,landsd,66.9613,e69d64eb0724d2aa84e57591318d34deca3757bf0c373c228123f91446a94869
landsd/273396:0,,-6_-2,footprint,unassessed,review,nonordinary-or-support-form;native-source-missing-or-ambiguous,,apartments,Open-sided Structure,6.9,landsd,53.7398,8c1b00b2c21b8ca19be10ac7988fee0d622ce9228d86f23aebf526bf6501e4d1
landsd/171100:0,,0_-9,footprint,unassessed,review,estimated-height;nonordinary-or-support-form;holes-or-missing-footprint;native-source-missing-or-ambiguous,,shed,Temporary Structure,3.5,estimated,155.5393,f4c3ded4280a905d789bdc8d6ef9e1b7d3462394ac72f59c8073975809f45c75
landsd/90617:0,,-6_-10,footprint,unassessed,review,native-envelope-differs;native-mesh-complexity-needs-review,,yes,Tower,5.9,landsd,55.3223,87327fafb62ae8aa13f5091120c83b57cfefe9c9a7ae35ac2ebf22b728c1c037
landsd/320115:0,,-1_-11,footprint,unassessed,review,native-envelope-differs,,yes,Tower,3.1,landsd,42.2584,c00770bdb12b9e3ac524b47208b24f2a875347079dd92819b0082cf937f54ca6
landsd/13941:0,,-6_-11,footprint,unassessed,review,native-mesh-complexity-needs-review,,house,Tower,7.6,landsd,58.7171,a38f1e4b88a17922cad977c6d4d38da2dea07f54dd5651120f2c27a80721e0aa
landsd/324308:0,,-10_-6,footprint,unassessed,review,source-or-terrain-diagnostic;estimated-height;nonordinary-or-support-form;native-source-missing-or-ambiguous,sampled-roof-partly-below-terrain,warehouse,Temporary Structure,3.5,estimated,384.5258,f92e10e876b6a6c848526dff3ebd44d40b9fcadac8ce43730b79d3ee97cc4901
landsd/137874:0,Block 26,-5_-8,footprint,unassessed,review,native-envelope-differs;native-mesh-complexity-needs-review,,house,Tower,8.4,landsd,64.3525,82f0efebb5a460e9add7c90634901daf69a6c233ad33bf13e1678fb372651622
landsd/123255:0,,4_2,footprint,unassessed,review,source-or-terrain-diagnostic;native-envelope-differs;native-mesh-complexity-needs-review,sampled-roof-partly-below-terrain,house,Tower,6.3,landsd,49.0138,e899767506b6786ed06a4691715195c9f835b9b9506912ee4e0086a0b66383d0
landsd/270607:0,Sorrento Tower 1,0_-2,footprint,unassessed,review,source-or-terrain-diagnostic;large-or-tall-form;native-envelope-differs;native-mesh-complexity-needs-review,sampled-base-above-terrain,yes,Tower,228.2,landsd,928.5763,9b3e0bbe369ca1bec173717ce1f98e1447aaee1547c6d3974a93af02189d558a
landsd/312122:0,,-2_-13,footprint,unassessed,review,estimated-height;nonordinary-or-support-form;native-source-missing-or-ambiguous,,roof,Open-sided Structure,3.0,estimated,14.2704,f2091fa3cc2ee6851e08b00b8d9b3b6e1cabe97a7e1e67c2072690e2b93898fc
landsd/138127:0,,-1_-13,footprint,unassessed,review,estimated-height;nonordinary-or-support-form;native-source-missing-or-ambiguous,,shed,Temporary Structure,3.5,estimated,40.6174,a645be867b5225118d583e087d9b7a1594a32e4ddbb7093f9464d2f00ba8f6ea
landsd/69269:0,Fa Peng Knoll Block 18,-7_4,footprint,unassessed,review,source-or-terrain-diagnostic;native-envelope-differs;native-mesh-complexity-needs-review,sampled-roof-partly-below-terrain;sampled-roof-wholly-below-terrain,house,Tower,6.4,landsd,46.1774,3f060c83821b693aa775e18d09adab75e0d9d9c4f6ab2f287351268a7e21e8c4
landsd/294048:0,,-4_-12,footprint,unassessed,review,estimated-height;nonordinary-or-support-form;native-source-missing-or-ambiguous,,shed,Temporary Structure,3.5,estimated,54.5013,f7d0503c6f31079efbbb3e89c1dbfb66b3e6cb92266bb9ead525695cc1fab5bb
landsd/173120:0,,-7_-9,footprint,unassessed,review,estimated-height;nonordinary-or-support-form;native-source-missing-or-ambiguous,,shed,Temporary Structure,3.5,estimated,28.1458,78b9aee67eeaab0572b158362a4fb5e49d1f657c3d8daa0dc6fef096cec258ce
landsd/282997:0,,0_-14,footprint,unassessed,review,estimated-height;nonordinary-or-support-form;native-source-missing-or-ambiguous,,shed,Temporary Structure,3.5,estimated,235.7874,e0a6b83d5d8a76a8d3a443eee05c21694741bc5f828c197bcb8f8aaeb8ae6b15
landsd/104309:0,Ville de Cascade A18,1_-6,footprint,unassessed,review,native-envelope-differs;native-mesh-complexity-needs-review,,yes,Tower,10.9,landsd,50.921,9a7dcae8e057744c55bc09d70741b13f98102d03acbd5c3b945c24ae7d810b91
landsd/161506:0,,-8_-8,footprint,unassessed,likely-skip,ordinary-surveyed-form-small-native-envelope-difference-low-complexity,,yes,Tower,4.0,landsd,14.4242,de75fc27c2dc23957ab5c21141ab79da591f924bf7117c2e41305d25c27afa71
landsd/170385:0,,-1_-13,footprint,unassessed,review,native-envelope-differs,,yes,Tower,3.2,landsd,3.2188,a7ce0fb2659bf3863cf0ffe53618825f31881f472058b8049450b42d456d3815
landsd/339612:0,,-1_-14,footprint,unassessed,review,estimated-height;nonordinary-or-support-form;native-source-missing-or-ambiguous,,shed,Temporary Structure,3.5,estimated,15.6116,bf9ef4e6a49f974f3eb3b9c510e1ea1f5143e51df85eaf6b7e5051939d3c2c0d
landsd/11792:0,,-10_-10,footprint,unassessed,review,estimated-height;nonordinary-or-support-form;native-source-missing-or-ambiguous,,shed,Temporary Structure,3.5,estimated,73.7075,564076e6424eacc04490fc2ceac700ce8dfda4e51333c325bf657bc7389da7fd
landsd/214873:0,,-9_-8,footprint,unassessed,review,estimated-height;nonordinary-or-support-form;native-source-missing-or-ambiguous,,shed,Temporary Structure,3.5,estimated,63.4105,694c711901e6ee9486381967cd5d35b606e20014df87f37479eeb6cfb48ab585
landsd/313486:0,,-1_2,footprint,unassessed,review,estimated-height;nonordinary-or-support-form;native-source-missing-or-ambiguous,,shed,Temporary Structure,3.5,estimated,65.14,deac254f0073781b7af3d5eb4315d7cbacb87ad4d1b0bfee69efa3cfa7130722
landsd/140681:0,,-7_-8,footprint,unassessed,review,source-or-terrain-diagnostic,sampled-base-above-terrain,yes,Tower,3,landsd,20.2261,b444b81e34ee77518197ee6d0f09bb269f1f0da0163fc9ef5439eed441bea288
landsd/145887:0,,1_-3,footprint,unassessed,review,native-envelope-differs;native-mesh-complexity-needs-review,,residential,Tower,19.5,landsd,164.5975,1f86270d9c0fddca1a07523194014e9fe332bfed00aa3f4565aed26d9846e7b1
landsd/330787:0,Hong Chi Jockey Club Conference Hall,0_-10,footprint,unassessed,review,nonordinary-or-support-form;native-envelope-differs;native-mesh-complexity-needs-review,,amenity,Tower,6.0,landsd,235.6631,07ce8dfea689c612a7adfae6e150c9935fdbb11489dd1835d0ce8eb5d4291df1
landsd/46361:0,,-7_-8,footprint,unassessed,likely-skip,ordinary-surveyed-form-small-native-envelope-difference-low-complexity,,yes,Tower,4.5,landsd,36.2588,0c85774e842084a19a0e6a6beb01a3f45f9478f1218b36dc800de776b7458201
landsd/170807:0,,-4_-10,footprint,unassessed,review,estimated-height;nonordinary-or-support-form;native-source-missing-or-ambiguous,,shed,Temporary Structure,3.5,estimated,46.1498,200e7370d32b2c07f3b05338bb2640a137303158a6e4c94e860c6f5beb1d396e
landsd/39411:0,Shing Wing House ,1_-6,footprint,unassessed,review,native-envelope-differs;native-mesh-complexity-needs-review,,apartments,Tower,46.6,landsd,463.2309,fba6dc7f6c235d81c3239e95988e10237551ca7bfa3afb7f07632664c01ca778
landsd/38167:0,,-6_-11,footprint,unassessed,review,native-envelope-differs;native-mesh-complexity-needs-review,,house,Tower,6.6,landsd,40.1428,ea29a8a57cf0e101530480498e73db270f9329c2b9d95ccbf5e14e4d01afad3b
landsd/172578:0,,-1_-14,footprint,unassessed,review,estimated-height;nonordinary-or-support-form;native-source-missing-or-ambiguous,,shed,Temporary Structure,3.5,estimated,16.6006,810168ce309c9620e1b1109dbaca730a8df79afdc09a7649198ec5a2deffa69d
landsd/13147:0,,-6_-11,footprint,unassessed,review,native-envelope-differs;native-mesh-complexity-needs-review,,house,Tower,7.0,landsd,49.8254,ce14018513a84b55c53695b04a726cea2d7267e2b08adb599f41f83e6fe80d5f
landsd/144145:0,,-5_-12,footprint,unassessed,review,estimated-height;nonordinary-or-support-form;native-source-missing-or-ambiguous,,shed,Temporary Structure,3.5,estimated,26.806,75ec7dbd77b9b512d585c9a131e1da14b60814a9679f5bd2d8a85a2e2520785e
landsd/75516:0,,-9_2,footprint,unassessed,review,source-or-terrain-diagnostic;native-envelope-differs;native-mesh-complexity-needs-review,sampled-roof-partly-below-terrain;sampled-roof-wholly-below-terrain,yes,Tower,6.6,landsd,95.3984,d3db464a701ddf28268f7a0cc6593a1b28e64c6b220a78ad68c4dcb3757f7cee
landsd/24924:0,,1_-3,footprint,unassessed,review,native-mesh-complexity-needs-review,,yes,Tower,2.7,landsd,6.9893,ab09deb9e5fca2f4513b1bc7d86dc2c8e9a7437bf5d0a5c4cb7f6494011d2297
landsd/266195:0,,-3_-12,footprint,unassessed,review,native-envelope-differs;native-mesh-complexity-needs-review,,yes,Tower,8.2,landsd,64.8462,cf6ef925c1883ae09759581a14c664dab228e0a88ccd838279222cc4cb0a9fb0
landsd/186190:0,,-7_-9,footprint,unassessed,review,native-mesh-complexity-needs-review,,yes,Tower,9.1,landsd,51.0787,22f2b9a0cb177dbfe2680444a3ead216c617985592457edea744b214e408eab8
landsd/65011:0,,5_-8,footprint,unassessed,review,native-envelope-differs;native-mesh-complexity-needs-review,,apartments,Tower,7.4,landsd,66.4689,4cac03e3b84c03ba42fc7992322cc83b98bc49592865e463cb435ed7a8617129
landsd/47074:0,,-4_-10,footprint,unassessed,likely-skip,ordinary-surveyed-form-small-native-envelope-difference-low-complexity,,yes,Tower,4.0,landsd,62.009,7ba14c8a5eb7e2e09075b2015b125d5b2bbcf195aa0f84917afadb5e0fd7d48f
landsd/335934:0,,-1_2,footprint,unassessed,review,estimated-height;nonordinary-or-support-form;native-source-missing-or-ambiguous,,roof,Open-sided Structure,3.0,estimated,59.3047,5dd320c8297efee66574e36e289fd45bcf2090ef3770e99318a46cc595354716
landsd/163281:0,,-6_-11,footprint,unassessed,review,estimated-height;nonordinary-or-support-form;native-source-missing-or-ambiguous,,shed,Temporary Structure,3.5,estimated,43.9917,56d2744b2512fd1b1c30ffc4d1ae2a823b9750934d4b8a04af11bb79dfa5e71c
landsd/298431:0,,-4_-8,footprint,unassessed,review,native-envelope-differs,,yes,Tower,5.3,landsd,32.1815,188557f009d7369b4cb9c7e3b1137673ecefd91c0830a7eb76e9426427647795
landsd/141118:0,,-5_-13,footprint,unassessed,review,estimated-height;nonordinary-or-support-form;native-source-missing-or-ambiguous,,shed,Temporary Structure,3.5,estimated,6.7005,90cb74a2045b50e93b3acf06a2163f5b3553b1b18dd0f43936f306aba8cc31c6
landsd/73876:0,,-3_-13,footprint,unassessed,review,estimated-height;nonordinary-or-support-form;native-source-missing-or-ambiguous,,roof,Open-sided Structure,3.0,estimated,25.0168,7de71b82385f09a8eff4a534e7ca956ec8f78714a8ba3eb4e999663d7d2751ab
landsd/241718:0,PO LEUNG KUK PAK TAM CHUNG HOLIDAY CAMP,8_-6,footprint,unassessed,review,source-or-terrain-diagnostic;native-envelope-differs;native-mesh-complexity-needs-review,sampled-roof-partly-below-terrain,yes,Tower,9,landsd,256.3296,20abf4050c35c711301d860917606ae82c8817fd8f139bd7616186d1bb6aee02
landsd/218339:0,,-3_-5,footprint,unassessed,review,source-or-terrain-diagnostic;native-envelope-differs;native-mesh-complexity-needs-review,sampled-base-above-terrain,apartments,Tower,23,landsd,88.4027,5d545d41641bdbfc5be30315f0c1224e5eb0f1677b34c5bc7b7d8f78b59412fb
landsd/152697:0,Pretticoins Garden Block 24,-7_-9,footprint,unassessed,review,native-envelope-differs;native-mesh-complexity-needs-review,,house,Tower,11.3,landsd,69.6922,0f393a8976dede9aed43c29acd4a69d8d701cd2dcdf202caa72346addef39c03
landsd/314193:0,Carpark 4 Expansion,-12_-2,footprint,unassessed,review,large-or-tall-form;native-envelope-differs;native-mesh-complexity-needs-review,,commercial,Tower,43.9,landsd,6183.6835,2593bf7988cfb2594a232ed2004cdab32a09ad94caf57fc65442174648a4f6b6
landsd/62420:0,,-1_4,footprint,unassessed,review,source-or-terrain-diagnostic;native-envelope-differs;native-mesh-complexity-needs-review,sampled-roof-partly-below-terrain;sampled-roof-wholly-below-terrain,house,Tower,4.3,landsd,37.9278,08d0ab6a48855bb3c36e9e57eb9268397a081924adf4cb72330b5fed8d088ff0
landsd/119951:0,,-6_-10,footprint,unassessed,review,native-envelope-differs;native-mesh-complexity-needs-review,,yes,Tower,4.9,landsd,33.559,c0ffe6b2d68e212b1aa81bc8ac4b0d1232a19ce614c300c5d1dbe763595611a8
landsd/106625:0,,-1_-10,footprint,unassessed,review,native-envelope-differs,,yes,Tower,5.3,landsd,34.8435,648c1fcbc1fe6dc77bed355833db614b68d75e2862e1adee9a840a7430f56b85
landsd/125479:0,TIN SAU BAZAAR,-9_-10,footprint,unassessed,review,estimated-height;nonordinary-or-support-form;native-source-missing-or-ambiguous,,shed,Temporary Structure,3.5,estimated,17.2215,6181aa4f7e67e537a9641aca31ad13b766ed18b2100f1488548230c2d7ad3c74
landsd/263281:0,,-9_-9,footprint,unassessed,review,estimated-height;nonordinary-or-support-form;native-source-missing-or-ambiguous,,roof,Open-sided Structure,3.0,estimated,64.4993,57318ac83916a9fafff31a548ebdf4f016b3c8cccd8b570066ce35dc703f1c74
landsd/80834:0,To Kwa Wan Pigging Station,1_-2,footprint,unassessed,review,nonordinary-or-support-form;native-source-missing-or-ambiguous,,roof,Open-sided Structure,4.0,landsd,325.5622,6c0e8be3b7119469bf961b3e7511066c6a01d3183f0c723f3c20ad20788fc6c2
landsd/299979:0,,-1_-11,footprint,unassessed,review,estimated-height;nonordinary-or-support-form;native-source-missing-or-ambiguous,,shed,Temporary Structure,3.5,estimated,23.077,ac655ad00af504c5b279fb0490ae5098919bbf94a47906f0a4f8a1ccb85c0a64
landsd/64853:0,,-4_-10,footprint,unassessed,review,estimated-height;nonordinary-or-support-form;native-source-missing-or-ambiguous,,shed,Temporary Structure,3.5,estimated,16.4737,779e9a5e6dbf14b3bcd0843e355c37ce0bc1c91e426b58b871b65983bf65e5f7
landsd/85047:0,,-4_-9,footprint,unassessed,review,native-envelope-differs;native-mesh-complexity-needs-review,,yes,Tower,8.4,landsd,65.3572,2ea5eacdc561680d87aa83f58f18c406d35588ab7d5e18418f23acc8d5e4f56d
landsd/196514:0,,-8_-8,footprint,unassessed,review,estimated-height;nonordinary-or-support-form;native-source-missing-or-ambiguous,,shed,Temporary Structure,3.5,estimated,23.683,539888fdaeb7abfeb0bd4efc3c446eb74949360a61d3b9c033bccc2c5a299472
landsd/218997:0,,-5_-5,footprint,unassessed,review,native-envelope-differs,,yes,Tower,8.2,landsd,51.9769,859ea02e00dc3823b285123ef4cd20d5eb6c415667bae59de673014a514c9ffe
landsd/163407:0,,-3_-12,footprint,unassessed,review,estimated-height;nonordinary-or-support-form;native-source-missing-or-ambiguous,,shed,Temporary Structure,3.5,estimated,92.4234,af12f0c31288d28f6c1ccec2aa07c076936d2d41ca50d3c4d3584171cba588b4
landsd/219566:0,,-4_-4,footprint,unassessed,review,native-envelope-differs;native-mesh-complexity-needs-review,,apartments,Tower,7.6,landsd,66.2722,fe31954f11b75516f940d0c25e56ebc0c2f814fc29d695d88b78a21340c7152e
landsd/9740:0,,-1_-12,footprint,unassessed,review,native-envelope-differs;native-mesh-complexity-needs-review,,yes,Tower,3.0,landsd,28.9768,76eb243e74b3f06fa54bef453a535891a9079b3dbfe4d95c236432f69eb90891
landsd/18608:0,,-3_-14,footprint,unassessed,review,estimated-height;nonordinary-or-support-form;native-source-missing-or-ambiguous,,shed,Temporary Structure,3.5,estimated,12.6017,bdbf1a17c64462a6ebb47ebe8f0316ea620fbc1a6a6d2355bc2d98a64d035f4d
landsd/317721:0,,-4_-9,footprint,unassessed,review,estimated-height;nonordinary-or-support-form;native-source-missing-or-ambiguous,,shed,Temporary Structure,3.5,estimated,869.7307,0465e89b67a5767320bf20a098017736321bbe91be99211b87c64204b1e1b9cc
landsd/271276:0,,-4_-6,footprint,unassessed,review,estimated-height;nonordinary-or-support-form;native-source-missing-or-ambiguous,,shed,Temporary Structure,3.5,estimated,76.5897,d092c0167213e32cd6f0dbeec91be42a16c4b8d3411527a11bdeb673a543e9b1
landsd/210934:0,,3_-14,footprint,unassessed,review,source-or-terrain-diagnostic;native-envelope-differs,sampled-roof-partly-below-terrain;sampled-roof-wholly-below-terrain,yes,Tower,4,landsd,25.6288,3805642c69239f5c402ccdd707bc8d4019d0f3a98e82bdc00612cfeda2b5f92c
landsd/105038:0,,-10_-10,footprint,unassessed,review,estimated-height;nonordinary-or-support-form;native-source-missing-or-ambiguous,,shed,Temporary Structure,3.5,estimated,128.9632,909d50b8d7fd97850eb4c37313b1ae50b27d40a238ac74c68871eac227deba70
landsd/224169:0,REPULSE BAY VILLA,1_2,footprint,unassessed,review,source-or-terrain-diagnostic;estimated-height;nonordinary-or-support-form;native-source-missing-or-ambiguous,sampled-roof-partly-below-terrain,roof,Open-sided Structure,3.0,estimated,70.8803,ccee0c59a12b89f5d2da033c31ece9d319e0b822d543d98afd4857c8f3a80a76
landsd/212827:0,,-8_-9,footprint,unassessed,review,estimated-height;nonordinary-or-support-form;native-source-missing-or-ambiguous,,shed,Temporary Structure,3.5,estimated,41.7947,1a6781fa56b6978665f3d78d56c2d9be45f22ad969048c6ccfe513e87f013441
landsd/245851:0,,2_-14,footprint,unassessed,review,source-or-terrain-diagnostic,sampled-roof-partly-below-terrain;sampled-roof-wholly-below-terrain,yes,Tower,2.8,landsd,8.0579,04f18c54aaaba32f04ba2fae8d6406caf43624a44fdf18cbdef37f1651bd973f
landsd/335997:0,,-3_-14,footprint,unassessed,review,native-source-missing-or-ambiguous,,yes,Tower,6.1,landsd,22.1338,4584fe534a3e8be87f2c69c7c9e9df3f6bb8eda6fde801832109729dd9e9398e
landsd/158926:0,,-2_-4,footprint,unassessed,review,estimated-height;nonordinary-or-support-form;native-source-missing-or-ambiguous,,shed,Temporary Structure,3.5,estimated,32.5214,c15ec8dab1b477abe6c22252ba16366c484a4d5ed32232f6f263b1d8068b3cba
landsd/19668:0,,-1_-12,footprint,unassessed,review,native-envelope-differs;native-mesh-complexity-needs-review,,house,Tower,6,landsd,88.121,e7155696455508ee53147b8f2574da2a6c27285e51a32bed81ac90f81e895543
landsd/39658:0,Hin Yiu House,0_-5,footprint,unassessed,review,large-or-tall-form;native-envelope-differs;native-mesh-complexity-needs-review,,apartments,Tower,109.4,landsd,1357.3212,fa72afc80a11950ba11a47bc9e01fea131c631219529b8ca672b31259e5f69b3
landsd/77989:0,,-7_4,footprint,unassessed,review,source-or-terrain-diagnostic,sampled-roof-partly-below-terrain;sampled-roof-wholly-below-terrain,yes,Tower,3.9,landsd,43.2177,aae7eb749a160888e2b573248381d271c8a8f71f4a8f1211a73679e07421d33e
landsd/234884:0,Apollo Building,-1_-3,footprint,unassessed,review,source-or-terrain-diagnostic;native-envelope-differs;native-mesh-complexity-needs-review,sampled-base-above-terrain,yes,Tower,23.1,landsd,560.987,5716dd130ea0c4ea69cb2d7b3cdd59153df1546a9ad71cb8cc818bd0d4512439
landsd/122876:0,,-5_-12,footprint,unassessed,review,source-or-terrain-diagnostic;native-envelope-differs;native-mesh-complexity-needs-review,sampled-base-above-terrain,yes,Tower,8.3,landsd,64.204,5cc18eef4540fbcfe51a64c35efe2ff81c17c46441d9686c72b595d318be5b6c
landsd/191495:0,Tung Koon San Tsuen Block D,-7_4,footprint,unassessed,review,source-or-terrain-diagnostic,sampled-base-above-terrain,yes,Tower,10.9,landsd,41.6742,86010b4113d0947cb4ab24ffcff999e52cc347cecc6d3677c042dd03883bffec
landsd/130705:0,,-1_-11,footprint,unassessed,review,estimated-height;nonordinary-or-support-form;native-source-missing-or-ambiguous,,shed,Temporary Structure,3.5,estimated,36.2985,60420b035f5a76b83f661c599c9d53fbbe0c58c4d0ea872a1a0993b1c4ab0631
landsd/74954:0,,-9_2,footprint,unassessed,review,source-or-terrain-diagnostic;native-mesh-complexity-needs-review,sampled-roof-partly-below-terrain;sampled-roof-wholly-below-terrain,yes,Tower,10.1,landsd,67.739,7e3253f1a52ab13bbe2e5af8b7323803242adef9e0f7e2a2b7452f2f68757063
landsd/299758:0,,5_-5,footprint,unassessed,review,source-or-terrain-diagnostic;nonordinary-or-support-form;native-source-missing-or-ambiguous,sampled-roof-partly-below-terrain,roof,Open-sided Structure,4,landsd,123.3641,2c3018721121a14f432e60cad0222d2e7f1875b60b14c30713bd78c65b87d44c
landsd/88482:0,Conifer Lodge Block 3,2_-7,footprint,unassessed,review,native-envelope-differs;native-mesh-complexity-needs-review,,yes,Tower,6.0,landsd,37.0504,46f400f7879530cae2617a93c9a15c56394f2dbc0e8c39510f3d10a1195bd176
landsd/4230:0,,6_-2,footprint,unassessed,review,native-envelope-differs;native-mesh-complexity-needs-review,,house,Tower,7.5,landsd,68.8604,dc89c4f65f2f6d965460628b1fd04334aa8a5ec40422b778fb7bb1136e844fd0
landsd/201180:0,,-1_-10,footprint,unassessed,review,estimated-height;nonordinary-or-support-form;native-source-missing-or-ambiguous,,shed,Temporary Structure,3.5,estimated,31.657,14099cf2d2a1292a7872958163e72a3c635beb145015192251344f1c82f4df72
landsd/66975:0,Sun Yee Wo Hall,1_-11,footprint,unassessed,review,source-or-terrain-diagnostic,sampled-roof-partly-below-terrain;sampled-roof-wholly-below-terrain,yes,Tower,4.5,landsd,30.9674,bb1802314dbe0857e464b5f446ebdba4c3bc2eb7e5eb9b4d1c64295a05952a75
landsd/183966:0,,6_-8,footprint,unassessed,review,native-envelope-differs;native-mesh-complexity-needs-review,,house,Tower,8.5,landsd,63.3601,35aa91b5705bcce7141834b71c43e34b3e5a0a2eee770143bd46ee6db196e67b
landsd/253780:0,THE BELVEDERE,-1_1,footprint,unassessed,review,native-envelope-differs;native-mesh-complexity-needs-review,,house,Tower,13.9,landsd,131.9193,61c7fb114002f445a04506e7d8478824267df6268b45c00e09249476984b7cf7
landsd/2460:0,,-10_2,footprint,unassessed,review,nonordinary-or-support-form;native-source-missing-or-ambiguous,,roof,Open-sided Structure,2.2,landsd,11.6123,48eacea4cc587e7debd3428b7e209118d7a71deb5884584f728498910f45c10c
landsd/16746:0,,-2_-13,footprint,unassessed,review,native-mesh-complexity-needs-review,,yes,Tower,6.0,landsd,96.0998,b410d066f2b32a2f9c1d3d7f05a32e6ae63fbe1bb02e95460b699a68a9ea6fe0
landsd/340549:0,,1_-10,footprint,unassessed,review,estimated-height;nonordinary-or-support-form;native-source-missing-or-ambiguous,,roof,Open-sided Structure,3.0,estimated,38.4288,291ec1da162f4170a5926795d17e906b60b41bc066458c0f17b66d8f6f7b0dfc
landsd/225387:0,FOLKLAND MANSION,0_-2,footprint,unassessed,review,nonordinary-or-support-form;native-envelope-differs;native-mesh-complexity-needs-review,,residential,Podium,7.8,landsd,696.5642,e72a9197841f35a61c0d1e85741f49708567fd85122c5c80b2a7af2844cf2ab1
landsd/204322:0,,-8_-5,footprint,unassessed,likely-skip,ordinary-surveyed-form-small-native-envelope-difference-low-complexity,,yes,Tower,2.3,landsd,66.6064,51c13d7780f3f7ef424fa5d1feb13e3219f1ac8281e6765277cbb41a6e67696e
landsd/159087:0,,-4_-14,footprint,unassessed,review,estimated-height;nonordinary-or-support-form;native-source-missing-or-ambiguous,,shed,Temporary Structure,3.5,estimated,30.9011,6280ee945e2b4ac645f0cd55ff0212de4037a624a58c4fc05d7e27d27921486d
landsd/305792:0,Ho Sheung Heung Village Office,-3_-13,footprint,unassessed,review,native-envelope-differs;native-mesh-complexity-needs-review,,yes,Tower,5.7,landsd,223.6507,327893d09328caae352fb8f233218fc4e0f108e033b4efe47088e7dc395295cf
landsd/261888:0,,1_-4,footprint,unassessed,review,source-or-terrain-diagnostic;native-envelope-differs;native-mesh-complexity-needs-review,sampled-roof-partly-below-terrain;sampled-roof-wholly-below-terrain,house,Tower,8.0,landsd,40.6357,745e2a4802da0650331c9a92de37faa83488a8ec49149300c0b8ac1aadaf2b77
landsd/269261:0,,-3_-10,footprint,unassessed,review,estimated-height;nonordinary-or-support-form;native-source-missing-or-ambiguous,,shed,Temporary Structure,3.5,estimated,45.4297,3c41346ddcf76e25d6092c6206862a76eec9f3f9525eff98f29935179b3e2fba
landsd/13112:0,,-6_-9,footprint,unassessed,review,estimated-height;nonordinary-or-support-form;native-source-missing-or-ambiguous,,shed,Temporary Structure,3.5,estimated,9.2799,ecaffb8f29f7bd3afc13b8e0dd0ba648855b6684fcf5ec7ffc0fcc273eb8253e
landsd/52405:0,,-1_-12,footprint,unassessed,review,native-envelope-differs,,yes,Tower,2.1,landsd,15.4871,b8b325f7bdc8b4350dd3d9cce11f793d509e7ff81d408b6b0ef59222fcd01317
landsd/42643:0,,7_-6,footprint,unassessed,review,source-or-terrain-diagnostic;native-envelope-differs,sampled-roof-partly-below-terrain;sampled-roof-wholly-below-terrain,yes,Tower,2.5,landsd,13.8469,472d0f13731a57d5dd06222e726f7e0d22d9b9a67c474a11eeb2e254c92b3957
landsd/48120:0,,-1_-12,footprint,unassessed,likely-skip,ordinary-surveyed-form-small-native-envelope-difference-low-complexity,,yes,Tower,4.4,landsd,28.449,5f7dc0d3918924b1fff754684903a94348f520907aaf2e7ab11bdd119917e8db
landsd/162738:0,,-2_-9,footprint,unassessed,review,native-envelope-differs;native-mesh-complexity-needs-review,,yes,Tower,8.0,landsd,64.7075,5b7897390d4185169ed8e974385213c69964a3b41c2118f95f2bacce8cf7243b
landsd/110335:0,,1_-3,footprint,unassessed,review,native-envelope-differs;native-mesh-complexity-needs-review,,yes,Tower,3.9,landsd,4.8502,46b102b5c10d3d743e28b89abf7dadb36e41577905ce04d5a537eb6f331571b2
landsd/234456:0,,-8_-11,footprint,unassessed,review,estimated-height;nonordinary-or-support-form;native-source-missing-or-ambiguous,,shed,Temporary Structure,3.5,estimated,43.1898,fd3700f0208142e3599ebead6897a84189a741f141b698cee52ace8fa4da1ee9
landsd/161025:0,,4_-1,footprint,unassessed,review,source-or-terrain-diagnostic;native-envelope-differs,sampled-roof-partly-below-terrain,yes,Tower,2.4,landsd,13.2393,ea2d061d0865e396c8f01dcce73d87a9d182f81175a8d55eca1d86d021e72d34
landsd/170932:0,,-15_0,footprint,unassessed,review,source-or-terrain-diagnostic;estimated-height;nonordinary-or-support-form;native-source-missing-or-ambiguous,sampled-roof-partly-below-terrain;sampled-roof-wholly-below-terrain,roof,Open-sided Structure,3.0,estimated,12.9392,840c051df87b16aa36b38b35585981a8e280155247f1a935e3221ab7fc8336e9
landsd/266336:0,,4_-4,footprint,unassessed,review,source-or-terrain-diagnostic;estimated-height;nonordinary-or-support-form;native-source-missing-or-ambiguous,sampled-roof-partly-below-terrain,shed,Temporary Structure,3.5,estimated,94.0022,ecabd296824d1eb7f733ef189c50e61b240330262c593dd7c7a8a576d31f9af7
landsd/269577:0,,-2_-5,footprint,unassessed,review,source-or-terrain-diagnostic;nonordinary-or-support-form,sampled-base-above-terrain,government,Tower,5.6,landsd,19.3558,4a4354d1c067b5d8ebf7ebbed521ae6f368a0543855e40ed76ecfcec10d714c4
landsd/29320:0,,4_-3,footprint,unassessed,review,native-envelope-differs,,house,Tower,6.8,landsd,39.1173,3886057047c49b6b5d8976934da532373fecd18d46148db326d4b9416ce2ae1a
landsd/135232:0,,-1_-12,footprint,unassessed,review,estimated-height;nonordinary-or-support-form;native-source-missing-or-ambiguous,,house,Temporary Structure,3.5,estimated,44.9913,0a50a494feea4886f9d53fcd0863a8c3a31e8897e3262605102e2c471b0b5e7b
landsd/695:0,Treasure Spot Palace Block 19,1_-11,footprint,unassessed,review,native-envelope-differs;native-mesh-complexity-needs-review,,house,Tower,8.2,landsd,64.4238,5b298bb412945b61c01f66b666484f9564df4d9b10f57c4c4dc78d90be1bcab8
landsd/137131:0,,-8_-7,footprint,unassessed,review,native-mesh-complexity-needs-review,,yes,Tower,6.3,landsd,155.713,d7d6b3c5b938299701d903b4a22efbd542141777398ac0d25a78eeba150e9d34
landsd/142007:0,,-11_-8,footprint,unassessed,review,native-envelope-differs,,yes,Tower,2.1,landsd,15.3616,1222b9224c0d8d9d4b1e633c9e4f1195b6ca41915ab3a470daabe4ca310d0544
landsd/88672:0,,0_-2,footprint,unassessed,review,native-envelope-differs;native-mesh-complexity-needs-review,,yes,Tower,17.8,landsd,77.0648,3a0465c41e6e6571443003f2682a4b3e7884414798f3ba464246dade745ea1a0
landsd/156060:0,,-9_-10,footprint,unassessed,review,native-mesh-complexity-needs-review,,yes,Tower,6.2,landsd,34.7422,2b53350219a6b9a1763fe2aba4f89411d7b5ca36ac2cb7affc73e09137926389
landsd/10942:0,,-4_-13,footprint,unassessed,review,native-envelope-differs,,yes,Tower,3.9,landsd,18.1542,c0f8fc4eeee808368a968e5ffbefff028849076f382c299d753674b3f35679bf
landsd/202678:0,,4_4,footprint,unassessed,review,native-envelope-differs,,yes,Tower,7.3,landsd,39.8171,00ee7ed64bb090fe21256ea68952817c50edd7a7cb5ea9685cd4d69d6c2b023d
landsd/144306:0,,-2_-10,footprint,unassessed,review,native-envelope-differs;native-mesh-complexity-needs-review,,yes,Tower,8.6,landsd,64.8402,7a8aa90146dd8e8d7ae570e4ab68bcd07a1047583fe47024ce624a26bedcb930
landsd/149876:0,CHING CHUNG CARE & ATTENTION HOME FOR THE AGED,-9_-9,footprint,unassessed,review,native-envelope-differs,,yes,Tower,2.3,landsd,5.8392,42bd1c0d06611fd28e69fb1da70d01f25bb720b5ccd6c79bae9a9af19371926c
landsd/195555:0,,-7_2,footprint,unassessed,review,source-or-terrain-diagnostic,sampled-roof-partly-below-terrain;sampled-roof-wholly-below-terrain,yes,Tower,3.9,landsd,12.8176,981682ed37a484ff37936b63209b5d4d7dccd55c20d4426b299170f540ba91e2
landsd/318002:0,,-5_-8,footprint,unassessed,review,native-source-missing-or-ambiguous,,yes,Tower,4.3,landsd,50.0493,952c64daaff205e6e37f4c5042330459d21e3839e6941f310239ec74d0e8a221
landsd/319755:0,,3_0,footprint,unassessed,review,source-or-terrain-diagnostic;native-mesh-complexity-needs-review,sampled-roof-partly-below-terrain;sampled-roof-wholly-below-terrain,yes,Tower,4.4,landsd,126.7631,af54237fc78dc221edf50214274031d78eb9633ece75d361f1b3bf18f85edf5a
landsd/124249:0,Block 4,-5_-12,footprint,unassessed,review,native-mesh-complexity-needs-review,,house,Tower,11.1,landsd,70.9819,f82591d2bd625d0e5211f7e1baa568e97c1c94ea42bbad61378bf0b15fd86005
landsd/113634:0,,-10_-8,footprint,unassessed,review,native-envelope-differs;native-mesh-complexity-needs-review,,yes,Tower,4.1,landsd,37.8194,dd5951cf548a446cfdd8cf1c74b74b01d7960efe713689a149c19e185231eabb
landsd/121742:0,,1_-3,footprint,unassessed,review,source-or-terrain-diagnostic;native-envelope-differs;native-mesh-complexity-needs-review,sampled-base-above-terrain,yes,Tower,3.8,landsd,44.9987,14274f3f185304693b580c4d0f5d890552b3e438e1ff1d671e447280e632e1c2
landsd/257092:0,,-4_-8,footprint,unassessed,review,native-envelope-differs;native-mesh-complexity-needs-review,,yes,Tower,8.2,landsd,63.6247,0ed0f3eb07ffc2774a669d33d100fd145448afd1e595fbea910423c40cd7b54a
landsd/87793:0,Windsor Park Phase 1 Block 10,2_-7,footprint,unassessed,review,source-or-terrain-diagnostic;native-envelope-differs;native-mesh-complexity-needs-review,sampled-base-above-terrain,yes,Tower,9.0,landsd,128.5947,10a284c29bc4e50eb949fa4d2620ebaeea5b0894923909230f30e9793ef886d4
landsd/101717:0,,2_-6,footprint,unassessed,review,source-or-terrain-diagnostic;native-envelope-differs,sampled-roof-partly-below-terrain;sampled-roof-wholly-below-terrain,house,Tower,3.4,landsd,28.0724,68cf96a57f09e9c0046a03172f13a81b563cbd4c81ce118d1a6e6515cb859c2c
landsd/115345:0,,-6_-11,footprint,unassessed,review,native-envelope-differs;native-mesh-complexity-needs-review,,house,Tower,7.5,landsd,42.214,701df9e0c4050020e844a6eede38056bb2bf2eb603e05b3fc8e86673dfe9b063
landsd/323235:0,,-2_-12,footprint,unassessed,review,source-or-terrain-diagnostic,sampled-roof-partly-below-terrain;sampled-roof-wholly-below-terrain,yes,Tower,2.5,landsd,40.136,40e4d627e5ad0a7939eec5465f8d7c939fa8a665bcf8db705e6c65ae742521d3
landsd/236558:0,,-1_-14,footprint,unassessed,review,native-envelope-differs;native-mesh-complexity-needs-review,,yes,Tower,9.0,landsd,34.4398,0835cfd511039667e8f861f8c9a4c2f3e2aa6534433da00cfac3cbc885a3fabe
landsd/28457:0,,-6_-11,footprint,unassessed,review,native-envelope-differs;native-mesh-complexity-needs-review,,house,Tower,6.0,landsd,48.5953,1c2d551add10483f77678560ce269bc68dc4cc3e7ed9332b1f2e4608a174fd8e
landsd/177532:0,Hei Tung House,-12_0,footprint,unassessed,review,large-or-tall-form;native-source-missing-or-ambiguous,,apartments,Tower,93.9,landsd,1234.4339,8e8bafc63d8c8700877b738ce11b51a78158239cb8391a8aea516196cae0955c
landsd/109844:0,,-7_-10,footprint,unassessed,review,native-envelope-differs;native-mesh-complexity-needs-review,,yes,Tower,8.3,landsd,64.1407,383068137020b2b4ac54ba6a8b1a5126e1975863ff9b9665027b71d6e1533190
landsd/275751:0,,-2_-9,footprint,unassessed,review,estimated-height;nonordinary-or-support-form;native-source-missing-or-ambiguous,,shed,Temporary Structure,3.5,estimated,111.8257,6f0f1e446ebc2519f7bc52ffffbc0288becc4ffc496ccbcef7ef4adf21085754
landsd/115287:0,,-8_-8,footprint,unassessed,review,native-envelope-differs;native-mesh-complexity-needs-review,,yes,Tower,8.1,landsd,39.5942,b9dd1f238da623e529c21a47ddf0fb909ea6d19c3250030042425025403dd2a0
landsd/58308:0,,-9_-10,footprint,unassessed,review,native-envelope-differs;native-mesh-complexity-needs-review,,house,Tower,8.1,landsd,64.0614,6b54e50952288106335044eb341f9e3ae7d6111fdaafb6e73e646f08b53e1665
landsd/229562:0,,-16_1,footprint,unassessed,review,source-or-terrain-diagnostic;estimated-height;nonordinary-or-support-form;native-source-missing-or-ambiguous,sampled-roof-partly-below-terrain,shed,Temporary Structure,3.5,estimated,147.4094,6349d000b85c77b2d380bf72aaa8adbafd4c74ec35b48534b3750f5dbbce4163
landsd/81906:0,,-5_-8,footprint,unassessed,review,estimated-height;nonordinary-or-support-form;native-source-missing-or-ambiguous,,roof,Open-sided Structure,3.0,estimated,72.255,a6fc6751227c4ef7686463aefc9ffb91462b26cdc17bef5827fed18296925d1e
landsd/331335:0,,-9_-12,footprint,unassessed,review,estimated-height;nonordinary-or-support-form;native-source-missing-or-ambiguous,,shed,Temporary Structure,3.5,estimated,19.3479,22e9d435851cb01b96c572401a8674a5e9b6ab2e15e58d5b374fef21530cda6e
landsd/340805:0,,-1_-14,footprint,unassessed,review,estimated-height;nonordinary-or-support-form;native-source-missing-or-ambiguous,,roof,Open-sided Structure,3.0,estimated,31.6505,9b54fac546140dcdfcea53d5913f3e5f011b25b709247cad23c5d04bb22ef082
landsd/207912:0,Tai Yuen Villa E20,-6_-11,footprint,unassessed,review,native-envelope-differs;native-mesh-complexity-needs-review,,house,Tower,11.1,landsd,61.752,111ab3dab0e136ded7e3a987ef66169a941768410d389abca27f997c3977285b
landsd/198695:0,Greenery Villa Block 1,-10_-7,footprint,unassessed,review,native-envelope-differs,,house,Tower,7.1,landsd,84.3773,952d571721c6e1bd2a1edc1a00908542c81ae751d23e8192799580248b4f5e61
landsd/318111:0,,5_0,footprint,unassessed,review,estimated-height;nonordinary-or-support-form;native-source-missing-or-ambiguous,,roof,Open-sided Structure,3.0,estimated,298.5674,7362aebca2c1ee1d535270b9164346fe1f1a97286d7d4ee2e90e13a7ea86c5f1
landsd/241110:0,,3_-15,footprint,unassessed,review,source-or-terrain-diagnostic;estimated-height;nonordinary-or-support-form;native-source-missing-or-ambiguous,sampled-base-above-terrain,shed,Temporary Structure,3.5,estimated,12.5485,e004683f2157b1ad3a5db966d374415a5561211e90a231c0c0d76d0cef1c9b78
landsd/197204:0,,-6_-4,footprint,unassessed,review,native-envelope-differs;native-mesh-complexity-needs-review,,apartments,Tower,8.2,landsd,66.7965,9ab178679879421d7eb7406094826dab821206063da81b5dd3cbedb525a62f35
landsd/24737:0,,-3_-12,footprint,unassessed,review,estimated-height;nonordinary-or-support-form;native-source-missing-or-ambiguous,,roof,Open-sided Structure,3.0,estimated,40.307,5b9236c6664c3b4e473a0581611c5f706009af275b4250bad59dd6430e4cb9af
landsd/197963:0,,1_-9,footprint,unassessed,review,estimated-height;nonordinary-or-support-form;native-source-missing-or-ambiguous,,shed,Temporary Structure,3.5,estimated,12.8765,07bb6f2e64ddf648330f496e783bb8bc3ce2a20ba35035adbd62a8b1c30a672c
landsd/60153:0,,-1_-14,footprint,unassessed,review,native-envelope-differs;native-mesh-complexity-needs-review,,yes,Tower,10.4,landsd,28.5621,e9ff1e231f04dab80e9c088d7792b04b71c72a1d6961c360f88be9faff9122b8
landsd/164253:0,,-4_-13,footprint,unassessed,review,native-mesh-complexity-needs-review,,yes,Tower,8.9,landsd,33.8801,aee060f3ddb7d083c12d6d76dd366c9b76dda3949416be226004461936f883ba
landsd/35376:0,,-10_-8,footprint,unassessed,review,native-mesh-complexity-needs-review,,yes,Tower,3.7,landsd,16.7018,e89b7152a0eea43cb4ec36bffcbf4925bfe91b028f54450ccac31e3b11eb8554
landsd/276697:0,,-5_-11,footprint,unassessed,review,estimated-height;nonordinary-or-support-form;native-source-missing-or-ambiguous,,shed,Temporary Structure,3.5,estimated,33.9812,7d06cee50dbec65fd56f934f95a8a4db66e43f99d423efaa50740cf22c2f0180
landsd/318350:0,,-3_-6,footprint,unassessed,review,estimated-height;nonordinary-or-support-form;native-source-missing-or-ambiguous,,roof,Open-sided Structure,3.0,estimated,55.1617,7377652f95c2d41e60cc1246badf15505e8d403dd78fb785258dbb4d915e108d
landsd/270824:0,,-7_-8,footprint,unassessed,review,native-envelope-differs;native-mesh-complexity-needs-review,,house,Tower,8.1,landsd,64.3093,1ad5f97773612707b3df1d532fe491e9b4911e72dd2048169fabcd33bdb13d94
landsd/318799:0,,-7_-9,footprint,unassessed,review,estimated-height;nonordinary-or-support-form;native-source-missing-or-ambiguous,,roof,Open-sided Structure,3.0,estimated,36.4829,27b12af93c03b898b294436cde40b1b6853bb8e52ce89bf0633a29d0c9d8a646
landsd/11352:0,CHUR AVENUE,-4_-12,footprint,unassessed,review,native-envelope-differs;native-mesh-complexity-needs-review,,house,Tower,7.8,landsd,91.6899,b352043da26fd8a5369b176483b8c865f988947675b333eea92d904d747663ca
landsd/302822:0,,0_-12,footprint,unassessed,review,estimated-height;nonordinary-or-support-form;native-source-missing-or-ambiguous,,shed,Temporary Structure,3.5,estimated,35.7481,b98d07538b5576115cca963bf7a37d44fc941f2a0d6f7f6d23f3387e2b02cff8
landsd/262200:0,Shek Kong Barracks Block 61,-4_-9,footprint,unassessed,review,native-source-missing-or-ambiguous,,yes,Tower,4.2,landsd,252.2476,bcd321e6da4a5c23d1a4df54ac2583d159eeb6a53f6e577e32f795ada0368216
landsd/259452:0,,0_-9,footprint,unassessed,review,native-envelope-differs;native-mesh-complexity-needs-review,,house,Tower,8.2,landsd,63.3653,2f42d8bae152d43d0705582238bbc2e114c8c14f57fd4b7f7c2c826f5ba5ef06
landsd/133849:0,,0_-13,footprint,unassessed,review,estimated-height;nonordinary-or-support-form;native-source-missing-or-ambiguous,,shed,Temporary Structure,3.5,estimated,76.6041,1cce6d383eb9e46a7ae88f48d28acd3dce18eed4b5c75ea38ff1bf8d6c4d1f16
landsd/173129:0,Serenity Park I Block 12,0_-10,footprint,unassessed,review,holes-or-missing-footprint;large-or-tall-form;native-envelope-differs;native-mesh-complexity-needs-review,,apartments,Tower,61.8,landsd,390.0579,9f3c6cd4674108260413e5683d1eb9df09b1e7a9003a43cae94a0724f285e103
landsd/298582:0,,-1_-12,footprint,unassessed,review,estimated-height;nonordinary-or-support-form;native-source-missing-or-ambiguous,,shed,Temporary Structure,3.5,estimated,29.4202,4f59e870215eee8224ef5135710d1337d7de881ba1c4cd01fc4f06747f53c91f
landsd/58258:0,,-5_-9,footprint,unassessed,review,estimated-height;nonordinary-or-support-form;native-source-missing-or-ambiguous,,roof,Open-sided Structure,3.0,estimated,36.731,d4f0c033c58ff0ab263cd1d3ac465338fda372e003b0aee06d3e87749337a8f7
landsd/287534:0,Narcissus House,1_-2,footprint,unassessed,likely-skip,ordinary-surveyed-form-small-native-envelope-difference-low-complexity,,apartments,Tower,2.8,landsd,17.1783,9ac388638a646ac97e777b17936ccec4add425772d58c11e3600fee0bd1e1955
landsd/185980:0,,-16_1,footprint,unassessed,review,estimated-height;nonordinary-or-support-form;native-source-missing-or-ambiguous,,shed,Temporary Structure,3.5,estimated,22.2621,795e0965bc3d5dafa82389df997db66de32357c52c5133d0d172db5d08645f56
landsd/149596:0,Chun Hing San Tsuen Block 69,-8_-9,footprint,unassessed,review,native-mesh-complexity-needs-review,,house,Tower,10.7,landsd,71.4574,96adfd9f7e1b07bbf7a07cb8050bd0a6029e07e47e330d1476819cf7a499b800
landsd/131450:0,,2_-8,footprint,unassessed,review,native-envelope-differs;native-mesh-complexity-needs-review,,house,Tower,9.0,landsd,64.2415,c22d9a90be8c3391c6f0bf16574c7c02d3b64d41989b7e428eada8af856b767e
landsd/321377:0,,-2_-13,footprint,unassessed,review,estimated-height;nonordinary-or-support-form;native-source-missing-or-ambiguous,,roof,Open-sided Structure,3.0,estimated,136.0697,ca0e8cf3ac0a5089665185e5c1e788c350081c7de7b7e05321b7f4b7e6c462d6
landsd/47057:0,,-5_-9,footprint,unassessed,likely-skip,ordinary-surveyed-form-small-native-envelope-difference-low-complexity,,yes,Tower,3.4,landsd,44.8575,b8639bdf53cc54eb85312d697a4a6f60aaf951d0718307daf3d4aaf46f544202
landsd/221030:0,,-7_-8,footprint,unassessed,review,estimated-height;nonordinary-or-support-form;native-source-missing-or-ambiguous,,shed,Temporary Structure,3.5,estimated,72.3729,ffb0aa137ef27270f30a6f36e4ab30d003bf16029e0c4cbcf61e6519943e0bf2
landsd/340069:0,,-1_-14,footprint,unassessed,review,estimated-height;nonordinary-or-support-form;native-source-missing-or-ambiguous,,roof,Open-sided Structure,3.0,estimated,117.2586,52601843810e389f33fab5752fe2d8938edb9c0f99850f56b4e90e0b57c5e102
landsd/177725:0,,-1_-10,footprint,unassessed,review,native-envelope-differs;native-mesh-complexity-needs-review,,house,Tower,9.8,landsd,111.3474,020bad45e4a246b93f30f7717c7ee17b7490e1b2ff87432505921c80219ce4c7
landsd/254050:0,COMMERCIAL COMPLEX,2_-3,footprint,unassessed,review,source-or-terrain-diagnostic;native-envelope-differs,sampled-base-above-terrain,yes,Tower,3.4,landsd,50.9776,56b375d6556c07a6ba350d7809007004b0c2b3c5f101850a929d44051a638431
landsd/75886:0,,0_-3,footprint,unassessed,review,source-or-terrain-diagnostic;native-envelope-differs,sampled-roof-partly-below-terrain,yes,Tower,4.8,landsd,149.9251,121e512e71fe23c5a212573e65ae82e86c4f4ce97996c4d37605bc9eabe114de
landsd/162786:0,,-2_-9,footprint,unassessed,review,native-envelope-differs;native-mesh-complexity-needs-review,,yes,Tower,8.1,landsd,65.0923,0e5b62dab2169dc8c2f4a36103b9c5b19668c536ef9b083f944a3537fe02901c
landsd/150532:0,,-7_-8,footprint,unassessed,review,native-envelope-differs,,yes,Tower,3.1,landsd,11.1077,6998fa5107dc7f4111cfa9eda6dbfdd4279327a48f09254dc304b654613022cd
landsd/298334:0,,-8_-8,footprint,unassessed,review,nonordinary-or-support-form;native-source-missing-or-ambiguous,,shed,Temporary Structure,4.4,landsd,765.5095,a8869cca29bcb87941f10fd83f9a6b0a762612b917c8c6753a31f83b183448a8
landsd/152288:0,,-9_-9,footprint,unassessed,review,estimated-height;nonordinary-or-support-form;native-source-missing-or-ambiguous,,shed,Temporary Structure,3.5,estimated,9.0223,75b093f3068caeb297288bc51d8d5458e3a742ef0159860e2a32fdd21aee08d1
landsd/324585:0,Kwan Tak Building,-7_-9,footprint,unassessed,review,source-or-terrain-diagnostic;native-envelope-differs;native-mesh-complexity-needs-review,sampled-base-above-terrain,residential,Tower,10.1,landsd,266.1754,20fd3583bd3264e2ce2957d40b7533b727c0f3154a083c2e4be99c4ac0fa26c1
landsd/50039:0,,-1_-12,footprint,unassessed,review,native-envelope-differs;native-mesh-complexity-needs-review,,house,Tower,8.2,landsd,64.5386,9d3e83991d6898259da5aba5a6beb88d3c6c8c2102dab72d0e91f5fff0a4f4eb
landsd/294845:0,,-5_-12,footprint,unassessed,review,estimated-height;nonordinary-or-support-form;native-source-missing-or-ambiguous,,roof,Open-sided Structure,3.0,estimated,88.2794,b81e40e70a3ed637fae2988c611134cdf7d0c9732f34b443f70cb00332b30f5a
landsd/179969:0,,-5_-9,footprint,unassessed,review,estimated-height;nonordinary-or-support-form;native-source-missing-or-ambiguous,,shed,Temporary Structure,3.5,estimated,108.9508,94b8ce09fc4b348fc9043bd28f66bf3a03df59b9c268255cc60246abada2c065
landsd/69098:0,,1_4,footprint,unassessed,review,source-or-terrain-diagnostic,sampled-roof-partly-below-terrain;sampled-roof-wholly-below-terrain,yes,Tower,2.6,landsd,35.0086,0d2a0b5b655130bf8435ad89806f45622039b36adb3019bdb94b5ba34020d4f0
landsd/262183:0,,0_-13,footprint,unassessed,review,estimated-height;nonordinary-or-support-form;native-source-missing-or-ambiguous,,shed,Temporary Structure,3.5,estimated,75.6842,7345146e74bad9f9435ef9c030b781315e98811bc0081a76296fcceef39c79ed
landsd/82031:0,,-10_-7,footprint,unassessed,review,estimated-height;nonordinary-or-support-form;native-source-missing-or-ambiguous,,shed,Temporary Structure,3.5,estimated,26.5343,a812dcb0352cab27522081cf479988c74b52dee8a5c724a898728eb97fb23e33
landsd/124056:0,,-9_-10,footprint,unassessed,review,native-envelope-differs;native-mesh-complexity-needs-review,,yes,Tower,8.2,landsd,20.5539,2edc81e57a0ed9c3f5e48ae9a252fa20e700bb77decc52d25ed842fee8a49757
landsd/30217:0,,4_-8,footprint,unassessed,review,native-envelope-differs;native-mesh-complexity-needs-review,,apartments,Tower,7.9,landsd,46.7346,35c2caa8dc26606917d542e215d71b92a08f5cd4dd4cb8a4c06cdf2d195d275a
landsd/249568:0,Li Hang Court,1_0,footprint,unassessed,review,source-or-terrain-diagnostic;native-envelope-differs;native-mesh-complexity-needs-review,sampled-base-above-terrain,yes,Tower,20.1,landsd,287.9364,b1db127ccc11a658f327a9dedda9eab4fec0ddc48bb3615aabed48cac1510173
landsd/233262:0,Shek Kong Barracks Block 208,-4_-9,footprint,unassessed,review,native-source-missing-or-ambiguous,,yes,Tower,7.7,landsd,179.325,80e622d70c58dc0ff1c57cf5ad04d8347b5e0e9565c01b8600848f243a034272
landsd/213691:0,,-9_-8,footprint,unassessed,review,native-envelope-differs;native-mesh-complexity-needs-review,,yes,Tower,5.2,landsd,40.76,b1291c57f324c4ebd5ba1d59b8777ebf24c4ab0c27dbf0fec803ee321ad2fbc7
landsd/166295:0,,-1_-10,footprint,unassessed,review,native-mesh-complexity-needs-review,,house,Tower,9.0,landsd,55.8274,7038635f9fa98df41435c8a6c3195573c594b6eb3b4c88092fdc1006a1208f6d
landsd/278373:0,,-7_-8,footprint,unassessed,review,native-source-missing-or-ambiguous,,yes,Tower,8.1,landsd,64.4021,eea6952f60af009fdad5e6a59af3f3f2a2fd86f12df9dcae2de795a8e9698af3
landsd/336767:0,,-2_-13,footprint,unassessed,review,estimated-height;nonordinary-or-support-form;native-source-missing-or-ambiguous,,shed,Temporary Structure,3.5,estimated,141.9797,f5dce1bf031cf6793021a88bed357c22a4ce34526713abd30fe9dca855902943
landsd/23034:0,,-1_-12,footprint,unassessed,review,native-envelope-differs,,yes,Tower,7.7,landsd,37.5772,98f7e1cda2444dc4a7149cc43dfebd044b69e49f5d110022efc3cec2dec343ac
landsd/223601:0,Regalia Bay B28,2_4,footprint,unassessed,review,source-or-terrain-diagnostic;native-envelope-differs;native-mesh-complexity-needs-review,sampled-base-above-terrain,house,Tower,11.4,landsd,89.3866,e9a9f3d3fb3deac721129f04b170842dd0e713d5ac09654857ae8c461c6b0f4f
landsd/36799:0,,-7_-9,footprint,unassessed,review,native-envelope-differs;native-mesh-complexity-needs-review,,yes,Tower,4.2,landsd,73.232,bc0fefb8dc21416d5e28f6c9a18758a95d7f3eab925d97269971934200295618
way/527396852:0,,0_-11,footprint,unassessed,review,estimated-height;nonordinary-or-support-form;native-source-missing-or-ambiguous,,ruins,,24,estimated,49.9,a4a94359faff861ae06c7411b6a5aae0a584af6c3ea76e0ec0064cedc91ef725
landsd/184187:0,,-5_-9,footprint,unassessed,review,estimated-height;nonordinary-or-support-form;native-source-missing-or-ambiguous,,shed,Temporary Structure,3.5,estimated,216.3869,435504630cf5d0adbd837bc6921a9a4dcc77a29700b51e7a8be33b83ab59a57d
landsd/284969:0,,-1_-4,footprint,unassessed,review,estimated-height;nonordinary-or-support-form;native-source-missing-or-ambiguous,,shed,Temporary Structure,3.5,estimated,30.394,6837dc1f9be2a81223f5bff5d11cab2d236f02022cce14e1b28f7b3a2b81362e
landsd/135062:0,,-3_3,footprint,unassessed,review,native-envelope-differs;native-mesh-complexity-needs-review,,house,Tower,9.3,landsd,65.6442,7f0ab7b518217a5838d824582182d797190b7567524ac195e73e53369f2bf89b
landsd/329618:0,,-2_-12,footprint,unassessed,review,estimated-height;nonordinary-or-support-form;native-source-missing-or-ambiguous,,shed,Temporary Structure,3.5,estimated,383.4685,705a1e258bdec192e23c571887a1a6788eddc29c40963ec19a61aa115e9bc11e
landsd/178155:0,MARINA CLUB,-7_-1,footprint,unassessed,review,estimated-height;nonordinary-or-support-form;native-source-missing-or-ambiguous,,roof,Open-sided Structure,3.0,estimated,114.5094,8e2512f35f00bbeda4e610fceca891d3e39a5f18ad06b5942edd96512a9de631
landsd/226312:0,,1_-7,footprint,unassessed,review,estimated-height;nonordinary-or-support-form;native-source-missing-or-ambiguous,,shed,Temporary Structure,3.5,estimated,7.5967,aa25b2825859b3f6f09fa737da86e4de00f3e7d68d73e298120d39cbacbe760d
landsd/140576:0,,0_-5,footprint,unassessed,review,estimated-height;nonordinary-or-support-form;native-source-missing-or-ambiguous,,roof,Open-sided Structure,3.0,estimated,18.8026,3c72232f8992845093bf8ff365ddc3dd93f867a5e7bb34bd8ec855e84f33c462
landsd/168891:0,,-4_-8,footprint,unassessed,likely-skip,ordinary-surveyed-form-small-native-envelope-difference-low-complexity,,yes,Tower,2.3,landsd,22.7212,a0e6b25c7f09a36020215a79adc642e75d195bfb42e729f99ca6f56879b2ac44
landsd/226134:0,Tsui Hong House,4_1,footprint,unassessed,review,large-or-tall-form;native-envelope-differs;native-mesh-complexity-needs-review,,apartments,Tower,85.2,landsd,1191.3996,2fcc63fbb3f67a427c095481a9c05bf3b2dcb98f0a21825f908ca7a05e2a025d
way/544731445:0,,2_-3,footprint,unassessed,review,estimated-height;nonordinary-or-support-form;native-source-missing-or-ambiguous,,yes,,24,estimated,518.35,6a44a208d0e0c5c92e96c88f2717dc5215d5f1d2cd1e4c18a5ad7b3d1e63bb33
landsd/146974:0,,-5_-10,footprint,unassessed,review,estimated-height;nonordinary-or-support-form;native-source-missing-or-ambiguous,,shed,Temporary Structure,3.5,estimated,77.0556,de70be8eca6b4148ef0441992c3198b4677f1462ce8d60dc3f12b2cc77facf1e
landsd/326486:0,,-5_-12,footprint,unassessed,review,estimated-height;nonordinary-or-support-form;native-source-missing-or-ambiguous,,shed,Temporary Structure,3.5,estimated,192.0495,fbd33218d860eb71ea8546cc50fbe89954430a07b8a4316dde94ff15e7e7369a
landsd/176916:0,,0_-13,footprint,unassessed,review,estimated-height;nonordinary-or-support-form;native-source-missing-or-ambiguous,,shed,Temporary Structure,3.5,estimated,109.8922,b93a854e0d6bb748c46b03ab1233776fa80d7d50e65f9eeb10208369b237e3f9
landsd/61038:0,,-1_-14,footprint,unassessed,likely-skip,ordinary-surveyed-form-small-native-envelope-difference-low-complexity,,yes,Tower,5.6,landsd,25.2133,920db10484cdf70ff9b409db60d9287ad737634c59f6439655fe639923ac5cfd
landsd/268214:0,,-5_-8,footprint,unassessed,review,native-envelope-differs;native-mesh-complexity-needs-review,,yes,Tower,8.2,landsd,53.2927,2f92aa419221b4a0f43e4996297b79e01a6a3558da0ec136bad19c501b487993
landsd/169289:0,,5_-8,footprint,unassessed,review,native-mesh-complexity-needs-review,,house,Tower,8.7,landsd,83.3081,17faf126eb3dcde79760f18e1ed11eebbdf0e276c54c725b2cdb8af87123d585
landsd/172492:0,,-8_0,footprint,unassessed,review,estimated-height;nonordinary-or-support-form;native-source-missing-or-ambiguous,,shed,Temporary Structure,3.5,estimated,21.2262,f0209a4547f59341dd61e2223d9cf8bf10f397d9b388a1ace473293df50f48ef
landsd/309067:0,打鼓嶺指揮中心,-1_-14,footprint,unassessed,review,estimated-height;nonordinary-or-support-form;native-source-missing-or-ambiguous,,roof,Open-sided Structure,3.0,estimated,58.7239,c79c8837211bd26676cadcc19b3849daddd98fc5ad1dd72bf5b17ca0bb18b07e
landsd/7064:0,,5_-6,footprint,unassessed,review,native-envelope-differs;native-mesh-complexity-needs-review,,yes,Tower,8.2,landsd,64.0652,81c13dd7460321d0d17650d6273b9579f4362e90710a1a50d49f7b09d0386d31
landsd/251659:0,Shun Cheong Building,0_-3,footprint,unassessed,review,native-envelope-differs;native-mesh-complexity-needs-review,,apartments,Tower,20,landsd,118.6126,4bc2545ee6b1b99a04a0d44c983d6aa9a1f63e678470ee1c6a9d7565cb74c8a9
landsd/167557:0,,-3_-4,footprint,unassessed,review,estimated-height;nonordinary-or-support-form;native-source-missing-or-ambiguous,,roof,Open-sided Structure,3.0,estimated,102.8077,19032127967345f12347abd39d580b0e35483c3e4aa81776929ae2e5b36056a6
landsd/115872:0,,-8_-5,footprint,unassessed,likely-skip,ordinary-surveyed-form-small-native-envelope-difference-low-complexity,,yes,Tower,6.6,landsd,18.3898,e1ac9af6b78234fbe932fd36ab71156b2c63258a1f52baf882a5c742a7616be0
landsd/9885:0,,-9_-11,footprint,unassessed,review,native-mesh-complexity-needs-review,,yes,Tower,8,landsd,28.7965,adb980ea672ac2572a0e0bd7a2c0342370a9dd43f0694712a170128d1618ffe2
way/689396210:0,,0_-3,footprint,unassessed,review,estimated-height;nonordinary-or-support-form;native-source-missing-or-ambiguous,,residential,,24,estimated,158.19,d4d483e7791f136d31b2c3e441a3ea8515f5e0638a9af53ef53e39438afd0f01
landsd/319393:0,MAPLE DRIVE,-3_-11,footprint,unassessed,review,native-envelope-differs;native-mesh-complexity-needs-review,,house,Tower,10.4,landsd,84.5906,162c7322761ba82961d3b86c6b5d5df4310ff1d745801731147a0c34fc82971c
landsd/333021:0,,0_-9,footprint,unassessed,review,estimated-height;nonordinary-or-support-form;native-source-missing-or-ambiguous,,shed,Temporary Structure,3.5,estimated,54.6083,2c80a77321230f291d9baaac837aaf5844274ae380c28674eae6cf3cbc7ec6cb
landsd/224147:0,,-6_-9,footprint,unassessed,review,estimated-height;nonordinary-or-support-form;native-source-missing-or-ambiguous,,shed,Temporary Structure,3.5,estimated,9.3838,fd84c1a50f2fcef4dfbe9f6b8e95c449218da6af6373302c7e8779a4292c4c30
landsd/249277:0,,-3_-13,footprint,unassessed,review,estimated-height;nonordinary-or-support-form;native-source-missing-or-ambiguous,,shed,Temporary Structure,3.5,estimated,21.3107,00eab217d01adba82ee5f407b230e78ee82a6d712401423fc6f2ac4de69b44ad
landsd/249511:0,,-8_-9,footprint,unassessed,review,estimated-height;nonordinary-or-support-form;native-source-missing-or-ambiguous,,shed,Temporary Structure,3.5,estimated,42.1206,314a82c5062658ff2117c79bbada75814cb93b3b89a75d09b7461bb464a9ae0e
landsd/57095:0,,-8_-9,footprint,unassessed,review,native-mesh-complexity-needs-review,,yes,Tower,10.2,landsd,44.019,75ed762f63c82356a311f423ce7daad0c1acc869c50ee2d1d2d4da51e6f191e0
landsd/211431:0,,-5_-9,footprint,unassessed,review,estimated-height;nonordinary-or-support-form;native-source-missing-or-ambiguous,,shed,Temporary Structure,3.5,estimated,88.1297,1726c1ba350c31869923c2a7e9526731cf73faad03183840a9ad59faff3ea445
landsd/139472:0,,-5_-9,footprint,unassessed,review,estimated-height;nonordinary-or-support-form;native-source-missing-or-ambiguous,,shed,Temporary Structure,3.5,estimated,42.2911,5ee4a2501d26810d7390200895bf72ae984b6d83aca4e10910c331150668b0c6
landsd/168133:0,,2_-10,footprint,unassessed,review,native-envelope-differs;native-mesh-complexity-needs-review,,yes,Tower,8.0,landsd,56.6632,237593418cc5c08100e69ecd18337b5c4263c5611cec8a22398e89eccb16a202
landsd/192716:0,,-7_0,footprint,unassessed,likely-skip,ordinary-surveyed-form-small-native-envelope-difference-low-complexity,,yes,Tower,9.7,landsd,31.3839,8aa191edf6f4fa2e936bafb6064176e42fd8afb010e5b861f69d2a40cdccd153
landsd/332983:0,,-9_-8,footprint,unassessed,review,nonordinary-or-support-form;native-source-missing-or-ambiguous,,shed,Temporary Structure,2.8,landsd,29.7621,9094869a44f0aa294b9bff27417b8fb0eb44f56cab214b3863b26fe5744af3a5
landsd/190363:0,,0_-13,footprint,unassessed,review,estimated-height;nonordinary-or-support-form;native-source-missing-or-ambiguous,,shed,Temporary Structure,3.5,estimated,13.7135,042dac2f494b2cab36adca27a4b4dd316adc21acedc5dbcf7c1dd8a7f3487e07
landsd/165630:0,,-10_-8,footprint,unassessed,review,estimated-height;nonordinary-or-support-form;native-source-missing-or-ambiguous,,shed,Temporary Structure,3.5,estimated,48.454,f6d99f87eb03c062713b18315fdb17e02f8b1ba426b1b32096c95472cfbd5721
landsd/210629:0,Fanling Garden Block 4,-2_-12,footprint,unassessed,review,native-envelope-differs;native-mesh-complexity-needs-review,,apartments,Tower,13.2,landsd,220.483,56e6a5a525c512784facd59ea88f6348f2fee3134932ced3dabdbdaaef24e3c2
landsd/307618:0,,-4_-8,footprint,unassessed,review,estimated-height;nonordinary-or-support-form;native-source-missing-or-ambiguous,,shed,Temporary Structure,3.5,estimated,34.4296,c5c1eb48039c0b7733e0288f404701d0d2675b81f2bb5b975c05a48a39c573a5
landsd/29303:0,,-2_-4,footprint,unassessed,review,source-or-terrain-diagnostic;native-envelope-differs,sampled-roof-partly-below-terrain;sampled-roof-wholly-below-terrain,yes,Tower,3.0,landsd,10.9663,cc482bf2a2697750e228c41a9cf1cf28076d04186c5e8d4edf965d00df53046c
landsd/91496:0,,-6_-12,footprint,unassessed,review,estimated-height;nonordinary-or-support-form;native-source-missing-or-ambiguous,,shed,Temporary Structure,3.5,estimated,15.8284,3977ccc6e05b5970d753a8c0c7ac8fe08728f6d4c7ca552b78231cd65df73b1a
landsd/2082:0,,-4_-9,footprint,unassessed,review,native-envelope-differs,,yes,Tower,3.5,landsd,17.3849,4b440730979ceddc598a456a7655300e934543805280e5de584dc645cbf758e4
landsd/63900:0,,-7_-10,footprint,unassessed,review,native-envelope-differs;native-mesh-complexity-needs-review,,yes,Tower,8.2,landsd,64.5005,36871537274a7a5b8d7e56bb54dd45105588162f55137239e2f63f8a2e5673c1
landsd/81263:0,Peace Mansion,0_-2,footprint,unassessed,review,source-or-terrain-diagnostic;large-or-tall-form;native-mesh-complexity-needs-review,sampled-base-above-terrain,residential,Tower,75.6,landsd,221.4476,983d023a17a1513cc812012395cbc52217e734f1287f84086c599a9d102dbf10
landsd/56284:0,In Keen Garden Phase II Block L,-7_-8,footprint,unassessed,review,source-or-terrain-diagnostic;native-envelope-differs;native-mesh-complexity-needs-review,sampled-base-above-terrain,house,Tower,8.2,landsd,59.9448,693ba1a5e49eb2c96a64d7d5228cac781e4e91beee1a9174d405c6a526e078b5
landsd/90722:0,,1_-6,footprint,unassessed,review,estimated-height;nonordinary-or-support-form;native-source-missing-or-ambiguous,,roof,Open-sided Structure,3.0,estimated,19.2011,74f7554844265fdb43f13998d92b31949b2b31de46050371d9601c5f1870b906
landsd/253670:0,,-9_-10,footprint,unassessed,review,native-envelope-differs;native-mesh-complexity-needs-review,,yes,Tower,8.2,landsd,63.7063,b1a0eeb206ee370d5ec5c33f2b8a1506e2e4232d5af3f0eb2c222a12d03d17bf
landsd/188944:0,Shek Kong Camp Theatre,-5_-9,footprint,unassessed,review,native-source-missing-or-ambiguous,,yes,Tower,7.6,landsd,572.6682,c05fcaa313e44c5feabdd110df624cf43f35c21a5089ba1cc8552af8ab3ddf98
landsd/83063:0,Block 5,-10_-8,footprint,unassessed,review,native-envelope-differs;native-mesh-complexity-needs-review,,house,Tower,8.7,landsd,64.0272,746127b191d245f8bcd3e14580567afae31aad8270850f410db4e412367b42fd
landsd/92178:0,,-7_-9,footprint,unassessed,review,native-mesh-complexity-needs-review,,yes,Tower,11.3,landsd,21.8995,b3f0437fb65e6834ffa9da4bf8d5c5737ee9d55a3b05c4920c625be19f5c9fd1
landsd/160498:0,,0_-3,footprint,unassessed,review,native-envelope-differs;native-mesh-complexity-needs-review,,yes,Tower,19.6,landsd,75.1724,59b2503ee6002d441aeb122f5f3a9477b776e444bbf2fba50e1f24a42895599f
landsd/136280:0,,-4_-9,footprint,unassessed,review,native-source-missing-or-ambiguous,,yes,Tower,3.6,landsd,90.626,b0122918521d2e92656b258cf1a2dfacfb23c3589bc3be370f60150d0d334af0
landsd/306660:0,Ta Kwu Ling Ambulance Post,-1_-15,footprint,unassessed,review,source-or-terrain-diagnostic;native-envelope-differs;native-mesh-complexity-needs-review,sampled-base-above-terrain,yes,Tower,6.5,landsd,70.0922,828381cad591580c71ea162432e1326015c14c51baa488b5e3d1f90146b05bc8
landsd/29049:0,,4_-3,footprint,unassessed,review,estimated-height;nonordinary-or-support-form;native-source-missing-or-ambiguous,,house,Temporary Structure,3.5,estimated,8.1352,08486283331848ca3a037fccb8705ad2557a2b47dce06d9c748bec16e106eaf5
landsd/43838:0,,-6_-8,footprint,unassessed,review,estimated-height;nonordinary-or-support-form;native-source-missing-or-ambiguous,,roof,Open-sided Structure,3.0,estimated,104.6797,3fb11360ef93c932090c18f6c64fcc661130d431cf9ee2b208c0ae564733b743
landsd/225059:0,,1_-7,footprint,unassessed,review,estimated-height;nonordinary-or-support-form;native-source-missing-or-ambiguous,,shed,Temporary Structure,3.5,estimated,22.9167,fe628acbaca6e4c9f0900c62471f32ea65201093544ab7acf6b8f9388093ccff
landsd/182373:0,,-1_-14,footprint,unassessed,review,estimated-height;nonordinary-or-support-form;native-source-missing-or-ambiguous,,shed,Temporary Structure,3.5,estimated,62.7166,d9105bc03aea8034670b36cceadbfd47376ac327a000e3a704ed5bd0c2e61e30
landsd/162206:0,,5_-8,footprint,unassessed,review,native-envelope-differs;native-mesh-complexity-needs-review,,apartments,Tower,8.3,landsd,66.7542,b74f6dd6a69a49b29757a9354a4317a539618d668c790ec7ec442bcd9cd0f932
landsd/161295:0,,-4_-11,footprint,unassessed,review,estimated-height;nonordinary-or-support-form;native-source-missing-or-ambiguous,,shed,Temporary Structure,3.5,estimated,38.507,e15b79322baa4b6aa17c3b7795cc6b9e1be5d0b79f671f65358af8261a526e74
landsd/264175:0,House 2,5_-3,footprint,unassessed,review,source-or-terrain-diagnostic;nonordinary-or-support-form;large-or-tall-form;native-envelope-differs;native-mesh-complexity-needs-review,sampled-roof-partly-below-terrain,house,Podium,7.9,landsd,2830.799,4e001c553f092adfeb20e9ed3c16ecc2079d6702e614ca050ac4a7ab01741feb
landsd/65593:0,,2_-11,footprint,unassessed,review,native-mesh-complexity-needs-review,,yes,Tower,9.3,landsd,65.0302,e4069ba1fe4ed85a88412e5878ac24e278f3de1456ecae5615f87fa564693719
landsd/341774:0,,-3_-13,footprint,unassessed,review,estimated-height;nonordinary-or-support-form;native-source-missing-or-ambiguous,,roof,Open-sided Structure,3.0,estimated,93.0437,1b687bcd462671fc286eb0085a01e8cd950415bfb0727809bc55338df1170b08
landsd/137433:0,,2_-3,footprint,unassessed,likely-skip,ordinary-surveyed-form-small-native-envelope-difference-low-complexity,,yes,Tower,10.3,landsd,56.0853,281146dddbaec4ebbaafe8baef0e52ca154e2e193b17594a81b0b669442073cf
landsd/173723:0,,-1_-15,footprint,unassessed,review,estimated-height;nonordinary-or-support-form;native-source-missing-or-ambiguous,,shed,Temporary Structure,3.5,estimated,73.1766,903c8024d6978085f900815b12ec7b41c287cc30ba0331066a6b35716cbfd498
landsd/228912:0,Mei King Mansion Phase 1,1_-2,footprint,unassessed,review,native-envelope-differs,,apartments,Tower,39.7,landsd,50.7998,56716e1d890b6c05c8de1d4bff2174cde187dde3ee8a51a7ef5aada276b5edb4
landsd/75962:0,Kwun Yam Temple,-7_4,footprint,unassessed,review,source-or-terrain-diagnostic,sampled-roof-partly-below-terrain;sampled-roof-wholly-below-terrain,yes,Tower,5.0,landsd,55.7605,3826c3b61236fc3ec573710c086ec3a9b1d6de1c3067598232e084bb8c9c836e
landsd/212157:0,,0_-3,footprint,unassessed,review,estimated-height;nonordinary-or-support-form;native-source-missing-or-ambiguous,,roof,Open-sided Structure,3.0,estimated,104.0888,1dc10a098a4ecf5286958d00f6317edc0e56cc84dce916baf65084d4a51af05d
landsd/17457:0,Chuk Yuen Resite Substation,-1_-15,footprint,unassessed,review,native-envelope-differs,,service,Tower,5.2,landsd,72.568,53410ffc6e6f11705aeae93c717ff6fab270c6e09e29e22a7e169cfb58a26b1c
landsd/202840:0,,-3_-8,footprint,unassessed,review,estimated-height;nonordinary-or-support-form;native-source-missing-or-ambiguous,,roof,Open-sided Structure,3.0,estimated,95.7458,643c720600252e827e533b261441bd14b095960bc6d31f82fd7eb4d64921cdf2
landsd/335133:0,,-6_-4,footprint,unassessed,review,source-or-terrain-diagnostic;native-envelope-differs;native-mesh-complexity-needs-review,sampled-base-above-terrain,yes,Tower,7,landsd,11.0739,07276cc96e558262e1c88e73683949b809718317cb6e24b0b507646e8f78e981
landsd/154226:0,,-9_-12,footprint,unassessed,review,source-or-terrain-diagnostic;native-envelope-differs;native-mesh-complexity-needs-review,sampled-base-above-terrain,yes,Tower,4.7,landsd,37.4336,a7a8bb47172c1f39ffe6a8f6c9248999f6af12a06f694fe6d914d3890cd9ceb0
landsd/72440:0,,-4_-9,footprint,unassessed,review,estimated-height;nonordinary-or-support-form;native-source-missing-or-ambiguous,,roof,Open-sided Structure,3.0,estimated,29.4192,31ac95b94c2376bbd0a0c4396f4ac6ebc4ef290696cd9e3a7f4d931ade78ea73
landsd/198259:0,Tuen Mun Fresh Water Primary Service Reservoir,-9_-7,footprint,unassessed,review,source-or-terrain-diagnostic;native-envelope-differs,sampled-base-above-terrain,yes,Tower,2.9,landsd,52.5729,567188bc0baa6190582c93101dbf5447709a3547907acc9a4359676e57b2baa2
landsd/149683:0,,-8_-9,footprint,unassessed,review,native-mesh-complexity-needs-review,,yes,Tower,8.9,landsd,34.5113,6bbecb374456b37bf7dc3ff0be70bd9684c9bd7a4390d97dbe68ae7c56e83720
landsd/164501:0,,4_-1,footprint,unassessed,review,source-or-terrain-diagnostic,sampled-roof-partly-below-terrain;sampled-roof-wholly-below-terrain,yes,Tower,4.5,landsd,9.5382,75e5b061f6e752197357ae3f4d7ce5aea77c5d6493d04a50345d18f16da2557a
landsd/78133:0,,-7_4,footprint,unassessed,review,native-envelope-differs;native-mesh-complexity-needs-review,,residential,Tower,8.6,landsd,29.3414,d6e5771ac95b8844e0436b8eae92fdfbe1c8953607f3b8fa72ad4bcfb79026d4
landsd/328331:0,MORI House 5,-9_-5,footprint,unassessed,review,native-source-missing-or-ambiguous,,house,Tower,11.2,landsd,73.5006,324b951728b1bfb380ccc8b22f97381ac1524be5c0b1229b71c503a3fa25d7a4
landsd/230200:0,,0_-6,footprint,unassessed,review,source-or-terrain-diagnostic;native-envelope-differs,sampled-roof-partly-below-terrain;sampled-roof-wholly-below-terrain,yes,Tower,3.0,landsd,12.9654,45290362148334cf89f79b525dce88ebeb8d7fb43465dd85d06ac9a767c11bda
landsd/142074:0,,-2_-10,footprint,unassessed,review,native-mesh-complexity-needs-review,,yes,Tower,11.0,landsd,38.0731,eb87f42f0c38a46c8c1c9e78306198ee200b7e43077b2cb3d4a1ef68569ce5cc
landsd/10202:0,,1_-14,footprint,unassessed,review,estimated-height;nonordinary-or-support-form;native-source-missing-or-ambiguous,,roof,Open-sided Structure,3.0,estimated,9.5701,14d507f685269b5f70ce4e2e56f68c50a0869f6f6d3524adaf382ff39397c011
landsd/237152:0,KWAI FAT BUILDING,-2_-5,footprint,unassessed,review,nonordinary-or-support-form;native-envelope-differs;native-mesh-complexity-needs-review,,yes,Podium,11.6,landsd,494.4958,80a08bf5b8ca2ca946d6deee2b51edebcd25e31078c82e4f65a72c4c6f03a51c
landsd/91137:0,,-4_-9,footprint,unassessed,review,native-envelope-differs;native-mesh-complexity-needs-review,,yes,Tower,8.2,landsd,65.0291,c675503eff156672956d2417e90d38669bc7307d093f759378cecf6f01995144
landsd/56380:0,Yuen Long District Office Building,-8_-9,footprint,unassessed,review,estimated-height;nonordinary-or-support-form;native-source-missing-or-ambiguous,,roof,Open-sided Structure,3.0,estimated,39.2334,ad95508ca60ff8fc1ccfb20b8f3d8247017b174182f7d993b6536d10a77f423f
landsd/194258:0,,-10_-6,footprint,unassessed,likely-skip,ordinary-surveyed-form-small-native-envelope-difference-low-complexity,,yes,Tower,6.5,landsd,30.194,e8ff90e291b560b93e73a9a021d52db12a24bb18397fa55f544e6fa60bbf4448
landsd/295289:0,,-1_-4,footprint,unassessed,review,source-or-terrain-diagnostic,sampled-roof-partly-below-terrain;sampled-roof-wholly-below-terrain,yes,Tower,4.0,landsd,61.4247,7cf4a7295cbe4abcedd5303cba715d19d2ed5c1b3b85989359fe009d23a97d73
landsd/40689:0,,5_-6,footprint,unassessed,review,native-envelope-differs;native-mesh-complexity-needs-review,,yes,Tower,7.7,landsd,83.3203,df8bcc64fc7ab0da7acc1a459bbba7e4efbdae199fd445d0e752aa778a77b64d
landsd/138310:0,,-1_-10,footprint,unassessed,review,native-envelope-differs;native-mesh-complexity-needs-review,,house,Tower,11.0,landsd,107.6036,f492401a65050c80a113748542359e6004574cb49b955fe1faa1eeeac985fabc
landsd/50697:0,,-4_-14,footprint,unassessed,review,estimated-height;nonordinary-or-support-form;native-source-missing-or-ambiguous,,shed,Temporary Structure,3.5,estimated,17.4788,3cc44706efa5874b22c6c584964906b902065c56bd316614f3e075e13959434e
landsd/235985:0,,5_-2,footprint,unassessed,review,estimated-height;nonordinary-or-support-form;native-source-missing-or-ambiguous,,roof,Open-sided Structure,3.0,estimated,48.8716,01e08b122a538911881386bf4f3d3146a56ae55e5c374e356da62d12f2df6305
landsd/113288:0,,-5_-8,footprint,unassessed,review,estimated-height;nonordinary-or-support-form;holes-or-missing-footprint;native-source-missing-or-ambiguous,,roof,Open-sided Structure,3.0,estimated,84.8806,54c8fd9931b4492c7de16bd18181cc526b6588e594a06d1f0d7c9b6086e480a0
landsd/177090:0,,-1_-10,footprint,unassessed,review,native-envelope-differs;native-mesh-complexity-needs-review,,house,Tower,9.1,landsd,135.333,8cccb1657844d8abcd6be751eb4194c6d74c6e3e41f677bbea66067d2a23e3a6
landsd/191994:0,,-7_0,footprint,unassessed,review,source-or-terrain-diagnostic;native-envelope-differs,sampled-roof-partly-below-terrain;sampled-roof-wholly-below-terrain,yes,Tower,5.8,landsd,38.6122,6663419c347decc11f1edac6797ff943477016833fcb43c439d42b4ed5905149
landsd/116937:0,Block G,-6_-11,footprint,unassessed,review,native-envelope-differs;native-mesh-complexity-needs-review,,house,Tower,8.5,landsd,64.3799,65689fb36c3fa88b31c19b1354b902c1515c1c1c5d1a83c8799b95b636d2e51f
landsd/143003:0,ESTATE HALL,1_-2,footprint,unassessed,likely-skip,ordinary-surveyed-form-small-native-envelope-difference-low-complexity,,yes,Tower,2.6,landsd,11.1529,30a98b50a8956e15b7645c512ee3fc9b930295edc13ae7849a92594b1d5dac06
landsd/46451:0,,-6_-8,footprint,unassessed,review,estimated-height;nonordinary-or-support-form;native-source-missing-or-ambiguous,,roof,Open-sided Structure,3.0,estimated,22.6188,208838ac15a8e4a7ce52f0dee8af9a770cd58c234c486e9a0929040675efee1c
landsd/14623:0,,-6_-11,footprint,unassessed,likely-skip,ordinary-surveyed-form-small-native-envelope-difference-low-complexity,,house,Tower,6.3,landsd,40.3451,c13e95d8a15d3f5f8c1b48b4fb5a72ccd2789bb9fabbe6b51fecdff17e557f14
landsd/204129:0,,3_-3,footprint,unassessed,review,source-or-terrain-diagnostic,sampled-roof-partly-below-terrain;sampled-roof-wholly-below-terrain,yes,Tower,1.0,landsd,2.0758,7c0c3153883d49d5de8c285e068845cc14ac8b06d3712c7db880c4db83672bd7
landsd/246480:0,Kam Ming Building,0_-9,footprint,unassessed,review,native-envelope-differs;native-mesh-complexity-needs-review,,yes,Tower,23.0,landsd,95.1548,fd7bc87e77cb59d41ac1890c82951b3ec6cc600b033dfd8f2667e5e340b5b578
landsd/301912:0,,-3_-11,footprint,unassessed,review,estimated-height;nonordinary-or-support-form;native-source-missing-or-ambiguous,,shed,Temporary Structure,3.5,estimated,16.0987,f1ac7de715866e3aaf5ad6df961513abbe865cca71a555d7d34b06f10deea44b
landsd/118649:0,,-9_-8,footprint,unassessed,review,native-envelope-differs,,yes,Tower,7.7,landsd,17.3616,b874c354a1d6b1a19fdee5cfafc9929fd2147734a73131f58a1def3f866e6d9a
landsd/143653:0,KADOORIE FARM & BOTANIC GARDEN,-3_-9,footprint,unassessed,review,estimated-height;nonordinary-or-support-form;native-source-missing-or-ambiguous,,roof,Open-sided Structure,3.0,estimated,55.1639,927c2b7347bf1e62f43aa199548030de2c11ad7fe2ebf56ed8f0567bc64603cd
landsd/236181:0,,-9_-8,footprint,unassessed,review,native-envelope-differs;native-mesh-complexity-needs-review,,yes,Tower,4.5,landsd,64.6547,bf1e824d8b69e6b3bee6c29cc5f0bb69a102be56ddb0b41d65061b192f6c816d
landsd/223457:0,,-9_-8,footprint,unassessed,review,estimated-height;nonordinary-or-support-form;native-source-missing-or-ambiguous,,shed,Temporary Structure,3.5,estimated,132.6904,652972f2dae3fefd12edcf8ebabfd70484c56492ad96eecfc4a50c79e11655f7
landsd/220854:0,,-3_-6,footprint,unassessed,review,source-or-terrain-diagnostic,sampled-roof-partly-below-terrain,yes,Tower,2.5,landsd,11.3287,e7d408a5e9b54101bed4a7ebd6c3738faa9ff179d47ce5548a39a2820ca2b7e0
landsd/16407:0,,-2_-13,footprint,unassessed,review,estimated-height;nonordinary-or-support-form;native-source-missing-or-ambiguous,,shed,Temporary Structure,3.5,estimated,11.1101,9d73b0a8101f75e6dc76499c4379014f608cfbc3060972b9aa0c0dc3f5eb80a4
landsd/321275:0,,4_0,footprint,unassessed,review,source-or-terrain-diagnostic,sampled-roof-partly-below-terrain;sampled-roof-wholly-below-terrain,yes,Tower,1.8,landsd,41.028,0830d8d5c23342f982f765d318d55db16d1d04628f9a03aaa14cb81eae6221be
landsd/134569:0,Stanley Court Block 4,2_3,footprint,unassessed,review,native-envelope-differs;native-mesh-complexity-needs-review,,house,Tower,11.8,landsd,56.4728,c75b79555cf71dcaa09ef86c57e57b42c9a2253c6178722e486eb6f61de7c10d
landsd/181625:0,,-3_-13,footprint,unassessed,review,native-envelope-differs;native-mesh-complexity-needs-review,,house,Tower,8.4,landsd,65.2891,5758c0d856d2bc12e904ac41f198fd560941138b1992b3b6e2cd3b1936a05257
landsd/172430:0,Mei Lee Building,0_-10,footprint,unassessed,review,source-or-terrain-diagnostic;native-envelope-differs;native-mesh-complexity-needs-review,sampled-base-above-terrain,apartments,Tower,30.0,landsd,349.2577,a6b5ba2c80c79f31a27e9f357130b9345d57285423a154b8723f22f4510eed70
landsd/331846:0,,-10_-7,footprint,unassessed,review,estimated-height;nonordinary-or-support-form;native-source-missing-or-ambiguous,,shed,Temporary Structure,3.5,estimated,31.1235,ed0807f0ebe778d8a177d72cf981a0c0234dea743b464c797500325333f2336c
landsd/321964:0,,1_-13,footprint,unassessed,review,native-source-missing-or-ambiguous,,yes,Tower,8.3,landsd,65.0198,8827303f1546777daf4ce7534f0678e8472c3bff826c7a70483025a0543d796d
landsd/217692:0,,-9_-11,footprint,unassessed,review,native-envelope-differs;native-mesh-complexity-needs-review,,house,Tower,8.1,landsd,63.5423,aaadfc717bd1bf60cc6cc20b9666a82b2fd15a5d7657ff4ff9df9f90316811fb
landsd/301251:0,,-6_-2,footprint,unassessed,review,source-or-terrain-diagnostic;nonordinary-or-support-form;native-source-missing-or-ambiguous,sampled-base-above-terrain,roof,Open-sided Structure,3.1,landsd,85.3941,0db25091b72ec122a4aff845283aef2a965dbf8be005b796f5a29feb9b8adae4
landsd/82632:0,SHUN LEE SHOPPING CENTRE,3_-3,footprint,unassessed,review,source-or-terrain-diagnostic;native-source-missing-or-ambiguous,sampled-base-above-terrain,yes,Tower,4.5,landsd,9.8856,3b5f0a0e80bba6567baeea083688ff99f9d0c0fd756da5a3011ea79ddf37b5ba
landsd/259449:0,,-7_-8,footprint,unassessed,review,estimated-height;nonordinary-or-support-form;native-source-missing-or-ambiguous,,roof,Open-sided Structure,3.0,estimated,13.2149,4590ab09ac32c63d4804b50f4729e5a4a243830788645a00dbe5aa456f651c76
landsd/16257:0,,-6_-8,footprint,unassessed,review,native-envelope-differs,,yes,Tower,3.5,landsd,12.0702,4ab9c56d68f72abc30f8eed4c54fe814225cbfe938f0de56cd5108acdbddd3e9
landsd/298539:0,,1_-13,footprint,unassessed,review,estimated-height;nonordinary-or-support-form;native-source-missing-or-ambiguous,,shed,Temporary Structure,3.5,estimated,13.2138,8ee8994f326d26a91768e88c8a42af6bd60d88f27e238061eec86f7dac7f91dc
landsd/214400:0,,-10_-8,footprint,unassessed,review,estimated-height;nonordinary-or-support-form;native-source-missing-or-ambiguous,,shed,Temporary Structure,3.5,estimated,44.9116,9f9e5b81b883b3713350c73a6fa20382dc3e0cd301966940164d62d3ed6d660c
landsd/115210:0,,0_-10,footprint,unassessed,review,native-envelope-differs;native-mesh-complexity-needs-review,,residential,Tower,8.1,landsd,64.2433,b68d1fae20982fe598d1fa51c613d5273dcfdc87969f71ddb14fdc427dc1a470
landsd/157789:0,,4_2,footprint,unassessed,review,estimated-height;nonordinary-or-support-form;native-source-missing-or-ambiguous,,house,Temporary Structure,3.5,estimated,43.9685,6ee9d1e09f7443eec83335b084e94aa5ca58d6bab7a157a76d77eb667e31fadf
landsd/59708:0,,-9_-9,footprint,unassessed,review,native-envelope-differs;native-mesh-complexity-needs-review,,yes,Tower,8.9,landsd,64.3342,e3f82d2a0b780e00b2fd7733574b5412e0da86dd7ef36ab992cbb82147141356
landsd/332702:0,,-4_-8,footprint,unassessed,review,source-or-terrain-diagnostic;estimated-height;nonordinary-or-support-form;native-source-missing-or-ambiguous,sampled-roof-partly-below-terrain,shed,Temporary Structure,3.5,estimated,208.4074,dcb2eeb158962ed08efd68aefb302a270d08d72899266e45c0dcd7ea324e0f48
landsd/167950:0,,-11_-6,footprint,unassessed,review,native-envelope-differs,,yes,Tower,4.6,landsd,41.095,bc749d2e2568a5ca8e6459d5bd57fabaa3a7da5a6404504adb5b46b9538557cb
landsd/140627:0,,-1_-3,footprint,unassessed,review,nonordinary-or-support-form;native-source-missing-or-ambiguous,,shed,Temporary Structure,3.0,landsd,57.0565,c951b2e64e50b86550740134432923be0bfa585809c8d4c2e91015bf09c777f6
landsd/105418:0,,2_-4,footprint,unassessed,review,estimated-height;nonordinary-or-support-form;native-source-missing-or-ambiguous,,shed,Temporary Structure,3.5,estimated,10.2755,779c667d61f2908bacc9783886c93cadec1e672c10f57e49b0d16e56ffb91c4c
landsd/221460:0,TUNG PO TOR MONASTERY,-2_-6,footprint,unassessed,review,estimated-height;nonordinary-or-support-form;native-source-missing-or-ambiguous,,roof,Open-sided Structure,3.0,estimated,17.8611,41acde332ef9dc8ff05d7291676ad57a11df222b4b7a9931f05de51e7cdee210
landsd/11018:0,,-3_-11,footprint,unassessed,review,source-or-terrain-diagnostic;native-envelope-differs;native-mesh-complexity-needs-review,sampled-base-above-terrain,yes,Tower,4.2,landsd,42.4749,c952b5fa6e9bf5e838aa834ec301d79540311c77325419dcdd582530c5fac365
landsd/72304:0,MA ON SHAN PARK,3_-8,footprint,unassessed,review,estimated-height;nonordinary-or-support-form;native-source-missing-or-ambiguous,,roof,Open-sided Structure,3.0,estimated,51.3782,08d9045f46d164a0b91aae6f039d9d181e72cea48ce7706b4667870ee9f572c1
landsd/321837:0,,-1_-10,footprint,unassessed,review,estimated-height;nonordinary-or-support-form;native-source-missing-or-ambiguous,,shed,Temporary Structure,3.5,estimated,49.1969,0e5f3b3a4d74a153e2cb362ba97e2b093a7f658981b0a9ec9416f943229b7651
landsd/303143:0,,-7_-11,footprint,unassessed,review,estimated-height;nonordinary-or-support-form;native-source-missing-or-ambiguous,,shed,Temporary Structure,3.5,estimated,120.6413,984d5646c6d3d688e3e7b7109318721b2f14aa7f19ffb584c1d663261d866782
landsd/58611:0,,2_-15,footprint,unassessed,review,native-mesh-complexity-needs-review,,yes,Tower,8.1,landsd,65.0637,c7c342a23225ffb61fdd8fc0d384017ff478fc34592979a23709345957ad6bd1
landsd/213553:0,,-10_-8,footprint,unassessed,review,estimated-height;nonordinary-or-support-form;native-source-missing-or-ambiguous,,shed,Temporary Structure,3.5,estimated,146.5767,ccae7bbde4ab7d4a233f28be270accf7c79a0e1ea42a5b82eb1b5f9061250f3e
landsd/249191:0,,-2_-12,footprint,unassessed,review,native-envelope-differs,,residential,Tower,11.3,landsd,83.5292,727abd2733fd90b41d73458633dd713eea8dd3b1c5e98bc0ccd59506c9cf26b6
landsd/252898:0,,-7_-8,footprint,unassessed,review,estimated-height;nonordinary-or-support-form;native-source-missing-or-ambiguous,,roof,Open-sided Structure,3.0,estimated,71.0975,b559150f4b62f626cacff7a885b9d770ea3f3fae1a502edf8ea8bc066e3ad5ca
landsd/244776:0,,2_-7,footprint,unassessed,review,nonordinary-or-support-form;native-source-missing-or-ambiguous,,shed,Temporary Structure,3.8,landsd,46.786,87efc9a716b8e5dfe50b3875cce35e4775285cabcbb96047f7c2dd74211b4e89
landsd/271543:0,,-10_-8,footprint,unassessed,review,estimated-height;nonordinary-or-support-form;native-source-missing-or-ambiguous,,roof,Open-sided Structure,3.0,estimated,20.4781,35d1ebafc4d561f5051424dc868a00c8a3b4bd3c8aaedcbb714f6ffe02d1b4a2
landsd/293308:0,,-4_-12,footprint,unassessed,review,source-or-terrain-diagnostic;native-source-missing-or-ambiguous,sampled-base-above-terrain,yes,Tower,4.7,landsd,105.3746,775c9e417bcc9c4b229ce49c9da079eccd23df67ca8c03860112134de71a2783
landsd/252836:0,,-8_-9,footprint,unassessed,review,estimated-height;nonordinary-or-support-form;native-source-missing-or-ambiguous,,roof,Open-sided Structure,3.0,estimated,311.9993,fe2d5e3a84d9e0309bfe36fd7e30d5132b0aa7b4712c67c280c731db5d65a8ec
landsd/219789:0,Pik Kwai House,-2_-5,footprint,unassessed,review,source-or-terrain-diagnostic;large-or-tall-form;native-envelope-differs;native-mesh-complexity-needs-review,sampled-base-above-terrain,yes,Tower,115.5,landsd,928.2508,0a3970ab70f0bea9641db17d7fff15c9947d0a819b6a90617fe1d1d108018356
landsd/231532:0,Festival City I Club House,0_-5,footprint,unassessed,review,source-or-terrain-diagnostic;native-envelope-differs;native-mesh-complexity-needs-review,sampled-base-above-terrain,yes,Tower,8.5,landsd,299.7974,f194dc2dfefcf44c4a7e7dfe3596623ffc36fd8b1faa0b10104b0694fd985098
landsd/156017:0,,-7_-10,footprint,unassessed,likely-skip,ordinary-surveyed-form-small-native-envelope-difference-low-complexity,,yes,Tower,8.1,landsd,31.2972,f319560c00b1a4db25414ddef8a8541ee7932e88418330528ad1901b2dd68afd
landsd/115982:0,,-9_-10,footprint,unassessed,review,native-envelope-differs;native-mesh-complexity-needs-review,,yes,Tower,8.2,landsd,44.2716,ecf0bc0cefa725f8a85ae97dba4f5866af1bc09b0f1a6c2f81ab789f604bae12
landsd/53618:0,,-1_-14,footprint,unassessed,review,estimated-height;nonordinary-or-support-form;native-source-missing-or-ambiguous,,shed,Temporary Structure,3.5,estimated,21.3147,96d7e726a08641a1dd56c084d8c42cd2cd10a50afea58bfd4c2fecd1d51060c4
landsd/307599:0,,-9_-8,footprint,unassessed,review,estimated-height;nonordinary-or-support-form;native-source-missing-or-ambiguous,,shed,Temporary Structure,3.5,estimated,43.172,cbff0794d84436a0e4eaa2d5a62dbfc18aa8a6d04ea2cce2ac15537a49b6d630
landsd/194096:0,,-10_-6,footprint,unassessed,review,source-or-terrain-diagnostic;native-envelope-differs,sampled-roof-partly-below-terrain;sampled-roof-wholly-below-terrain,yes,Tower,3.6,landsd,37.1992,cdecc20fa546105415928cc7dde2b780255d2afa30b79ec579cacd01891f7674
landsd/259720:0,,-7_-8,footprint,unassessed,review,estimated-height;nonordinary-or-support-form;native-source-missing-or-ambiguous,,roof,Open-sided Structure,3.0,estimated,8.463,43c8486328793619700efa13068fe38895467931018fd849dbe8714e54d6b474
landsd/134817:0,,3_-7,footprint,unassessed,review,native-envelope-differs;native-mesh-complexity-needs-review,,house,Tower,8.2,landsd,64.3523,a044ea021aeedb2706bd5069019c2749d9a76b525f9925dd98543097b8c4e065
landsd/300926:0,,-11_-1,footprint,unassessed,review,source-or-terrain-diagnostic,sampled-base-above-terrain,yes,Tower,3.3,landsd,18.2393,06d96e2701e56d307ee47439d979da6ff35bf12dacd1d248e9dd92df22d111fb
landsd/199447:0,,-2_-4,footprint,unassessed,likely-skip,ordinary-surveyed-form-small-native-envelope-difference-low-complexity,,yes,Tower,17.6,landsd,15.2306,90a3d6d3aa8779edfde393d2641580d11be873044cea7cf4c97c2384adffd731
landsd/293047:0,,-9_-10,footprint,unassessed,review,estimated-height;nonordinary-or-support-form;native-source-missing-or-ambiguous,,roof,Open-sided Structure,3.0,estimated,141.2554,4027bbcf1d07b12fbaaaf7328d9fe145d7d101e4cb0f74a5248eb76916c625c5
landsd/91269:0,Wing On House,0_-2,footprint,unassessed,review,native-envelope-differs;native-mesh-complexity-needs-review,,yes,Tower,33.3,landsd,41.8577,8c93acc3c1c6aa92b6ee8a09da58c9da1078ca94d2c0ac2d21024c3631951874
landsd/224170:0,,-1_-10,footprint,unassessed,review,native-envelope-differs;native-mesh-complexity-needs-review,,semidetached_house,Tower,11.6,landsd,53.3535,83830ae0b46ad866c8429f214f688c05d2855e718cd73c484f493b99215bd82e
landsd/327608:0,,-4_-9,footprint,unassessed,review,estimated-height;nonordinary-or-support-form;native-source-missing-or-ambiguous,,roof,Open-sided Structure,3.0,estimated,12.6611,b7e1bb89445af0256689073a088eed42e65b611947796d1bfd6fd1daef68d18d
landsd/135192:0,IC Development Centre,2_-8,footprint,unassessed,review,large-or-tall-form;native-envelope-differs;native-mesh-complexity-needs-review,,office,Tower,38.8,landsd,1744.6755,51bb9a7163851d771de115d7a5a974b978f4cbb13c7d66e197371aeb565139f3
landsd/309861:0,,1_1,footprint,unassessed,review,source-or-terrain-diagnostic;native-mesh-complexity-needs-review,sampled-roof-partly-below-terrain;sampled-roof-wholly-below-terrain,yes,Tower,3.0,landsd,57.4128,53d8b5f1bf69f5d955b968cafc7606fa524781b823ca0282ede842084d8fbb6f
landsd/108580:0,,4_-8,footprint,unassessed,review,source-or-terrain-diagnostic,sampled-roof-partly-below-terrain;sampled-roof-wholly-below-terrain,service,Tower,5.8,landsd,27.1235,21660dc8a08e7fd1ccc01d6324c74ef60657546412e2d4e96f1cb927e5b8ecae
landsd/284253:0,,-10_-8,footprint,unassessed,review,estimated-height;nonordinary-or-support-form;native-source-missing-or-ambiguous,,shed,Temporary Structure,3.5,estimated,34.3951,8fde64903939b0ee26dfa61f2f656338b85859bd765e73fd8c7d3d150d8401bb
landsd/285255:0,,-13_3,footprint,unassessed,review,native-envelope-differs;native-mesh-complexity-needs-review,,yes,Tower,8.3,landsd,66.1549,828767764030b87121d14f4efa90bfe0a30a637db63f8053401512de40596845
landsd/174097:0,,-1_-14,footprint,unassessed,review,native-envelope-differs,,yes,Tower,2.5,landsd,10.2801,024d4330062a44c236ccca88002b36fc66798a81b30669468e099ee6ec53016f
landsd/304820:0,,-5_-7,footprint,unassessed,review,estimated-height;nonordinary-or-support-form;native-source-missing-or-ambiguous,,roof,Open-sided Structure,3.0,estimated,840.1324,49a1d3aee0bd298e7f840b1cbec0dd6a80ab9263a3cde500c83de4c047309548
landsd/175453:0,,0_-13,footprint,unassessed,review,source-or-terrain-diagnostic;native-envelope-differs,sampled-roof-partly-below-terrain,yes,Tower,2.4,landsd,27.9399,967291aa66f47216bb37e96652fd8430c03021fc85c5d83ef9e6e9df0da7d57b
landsd/295801:0,,2_-11,footprint,unassessed,review,estimated-height;nonordinary-or-support-form;native-source-missing-or-ambiguous,,shed,Temporary Structure,3.5,estimated,48.3785,6e2547a397909d41e78df8c49eef74bece7603137d4d95ee2b1e5cdbcafc0a9a
landsd/200771:0,,-13_-6,footprint,unassessed,review,native-envelope-differs,,yes,Tower,7.4,landsd,64.2364,cf076b6ba7eb6093e8c9606fe12f780cadb6d218c2bce61dc791b2d344da997a
landsd/300907:0,,-10_-10,footprint,unassessed,review,estimated-height;nonordinary-or-support-form;native-source-missing-or-ambiguous,,shed,Temporary Structure,3.5,estimated,81.9382,41bae91c13ea254ddd1baa3d61c6d755aee2d0aa7299ae7505164b94e0786f90
landsd/100015:0,,0_-2,footprint,unassessed,review,native-envelope-differs;native-mesh-complexity-needs-review,,yes,Tower,21.6,landsd,78.8376,e428580c5e741ee7d77122379ddc655ba60caf2d22373b2d54d2a9a9e812c1da
landsd/22733:0,,4_-12,footprint,unassessed,review,source-or-terrain-diagnostic;native-envelope-differs;native-mesh-complexity-needs-review,sampled-roof-partly-below-terrain,house,Tower,8.2,landsd,32.3068,09d8d2246aa0f65dfdd653451430c9dffce50855675610c4667a03a726d32959
landsd/53123:0,,-5_-7,footprint,unassessed,review,native-mesh-complexity-needs-review,,house,Tower,9.1,landsd,64.4947,1ee846070ae473c872223c963992979847758eee0d95b678c9ecdde682bf4a87
landsd/49254:0,Tam Kung Temple Shau Kei Wan,3_0,footprint,unassessed,review,native-mesh-complexity-needs-review,,yes,Tower,7.5,landsd,307.2273,2ef4da01da738db0791ce17f69d076a54e6b3d40029b191a7e7f5d72bfb4e925
landsd/263799:0,,-6_-10,footprint,unassessed,review,estimated-height;nonordinary-or-support-form;large-or-tall-form;native-source-missing-or-ambiguous,,shed,Temporary Structure,3.5,estimated,2003.3154,e823ed46d127b20ceedb5b17f6790b4e8586beb1c5cb12458356b5843fe6c2e1
way/196853635:0,,7_5,footprint,unassessed,review,estimated-height;nonordinary-or-support-form;native-source-missing-or-ambiguous,,yes,,24,estimated,86.425,36d56ee1b279eece474320de084f07b63a68c340a9422c2b7cc16bb72cfdc835
landsd/331027:0,,-2_-5,footprint,unassessed,review,nonordinary-or-support-form;native-source-missing-or-ambiguous,,roof,Open-sided Structure,2.5,landsd,38.4422,8f49bfaf69e0b982846f983455d8d5cd6a1a95e8961cea2562d2f258959b628b
landsd/114119:0,,5_-2,footprint,unassessed,likely-skip,ordinary-surveyed-form-small-native-envelope-difference-low-complexity,,yes,Tower,3.3,landsd,11.3883,c8ac4adaa705d83d96f0a4f2aa3eb208fb6349a21be2ed23e267e668f60d78a9
way/365790358:0,,-3_-13,footprint,unassessed,review,estimated-height;nonordinary-or-support-form;large-or-tall-form;native-source-missing-or-ambiguous,,yes,,24,estimated,2675.76,638fd21799d6da82450ee48514bdaaf0a8693eb16025aa3bba0003a9d94e0055
landsd/252311:0,Wong Tze Building,3_-2,footprint,unassessed,review,native-envelope-differs;native-mesh-complexity-needs-review,,yes,Tower,46.2,landsd,913.0205,4e44bff4c329a548895ecdab8c34a8dd6b2eddd0de9981dce0e98925077bbc8a
landsd/27257:0,,5_-5,footprint,unassessed,review,source-or-terrain-diagnostic;native-envelope-differs,sampled-roof-partly-below-terrain;sampled-roof-wholly-below-terrain,yes,Tower,2.5,landsd,16.6352,abaf6ec909d7a2c63802991818d07185004fad56985b6b8ac899d402edee515d
landsd/180078:0,CRAIGENGOWER CRICKET CLUB,1_0,footprint,unassessed,likely-skip,ordinary-surveyed-form-small-native-envelope-difference-low-complexity,,yes,Tower,4.7,landsd,40.5425,d0554c488d49b84c0608be1e04c1226b48e2bea46bcb5c4c1edac1904dbe21b7
landsd/38685:0,,-7_-11,footprint,unassessed,review,native-envelope-differs;native-mesh-complexity-needs-review,,house,Tower,6.5,landsd,51.8689,b956d7c3fd497aa42206540e1efd88c33677ccc5e6d4712ab9f6b48fa67b849e
landsd/28842:0,,4_-4,footprint,unassessed,review,source-or-terrain-diagnostic;estimated-height;nonordinary-or-support-form;native-source-missing-or-ambiguous,sampled-roof-partly-below-terrain,roof,Open-sided Structure,3.0,estimated,80.3555,cda609e236515cdb9a00288db1588f052d4347bcbe9fc9178fd25015ffdf9571
landsd/32262:0,,1_-14,footprint,unassessed,review,estimated-height;nonordinary-or-support-form;native-source-missing-or-ambiguous,,roof,Open-sided Structure,3.0,estimated,159.2308,5ec9b8360e0ad9f306c2b8ec41f6c9c81e81c9a32ce18bf264b6dab0f362c884
landsd/97643:0,DELIGHTFUL MANSION,1_-1,footprint,unassessed,review,source-or-terrain-diagnostic;estimated-height;nonordinary-or-support-form;native-source-missing-or-ambiguous,sampled-roof-partly-below-terrain,apartments,Open-sided Structure,3.0,estimated,59.2367,fcd569cb951ff01893733e78a48e820acf6f617ff8dcaa6d5318385faf079621
landsd/318664:0,,-1_4,footprint,unassessed,review,estimated-height;nonordinary-or-support-form;native-source-missing-or-ambiguous,,roof,Open-sided Structure,3.0,estimated,30.8704,dee6e32448d23c71fd369306d7aafc6f605a889f281f38398dfd4d079ef867cd
landsd/237179:0,,-2_-11,footprint,unassessed,review,estimated-height;nonordinary-or-support-form;native-source-missing-or-ambiguous,,roof,Open-sided Structure,3.0,estimated,47.0113,3ce235d69fc0e6aba5d2dac0d098df2afec74c102d4f19f81e85c12777c50451
landsd/333869:0,,3_-11,footprint,unassessed,review,nonordinary-or-support-form;native-source-missing-or-ambiguous,,shed,Temporary Structure,3.1,landsd,12.2802,0bdc16c40cc29ea81dbaa01966e00c3e74776abe66e17d482fa98e7fc014acd6
landsd/44573:0,,-6_-10,footprint,unassessed,likely-skip,ordinary-surveyed-form-small-native-envelope-difference-low-complexity,,yes,Tower,5.5,landsd,61.2815,4bb4273de0fa0016689ab077af7e05f32fbe3c6a0c58006f8c87ff6598ff6c35
landsd/3855:0,,-1_2,footprint,unassessed,review,native-envelope-differs;native-mesh-complexity-needs-review,,residential,Tower,21.6,landsd,50.63,a5a74873240533fbba94785642b6ce15cff771b5ea4c4fff5918860170b6da10
landsd/117224:0,,-9_-12,footprint,unassessed,review,estimated-height;nonordinary-or-support-form;native-source-missing-or-ambiguous,,roof,Open-sided Structure,3.0,estimated,18.133,945db0a358c56d24bbd38c22580cb4d56d3f6a482259c5db4aa48dfe39691a43
landsd/301048:0,Block 77,-6_-11,footprint,unassessed,review,native-envelope-differs;native-mesh-complexity-needs-review,,house,Tower,8.2,landsd,64.3471,b0b1e96f7fb9a17660498aaebb6f98b2fc960ccd4f1d73d0b5a801ddf67e6a15
landsd/172676:0,,-1_-13,footprint,unassessed,review,native-envelope-differs,,yes,Tower,7.8,landsd,58.5334,a95e314f3d3a71ca4804a5d82631c981f3d892e414e9c9e8255c6ac41c0ed9fd
landsd/282427:0,,-9_-9,footprint,unassessed,review,estimated-height;nonordinary-or-support-form;native-source-missing-or-ambiguous,,shed,Temporary Structure,3.5,estimated,118.5215,bca91298a616c5d4b5dccf4fdf7f45a04e5a0a792cc5da9597adf5d22a113419
landsd/261514:0,,-12_3,footprint,unassessed,review,nonordinary-or-support-form;native-source-missing-or-ambiguous,,roof,Open-sided Structure,3.5,landsd,64.5763,421c8db2348a9f776bd80266bdd566b9b874735447fd181548970d74ee05bbab
landsd/282726:0,,-13_-6,footprint,unassessed,likely-skip,ordinary-surveyed-form-small-native-envelope-difference-low-complexity,,yes,Tower,6.7,landsd,37.4713,f9b7a22a416c5b7a8f206b2c44b8c6fc913259690f375912037c3971d35a4a5d
landsd/332692:0,,-4_-8,footprint,unassessed,review,estimated-height;nonordinary-or-support-form;native-source-missing-or-ambiguous,,shed,Temporary Structure,3.5,estimated,142.7926,da85889eaead8f8cb2b7b01a2b8ba86a19910071853d9afc51346ba9ab86d90d
landsd/126676:0,,-6_-11,footprint,unassessed,review,native-envelope-differs;native-mesh-complexity-needs-review,,house,Tower,7.4,landsd,48.3991,f6cf239917a546bff6c7e3743682707a295156f3ebdc75c54d43a3db0913aa5f
landsd/169532:0,,-4_-9,footprint,unassessed,review,estimated-height;nonordinary-or-support-form;native-source-missing-or-ambiguous,,shed,Temporary Structure,3.5,estimated,50.2976,035bcfe7cb90f9d5a92647281f96044716b88a1b81b825f645c6170cc8ac0c3e
landsd/15310:0,,0_-14,footprint,unassessed,review,estimated-height;nonordinary-or-support-form;native-source-missing-or-ambiguous,,roof,Open-sided Structure,3.0,estimated,132.7789,6961fdc5c0e9d3a3af37a99be5c6f0c3965cf0236b60a515538b499e0895607d
landsd/74488:0,,0_-13,footprint,unassessed,review,native-envelope-differs;native-mesh-complexity-needs-review,,house,Tower,7.9,landsd,64.8339,eaf506d4ff9f13acb8020b75d5161defef4b85abd71c8370161e7674d9ae1c58
landsd/124334:0,,-9_-11,footprint,unassessed,review,native-mesh-complexity-needs-review,,yes,Tower,9.8,landsd,30.7137,f9e231528409e6f467c6de0cf25497ab9f0c5af67c546625da3c18e8372d59a7
landsd/86070:0,,-1_-15,footprint,unassessed,review,source-or-terrain-diagnostic;native-mesh-complexity-needs-review,sampled-base-above-terrain,yes,Tower,3.0,landsd,10.6544,3baeacc3548da20921f396055eb66ea90adc1198f415b95e96fc32dc873b39dd
landsd/295066:0,,-2_-4,footprint,unassessed,review,estimated-height;nonordinary-or-support-form;native-source-missing-or-ambiguous,,shed,Temporary Structure,3.5,estimated,540.8533,a6b6f9a2967a853cec28e2f148ef1c85112de763c4e2f436f7cf9c4b7a4f8d55
landsd/223088:0,JORDAN VALLEY PARK,3_-3,footprint,unassessed,likely-skip,ordinary-surveyed-form-small-native-envelope-difference-low-complexity,,yes,Tower,4.6,landsd,60.6289,276b0a19a5f09bb443d6772ca9ff3e1b96fe90cadf8e4b90d44027dc368622ab
landsd/132519:0,,2_-4,footprint,unassessed,review,native-envelope-differs,,yes,Tower,2.2,landsd,5.4479,f090be3e4d6ca3634dacc1cf6066ec85363f2fed7eeda999b20a65fd247a6896
landsd/58074:0,,-2_4,footprint,unassessed,review,source-or-terrain-diagnostic;native-envelope-differs;native-mesh-complexity-needs-review,sampled-roof-partly-below-terrain,yes,Tower,7.9,landsd,45.5317,659e540be2ab20c5f958d38b2af92bf5a8cfae3982ed716ce230c2ca83bb6b25
landsd/341134:0,,5_-1,footprint,unassessed,review,nonordinary-or-support-form;native-source-missing-or-ambiguous,,shed,Temporary Structure,7.4,landsd,108.7751,7eef312bacbf06af194b4b6e734c8f57a547f8c6039a799c04f3ed4102123d8e
landsd/260957:0,,1_-3,footprint,unassessed,review,estimated-height;nonordinary-or-support-form;native-source-missing-or-ambiguous,,roof,Open-sided Structure,3.0,estimated,36.0974,25ccaf180da7c4ba2c04e106a07cd3b3b083d1a8767709d660edf36ea9a83498
landsd/279593:0,,-5_-11,footprint,unassessed,review,source-or-terrain-diagnostic,sampled-base-above-terrain,yes,Tower,3.8,landsd,33.1981,e606aaef55ff29ad8e1fbe91807aeb0e7e28d6f107da103277825c086f426214
landsd/3151:0,Hong Kong Nursing Home,0_-3,footprint,unassessed,review,native-envelope-differs;native-mesh-complexity-needs-review,,yes,Tower,9.9,landsd,220.2334,0c86ad93731949cbb6fb3a710a84abb4e6234754ad42b434366eaa1524994d50
landsd/339030:0,,-3_-11,footprint,unassessed,review,estimated-height;nonordinary-or-support-form;native-source-missing-or-ambiguous,,shed,Temporary Structure,3.5,estimated,73.3468,59e1d128fd07eaec4e1a5c1617f51bd62a312dd7422cff54806e80af5392f49d
landsd/34018:0,,5_-6,footprint,unassessed,review,native-envelope-differs;native-mesh-complexity-needs-review,,yes,Tower,8.5,landsd,63.9304,94cc240f0cbb6e0ef52587f0c57089825ef0cb566338c72d999ff17e4c28c65b
landsd/106151:0,,-10_-7,footprint,unassessed,review,estimated-height;nonordinary-or-support-form;native-source-missing-or-ambiguous,,shed,Temporary Structure,3.5,estimated,48.218,b408d81c25c2733a5fc18c82196e690dfecbc2f3e737f2b671d7d58f8943156c
landsd/290009:0,,-1_-11,footprint,unassessed,review,estimated-height;nonordinary-or-support-form;native-source-missing-or-ambiguous,,roof,Open-sided Structure,3.0,estimated,56.6752,ac50357618057cdd33510d5d7e5260dea7be054e6f822c3b6b1e6bc73b2c1a03
landsd/260018:0,,4_-3,footprint,unassessed,review,estimated-height;nonordinary-or-support-form;native-source-missing-or-ambiguous,,shed,Temporary Structure,3.5,estimated,113.8661,c4f7a7ae79cc9e8e927b835c98428f5969de47b7f8d6dd2f9dcebb614de87e54
landsd/39854:0,BAHANS AVENUE,-5_-11,footprint,unassessed,review,native-mesh-complexity-needs-review,,house,Tower,9.9,landsd,76.4444,04789cb8c238db86806b09480de4d1696202df9adb4977140ca4e64bdaa0c1ea
landsd/82926:0,Fontana Villa Block H-J,-8_-5,footprint,unassessed,review,native-envelope-differs;native-mesh-complexity-needs-review,,apartments,Tower,10.4,landsd,514.0494,3984703a115c7a4c27721ba180f306f1f243d08edda63bb8a02560684d4905df
landsd/293492:0,,-7_-8,footprint,unassessed,review,estimated-height;nonordinary-or-support-form;native-source-missing-or-ambiguous,,roof,Open-sided Structure,3.0,estimated,87.1284,2700e6b8ecbeba0554119edbe22c6938904745d24d83b4549df2223a0bb2024b
landsd/228792:0,,-2_-13,footprint,unassessed,likely-skip,ordinary-surveyed-form-small-native-envelope-difference-low-complexity,,yes,Tower,4.5,landsd,32.1609,c68ad410bf92a15048c9ffd7ad0f4278e8acc17ba38f29959c39a7903eeeb63e
landsd/109388:0,,6_-1,footprint,unassessed,review,source-or-terrain-diagnostic;native-envelope-differs;native-mesh-complexity-needs-review,sampled-roof-partly-below-terrain;sampled-roof-wholly-below-terrain,house,Tower,6.2,landsd,59.3039,308567a9d4cb69f30f511375741f85224d888d66131a9f3f36c82337cd777e5d
landsd/146328:0,,-12_-5,footprint,unassessed,review,nonordinary-or-support-form;native-source-missing-or-ambiguous,,shed,Temporary Structure,5.6,landsd,662.0152,579e1c4d7a125ea5b1501c22fd38db1b389a507107bdf79a6cb42669d86358df
landsd/244329:0,Ming Wong Garden Block 37,-10_-7,footprint,unassessed,review,native-envelope-differs;native-mesh-complexity-needs-review,,house,Tower,8.2,landsd,64.4663,d7dd65044e0bd6f86a5bb9b8a6674ab4e3b3b6c99fe373a1221859a733e55bed
landsd/313009:0,,4_-8,footprint,unassessed,review,native-source-missing-or-ambiguous,,yes,Tower,13.2,landsd,9.8594,59fd9081f00534e4c6f4da420ca976de2cc4923b55c6bf41089ad7588bcf17db
landsd/250528:0,,-2_-13,footprint,unassessed,review,native-envelope-differs,,yes,Tower,4.0,landsd,9.317,b861f2843bef10b22a1a7d661962fda960f0b39d007a4b9d3b8c863929767619
landsd/105993:0,Lei Wong House,4_-1,footprint,unassessed,review,source-or-terrain-diagnostic;large-or-tall-form;native-envelope-differs;native-mesh-complexity-needs-review,sampled-base-above-terrain,yes,Tower,100.5,landsd,539.0339,cf8be33c4a8719861733817ea8ff0daaa2f71eba1fef14415281e4ab15cf8e93
landsd/226539:0,LA HACIENDA,-1_1,footprint,unassessed,review,source-or-terrain-diagnostic;estimated-height;nonordinary-or-support-form;native-source-missing-or-ambiguous,sampled-roof-partly-below-terrain,shed,Temporary Structure,3.5,estimated,14.9687,c3899f7e5655ad5caa129504f8448944f425a71a17a842f66bb33852602e19c7
landsd/237450:0,,-7_-11,footprint,unassessed,review,estimated-height;nonordinary-or-support-form;native-source-missing-or-ambiguous,,shed,Temporary Structure,3.5,estimated,20.6162,bae95d5b83f54e2eca18cda94cf7d3e84e19675c088c875c633439d2715bd70c
landsd/224788:0,,-7_-8,footprint,unassessed,review,estimated-height;nonordinary-or-support-form;native-source-missing-or-ambiguous,,shed,Temporary Structure,3.5,estimated,11.1068,a04e3cacb796b78e3ce8911ed42745a759175687d755754a79a99ae6c3a08d47
landsd/73765:0,,-6_-8,footprint,unassessed,review,source-or-terrain-diagnostic;native-envelope-differs,sampled-base-above-terrain,yes,Tower,4.0,landsd,13.0729,cce5aeeb72f23290c0c4e28a56b46b185c7bddc3a2b20da0ccd8d29d8ac8712a
landsd/36926:0,,-8_-8,footprint,unassessed,review,native-envelope-differs,,yes,Tower,3.5,landsd,22.9273,c87b3310d10f817500bcfe35eb90b51242f39da8f88110413b412d9a47acadd7
landsd/243133:0,,-2_-12,footprint,unassessed,review,native-mesh-complexity-needs-review,,yes,Tower,14.5,landsd,104.8853,80ae8cd58e212abdfe89170f268ce1616519698cd414034dbde8ad512d1c95ba
landsd/61692:0,,3_-15,footprint,unassessed,review,native-envelope-differs;native-mesh-complexity-needs-review,,yes,Tower,8.3,landsd,64.5533,f5e76736a13e901aa9b6bd1cbb5d4841bae597e7b490531b5b82453c9ec26801
landsd/118340:0,New Cha Kwo Ling Ventilation Building,3_-1,footprint,unassessed,review,native-envelope-differs;native-mesh-complexity-needs-review,,yes,Tower,12.5,landsd,794.2687,6323eb49a079554de93bdddcc4003126444ca9af52be8bc0c517f7a954c45686
landsd/134264:0,,2_-6,footprint,unassessed,review,estimated-height;nonordinary-or-support-form;native-source-missing-or-ambiguous,,shed,Temporary Structure,3.5,estimated,22.0521,e6a8c47b4c19e61b8d85268935a33acb5cf06fbf2305b4e5494f8874f2967c79
landsd/123245:0,CARITAS LING YUET SIN KIDERGARTEN,-2_0,footprint,unassessed,likely-skip,ordinary-surveyed-form-small-native-envelope-difference-low-complexity,,commercial,Tower,7.9,landsd,34.0342,1a614c7f09f000e9d779a1b3fbd607a94834e810b14017f052757c4957a63440
landsd/211341:0,,-7_-8,footprint,unassessed,review,estimated-height;nonordinary-or-support-form;native-source-missing-or-ambiguous,,roof,Open-sided Structure,3.0,estimated,15.0956,4ea0b94db8105f22545fe424123182f1e1fb081df316b96316f8464388a994d5
landsd/105795:0,,-2_2,footprint,unassessed,review,source-or-terrain-diagnostic;native-mesh-complexity-needs-review,sampled-roof-partly-below-terrain;sampled-roof-wholly-below-terrain,yes,Tower,4.0,landsd,67.4758,2cad56096af5188c084d3dd4bc70acb358cd810ff549ca4e3f4e0eb9af940b3a
landsd/103061:0,,-5_-9,footprint,unassessed,review,native-mesh-complexity-needs-review,,house,Tower,8.5,landsd,36.9834,344ad0202a7e5da85950b46eeb31a5c1660da43ef06c3e68451c39c44f4af8f3
landsd/98123:0,,2_3,footprint,unassessed,likely-skip,ordinary-surveyed-form-small-native-envelope-difference-low-complexity,,yes,Tower,6.3,landsd,63.9784,e3ed30f2bb3b0687f0fb3cecfccc880ad8d11e9007b81e98f035ac33c6eeeb3d
landsd/138836:0,,-4_-9,footprint,unassessed,review,estimated-height;nonordinary-or-support-form;native-source-missing-or-ambiguous,,shed,Temporary Structure,3.5,estimated,183.6893,1f6a698810e47d0710e21d91348c0084bcf384f9ba770d6b0258ca68c5ba34e5
landsd/104460:0,,-6_-11,footprint,unassessed,review,native-envelope-differs;native-mesh-complexity-needs-review,,house,Tower,9.9,landsd,33.8756,ef42238baea2a1ef44b7d98350cac8a152f8b213c3680fa1918a0f81f2fafc57
landsd/299656:0,,5_-5,footprint,unassessed,review,estimated-height;nonordinary-or-support-form;native-source-missing-or-ambiguous,,roof,Open-sided Structure,3.0,estimated,167.6963,b9059be32bd40a5700054d7800ae8056f569d51180ad854744b6f310d526db9b
landsd/316718:0,,-4_-3,footprint,unassessed,review,source-or-terrain-diagnostic;nonordinary-or-support-form;large-or-tall-form;native-source-missing-or-ambiguous,sampled-roof-partly-below-terrain,roof,Open-sided Structure,5.8,landsd,3994.4771,3102d8b4e291de52ca2e7865836898f3fc6a349192f930550ac5749dc18f5aef
landsd/171953:0,,1_-10,footprint,unassessed,review,estimated-height;nonordinary-or-support-form;native-source-missing-or-ambiguous,,industrial,Open-sided Structure,3.0,estimated,420.9249,27342a8dc1e48f355badcdb3634869f27d0c10cda273851f15e4f3e4e3710ed9
landsd/257680:0,SHEK PAI WAN SHOPPING CENTRE,-1_2,footprint,unassessed,review,nonordinary-or-support-form;large-or-tall-form;native-source-missing-or-ambiguous,,yes,Podium,31.1,landsd,12589.0578,815e5a8db82f5121ff3f5546e5852b595198f238e2f9cd3cc496b308c412dc1d
landsd/125742:0,,-5_-12,footprint,unassessed,review,native-envelope-differs;native-mesh-complexity-needs-review,,yes,Tower,7.6,landsd,43.1169,e2a574df4f046d7552ae18deeddb3e5039bd0d05ed5aada4194773d9ff5dbdee
landsd/176590:0,,2_-14,footprint,unassessed,review,estimated-height;nonordinary-or-support-form;native-source-missing-or-ambiguous,,shed,Temporary Structure,3.5,estimated,26.9886,d9abdac16cf32f5d5dcb98d45e707cceb0d5bb66116478e74014a933ee825c31
landsd/237151:0,LION BUILDING,-2_-5,footprint,unassessed,review,source-or-terrain-diagnostic;nonordinary-or-support-form;native-envelope-differs;native-mesh-complexity-needs-review,sampled-base-above-terrain,yes,Podium,10.1,landsd,547.4089,4aeacd2fec8b5e62f903bbcc68c4156835ab354a6a6a16d4514e14b773be272e
landsd/34728:0,,3_-7,footprint,unassessed,review,source-or-terrain-diagnostic,sampled-roof-partly-below-terrain;sampled-roof-wholly-below-terrain,house,Tower,4.1,landsd,36.2189,b670c08eb8cf2a560f0f46700e7d0cbf80e80af5c417a37c0dcf1f57f1f33785
landsd/4033:0,Tan Kwai Tsuen (Ying Yin School) Public Toilet,-9_-8,footprint,unassessed,review,native-mesh-complexity-needs-review,,yes,Tower,2.7,landsd,23.8477,a2b61835dcc11cc16818d52cfb9a4a5dedb4e5e226904aaba6efb7e233779990
landsd/137873:0,,-8_-8,footprint,unassessed,review,native-envelope-differs;native-mesh-complexity-needs-review,,yes,Tower,4.4,landsd,29.2048,b153bfcb66d7c56076eb0a65211eb55ed9af846020fe9f2001a20fdc46bf2227
landsd/60640:0,,-7_-10,footprint,unassessed,review,native-mesh-complexity-needs-review,,house,Tower,9.2,landsd,41.5146,b139a9d17bafa810f8076aafe44ad6d14e7d16d6608026edfc6d6475afcfc706
landsd/317815:0,,-5_-11,footprint,unassessed,review,estimated-height;nonordinary-or-support-form;native-source-missing-or-ambiguous,,shed,Temporary Structure,3.5,estimated,77.5908,c5490291337ede93acef0aab5aba613cfe4522830468d0d6ec0c998ab6149c9f
landsd/174232:0,Hang Chun Court Carpark,-1_-3,footprint,unassessed,review,native-envelope-differs;native-mesh-complexity-needs-review,,yes,Tower,19.4,landsd,1231.2138,c34b6eda6671b3b3e6e796e5750a519e2fe4623030709c9941c846efeeb37154
landsd/118959:0,,-6_-11,footprint,unassessed,review,estimated-height;nonordinary-or-support-form;native-source-missing-or-ambiguous,,shed,Temporary Structure,3.5,estimated,60.0977,04f3571c4867e65929e09201cb44796fb1d996125f791174d4c9eb8ac3f631ef
landsd/303016:0,,-7_-8,footprint,unassessed,review,estimated-height;nonordinary-or-support-form;native-source-missing-or-ambiguous,,shed,Temporary Structure,3.5,estimated,180.652,72e9eea02878e8be021946e6f59dcb3c2fa35534e834ef15c962e34da74d30a9
landsd/97503:0,,-1_0,footprint,unassessed,review,native-envelope-differs;native-mesh-complexity-needs-review,,yes,Tower,27.3,landsd,44.1461,acee40c502a05df9622c16bcf89f5b8aaa2ce673999f49750a51efc67c7cb897
landsd/218301:0,Bellagio Mall,-6_-5,footprint,unassessed,review,native-envelope-differs;native-mesh-complexity-needs-review,,retail,Tower,20.9,landsd,764.9807,9df3d2ffe6c1e854e833a6c27588c0a3a963a57df911120eb59347f28e510ce1
landsd/273402:0,,-5_-9,footprint,unassessed,review,estimated-height;nonordinary-or-support-form;native-source-missing-or-ambiguous,,shed,Temporary Structure,3.5,estimated,237.3158,190ab297b7022091c8fbff868707da58a4a4d4b2a4d5a1f2d5b43e071cdee5f6
landsd/61939:0,,-1_-11,footprint,unassessed,review,native-envelope-differs;native-mesh-complexity-needs-review,,house,Tower,8.2,landsd,63.4516,a715f38f57719c6d2bad7485769d8011efc4e127b3fb6c8a0e085aa112d1e183
landsd/319280:0,,-7_-7,footprint,unassessed,review,estimated-height;nonordinary-or-support-form;native-source-missing-or-ambiguous,,roof,Open-sided Structure,3.0,estimated,21.3911,b41f37db2d5ae4bc5fd27dc28b0b945932782c4b53b1b0d68464135f10971900
landsd/248567:0,,-9_-10,footprint,unassessed,review,estimated-height;nonordinary-or-support-form;native-source-missing-or-ambiguous,,roof,Open-sided Structure,3.0,estimated,21.3049,f1327d764e52ba879d574ebd49bfc64b59f353f07d19087b9e1a83040594abd6
landsd/271115:0,,0_-13,footprint,unassessed,review,estimated-height;nonordinary-or-support-form;native-source-missing-or-ambiguous,,roof,Open-sided Structure,3.0,estimated,64.8831,774b6995ad16e3fe79e0c98cbaac9c22ba7f08bbe726556e264399e718f86934
landsd/258109:0,Star Villa Block A2,-2_-12,footprint,unassessed,review,native-envelope-differs;native-mesh-complexity-needs-review,,house,Tower,15.0,landsd,80.194,1b98055056ba2fb7e19910ae9ea3b3de70997bf45387c5088dbace717dd0dd69
landsd/118166:0,,-5_-12,footprint,unassessed,review,estimated-height;nonordinary-or-support-form;native-source-missing-or-ambiguous,,shed,Temporary Structure,3.5,estimated,168.6085,2cb2ddb9b1fad4dc9164f7f787e9efe594e3e3aa8f5ae9289400fcaf287a90e3
landsd/206506:0,,-3_3,footprint,unassessed,review,source-or-terrain-diagnostic,sampled-roof-partly-below-terrain;sampled-roof-wholly-below-terrain,yes,Tower,3.5,landsd,13.3052,d7ba5c93983568549d4d5e30e7f09a967e19a24017984037d967445e7c8cb46d
landsd/6710:0,,-7_-9,footprint,unassessed,review,native-envelope-differs;native-mesh-complexity-needs-review,,yes,Tower,8.2,landsd,16.6095,d9c4defef5f9230082e2aaa0105427b157e23e2cf4a5b13323829f86061661e3
landsd/123153:0,,-5_-8,footprint,unassessed,review,estimated-height;nonordinary-or-support-form;native-source-missing-or-ambiguous,,roof,Open-sided Structure,3.0,estimated,13.6636,2ea67e2948fc14a42c02067560d5d2a639b4e3434a750a16b687b209318b0f46
landsd/117214:0,,-7_-8,footprint,unassessed,review,native-source-missing-or-ambiguous,,yes,Tower,7.0,landsd,20.6221,8141199b6c74bcc5b72e0ba41e84b09cf1df6dd7f8f5a5cface2a5b3ad8582a2
landsd/249116:0,,5_-6,footprint,unassessed,review,source-or-terrain-diagnostic;estimated-height;nonordinary-or-support-form;native-source-missing-or-ambiguous,sampled-roof-partly-below-terrain,shed,Temporary Structure,3.5,estimated,252.9433,6f6eb4d6a6949abc6571977b089e16af2c9e129ff693b16594d6c53c8af240bc
landsd/210812:0,,-9_-8,footprint,unassessed,review,estimated-height;nonordinary-or-support-form;native-source-missing-or-ambiguous,,shed,Temporary Structure,3.5,estimated,149.8483,e878a0d53cdd969339606ce92ffc1c01194b947a03bcfd7bf1efeb9a5489eaef
landsd/119767:0,Mountain Royal Block 1,-9_-10,footprint,unassessed,review,native-envelope-differs;native-mesh-complexity-needs-review,,yes,Tower,8.2,landsd,64.6318,05b2894c9a2340c1d86305ab6dd1a03bbf4d035782f838bd8f396c7ff63a4c76
landsd/216982:0,SI YUAN SCHOOL OF THE PRECIOUS BLOO D,-2_-5,footprint,unassessed,likely-skip,ordinary-surveyed-form-small-native-envelope-difference-low-complexity,,yes,Tower,3.3,landsd,20.3715,2862f03911658b965e45f2f7c22f1a6eb0c54d29dff5248280e9222dcb2ddd0a
landsd/56463:0,,-7_-9,footprint,unassessed,review,native-envelope-differs;native-mesh-complexity-needs-review,,yes,Tower,3.9,landsd,39.1282,de1521717631ab84d06c5913fa9cd3bd705ec2a80d71608274ed25077e909f8a
landsd/15175:0,,-5_-12,footprint,unassessed,review,native-mesh-complexity-needs-review,,yes,Tower,8.6,landsd,70.7889,5ef5b61a10e7d2caf1ca18b925d9bcfe33c2880f0bc4aaa75a6ff5c578883ed4
landsd/219679:0,,-2_-5,footprint,unassessed,review,nonordinary-or-support-form;native-source-missing-or-ambiguous,,roof,Open-sided Structure,3.0,landsd,7.8942,6534a5edcefdc9fa0e4aa852683eb196d3de1763961c4ad869b5c18851ee2a3e
landsd/150689:0,,-9_-9,footprint,unassessed,review,native-source-missing-or-ambiguous,,yes,Tower,5.0,landsd,30.7796,f066d6230f17ab485cd75c47c12715a985d8b8074916125ad00e86f365c30872
landsd/89331:0,,5_-6,footprint,unassessed,review,source-or-terrain-diagnostic,sampled-roof-partly-below-terrain,yes,Tower,2.7,landsd,27.2348,8014e2d9ca79955e06870f1e02fceb173663577b9767bd051e01a1c008e5601b
landsd/291944:0,Queens Hill Estate Wong Yet House,-1_-12,footprint,unassessed,review,large-or-tall-form;native-envelope-differs;native-mesh-complexity-needs-review,,apartments,Tower,118.5,landsd,1477.9617,a354d4dc027fe6612e885ab9b920b6ec667a4e216a9605cbfff81bdf78b3ac8a
landsd/310039:0,,-13_-6,footprint,unassessed,review,native-envelope-differs,,yes,Tower,8.1,landsd,65.0348,92e133fa4e376262233a28ce0fa89c58ef391cf9c729f802e20c06ee739a40cf
landsd/163805:0,,-5_-11,footprint,unassessed,review,estimated-height;nonordinary-or-support-form;native-source-missing-or-ambiguous,,shed,Temporary Structure,3.5,estimated,50.8801,655e9192583b8053c5d17feed55d7a1d098b1ade34d589bc63efcca3904ae051
landsd/254913:0,,5_-6,footprint,unassessed,review,source-or-terrain-diagnostic;native-envelope-differs;native-mesh-complexity-needs-review,sampled-roof-partly-below-terrain,yes,Tower,4.0,landsd,41.015,1882fa22a9fcf035c76e41fc680278d0d39bbf18d98910dcbf0f3dcb78c24902
landsd/157156:0,,-2_-12,footprint,unassessed,review,native-envelope-differs;native-mesh-complexity-needs-review,,apartments,Tower,10.5,landsd,12.5767,69743b9ada07d8c736582fa04220be989d70e11b81cefa9ced9069592448dd34
landsd/256701:0,THE CHURCH OF CHRIST IN CHINA KUNG LEE COLLEGE,1_0,footprint,unassessed,review,native-envelope-differs;native-mesh-complexity-needs-review,,yes,Tower,25.6,landsd,174.5505,c7518d591f33369cf642a05e19a24c0db934042875ad6d921edcb4c662b23a10
landsd/322750:0,,-1_-15,footprint,unassessed,review,estimated-height;nonordinary-or-support-form;native-source-missing-or-ambiguous,,roof,Open-sided Structure,3.0,estimated,3.907,b4c86e04241b2024949df31b243d41692e4303e0e0aaae4c677899c68bc9cb5b
landsd/51233:0,,-5_-8,footprint,unassessed,review,native-envelope-differs;native-mesh-complexity-needs-review,,yes,Tower,9.2,landsd,64.9507,aaea01997da8138e35eb1acf4f01cf38ce5df7d9bfdd3b47ecd19efa65df8267
landsd/340478:0,,2_-6,footprint,unassessed,review,estimated-height;nonordinary-or-support-form;native-source-missing-or-ambiguous,,house,Open-sided Structure,3.0,estimated,7.8863,bc085ccb793d68ac1c4aa717fd2f4145f80c00cb4817f485207b955addc53d8d
landsd/224076:0,,-9_-9,footprint,unassessed,review,estimated-height;nonordinary-or-support-form;native-source-missing-or-ambiguous,,shed,Temporary Structure,3.5,estimated,21.8084,18e6133ee1e754b48eca5c9dd1302ae7b3520acc9372819512358470244a4ef4
landsd/284862:0,,3_-11,footprint,unassessed,review,native-envelope-differs;native-mesh-complexity-needs-review,,yes,Tower,8.2,landsd,64.2651,c1b02c6beb6ae54864c258b67ca865cbabdc6d7dec178b484c6681a1497a884a
landsd/129257:0,,-6_-11,footprint,unassessed,review,native-envelope-differs;native-mesh-complexity-needs-review,,house,Tower,6.9,landsd,40.6625,f46de199731458d56d100f0014dbdbf3aebbd3cef4a01ddc886bcc9ae367a131
landsd/66745:0,,-4_-8,footprint,unassessed,review,estimated-height;nonordinary-or-support-form;native-source-missing-or-ambiguous,,roof,Open-sided Structure,3.0,estimated,22.5835,31c63373fc54118b73da1b8def1eb0a6c5cbd7e815672d54f08c69aa1bdbf6a6
landsd/128929:0,,-7_-8,footprint,unassessed,review,estimated-height;nonordinary-or-support-form;native-source-missing-or-ambiguous,,roof,Open-sided Structure,3.0,estimated,10.2156,c667269fd4bb4e0502b37343fb9cd62f01841d0c879b5087a3368cf89993591f
landsd/280819:0,,-2_-13,footprint,unassessed,review,estimated-height;nonordinary-or-support-form;native-source-missing-or-ambiguous,,roof,Open-sided Structure,3.0,estimated,49.1064,2a55f9a5275e55eb12a2c2e5cc60a9a77053ab5a1eff2c2ed3a9d9015f9296cc
landsd/67608:0,Kam Kei House,3_-7,footprint,unassessed,review,large-or-tall-form;native-envelope-differs;native-mesh-complexity-needs-review,,apartments,Tower,113.7,landsd,680.7089,1d75e087253b11a95fdf33582df6f8e1cf2f03d30cf197f4f86ab8fe93e4afbd
landsd/27009:0,,4_-3,footprint,unassessed,review,native-source-missing-or-ambiguous,,yes,Tower,8.2,landsd,19.7646,5caecb1ac1d350d48b00830b7f6972a38480f600c29e6e67998d61f1ca30b87e
landsd/159960:0,,-1_-2,footprint,unassessed,review,source-or-terrain-diagnostic;native-mesh-complexity-needs-review,sampled-base-above-terrain,service,Tower,10.9,landsd,125.193,274f7c995e5fc74ab52e000b174ec5c885b3dad733c5a70bd0ca19529aeff06b
landsd/182649:0,,-5_-9,footprint,unassessed,review,estimated-height;nonordinary-or-support-form;native-source-missing-or-ambiguous,,shed,Temporary Structure,3.5,estimated,137.7966,627a88520ef05e4224377b3bdce7307f1e2ab6f8f7e51a74b6b1b5e72e0c4df9
landsd/3085:0,,-8_-9,footprint,unassessed,review,native-envelope-differs,,yes,Tower,8.1,landsd,25.0333,0c7db5084dabd7dd068c02ed3b8617b5210628add31cc675c392a6ec6a81313c
landsd/210860:0,HHCKLA BUDDHIST CHAN SHI WAN PRIMARY SCHOOL,-2_-12,footprint,unassessed,review,native-envelope-differs;native-mesh-complexity-needs-review,,yes,Tower,4.1,landsd,27.8552,d625133b3c6117e5a78448d169643f13befc97542965e0ac6b07c05a9b599813
landsd/291154:0,,-2_-12,footprint,unassessed,review,estimated-height;nonordinary-or-support-form;native-source-missing-or-ambiguous,,shed,Temporary Structure,3.5,estimated,90.0982,7a023eb38b31c6bc1b5df370c932cf8e7374ad176916b8f4832e5132f96025a8
landsd/168315:0,Block F,2_-10,footprint,unassessed,review,native-envelope-differs;native-mesh-complexity-needs-review,,house,Tower,8.3,landsd,63.6671,0f3c9234074e3ec8ed723443ad989cbede2756ceb86b93dd3c77664ead0541e1
landsd/315425:0,,1_-14,footprint,unassessed,review,estimated-height;nonordinary-or-support-form;native-source-missing-or-ambiguous,,shed,Temporary Structure,3.5,estimated,140.3791,5af4f3b8566146bd836a6dd20ca68b38a0dae1a6270cb560d578e311b2b4923a
landsd/77450:0,,1_-7,footprint,unassessed,review,estimated-height;nonordinary-or-support-form;native-source-missing-or-ambiguous,,roof,Open-sided Structure,3.0,estimated,17.9157,117e05ff08b7ff7ec82faeddb68038adadd36dd24158fadd7d3dea1aecb9e984
landsd/156006:0,Ting Fook Villas Block A2,-7_-10,footprint,unassessed,review,native-envelope-differs;native-mesh-complexity-needs-review,,house,Tower,10.7,landsd,67.3172,0f1a1a321d62f351ff923539669694b2c6808dfb2bad7beb128b0e46e24342e9
landsd/3660:0,,-7_-9,footprint,unassessed,review,native-mesh-complexity-needs-review,,yes,Tower,6.0,landsd,44.1657,796817a98a16fe74ec159f72fd8dd6e3c2d5c2e5567d5f4ac30f7e8b1e4074a6
landsd/14914:0,,-1_-15,footprint,unassessed,review,source-or-terrain-diagnostic;native-envelope-differs;native-mesh-complexity-needs-review,sampled-base-above-terrain,yes,Tower,5.7,landsd,55.4325,456a13eeff568ec715035fc0d027f8922b61c5986e0d196e5ea2766543b4d3a0
landsd/93596:0,,-2_-9,footprint,unassessed,review,native-envelope-differs,,yes,Tower,3.7,landsd,14.8464,aa30c89f5c73935d911682cc16bddf27f46e3cad8f645e22bc207666a4459a3b
landsd/114344:0,,-8_-9,footprint,unassessed,likely-skip,ordinary-surveyed-form-small-native-envelope-difference-low-complexity,,yes,Tower,2.7,landsd,8.215,c88f3608a20d841239a035864c788987560ea9d1e9960d74d4ef2c91f1eab205
landsd/115382:0,,-5_-8,footprint,unassessed,review,estimated-height;nonordinary-or-support-form;native-source-missing-or-ambiguous,,shed,Temporary Structure,3.5,estimated,42.253,7459252ed6ecde00734a59fa23fcf8a16b5869751da9b6860c07a360668eb06b
landsd/154040:0,,-7_-9,footprint,unassessed,review,native-envelope-differs,,yes,Tower,4,landsd,35.1176,eec2eed2a9190c516ec48a60b0ab74091c27dfd63b5a5089380b3c4dc73b5685
landsd/127943:0,,-8_-8,footprint,unassessed,review,native-envelope-differs;native-mesh-complexity-needs-review,,house,Tower,8.3,landsd,64.3258,54f5aafb0a5d2e551b187f50e3111be36058cb12e428a5ba326cb74a4613d60f
landsd/226605:0,,-8_-9,footprint,unassessed,review,estimated-height;nonordinary-or-support-form;native-source-missing-or-ambiguous,,shed,Temporary Structure,3.5,estimated,67.4339,0f26f480136792e574b4b3bc60afd375b959bc45abf8110543047c1a0fa23fcd
landsd/19135:0,,-2_-12,footprint,unassessed,review,native-mesh-complexity-needs-review,,apartments,Tower,10.9,landsd,34.8249,414e620cb368efae1798d36fdd4486b20a87425f7967d9b2ac3c255c4cb85867
landsd/261020:0,,5_-6,footprint,unassessed,review,native-envelope-differs;native-mesh-complexity-needs-review,,yes,Tower,8.2,landsd,65.7351,9437359ec50e0089713ed73992ff58e3ce2378b00b5ca1a4c093077bad3ab2b3
landsd/184281:0,WING FAT COURT,-1_-3,footprint,unassessed,review,nonordinary-or-support-form;native-envelope-differs;native-mesh-complexity-needs-review,,yes,Podium,3.8,landsd,319.1471,f3d08db3e27fc9134ff64c02ede0275730606645443de873d77a6b8f4febf7ea
landsd/323028:0,,0_-13,footprint,unassessed,likely-skip,ordinary-surveyed-form-small-native-envelope-difference-low-complexity,,yes,Tower,2.4,landsd,9.7272,d06bf7dcddd6f272819aef8c5bdb793eaad265a512ba26e20141c245b145d192
landsd/4364:0,HEUNG HOI LIN SHE POON CHUN YUEN,-1_-9,footprint,unassessed,review,source-or-terrain-diagnostic,sampled-roof-partly-below-terrain;sampled-roof-wholly-below-terrain,yes,Tower,3.0,landsd,13.246,8aaeb371d5bc540e014edb8023d9659e43a81d48221c1a44d985a99707e7f600
landsd/131211:0,,-7_-9,footprint,unassessed,review,native-envelope-differs,,yes,Tower,4.8,landsd,22.9071,ef75fc7fb57531cd8f40702188e95cec171a67628d46b650a7b149cc51702f9b
landsd/181724:0,,-11_2,footprint,unassessed,review,estimated-height;nonordinary-or-support-form;native-source-missing-or-ambiguous,,roof,Open-sided Structure,3.0,estimated,18.1973,7cf4e6092c9d613fb54e84e6b252af3d80cd3a44f867766c6e9cc25d2ae36c62
landsd/271304:0,Satellite Headend Room,2_-3,footprint,unassessed,review,source-or-terrain-diagnostic,sampled-roof-partly-below-terrain;sampled-roof-wholly-below-terrain,apartments,Tower,3.3,landsd,8.7088,96f6dc073ddd73da326308a9ecb92dfd521ba27a7bcd9592e49c62f4d7855a86
landsd/133234:0,,-4_-9,footprint,unassessed,review,estimated-height;nonordinary-or-support-form;native-source-missing-or-ambiguous,,roof,Open-sided Structure,3.0,estimated,18.3814,2252e19380f9d184a92b427efe17ea63dd664c44494e26464d00bf9064ca334f
landsd/22551:0,,4_-13,footprint,unassessed,likely-skip,ordinary-surveyed-form-small-native-envelope-difference-low-complexity,,house,Tower,5.8,landsd,37.5444,6f43268aa74c5f6b70b1f0a229d8a1a4f83568142ba74f587f8b8adbe4ee5452
landsd/4052:0,,-9_1,embedded,unassessed,review,existing-detail-without-current-acceptance,,yes,Tower,4.4,landsd,74.0386,f7096ef9269e87c1f6441fcc263867bd1458434d67681c7d8c63226d06fd7211
landsd/239836:0,OCEAN PARK,0_2,footprint,unassessed,review,native-envelope-differs,,yes,Tower,12.4,landsd,9.0421,56ba9576c0d9f01cfa9ca62e61e3a02740496c3b277df90d5679fb923706a224
landsd/334977:0,,-5_-8,footprint,unassessed,review,estimated-height;nonordinary-or-support-form;native-source-missing-or-ambiguous,,shed,Temporary Structure,3.5,estimated,77.5704,afd10cd1121090c5e50fd1b24e1dff200a15493b9a49609cdc52404f28a61407
landsd/24535:0,,-2_-13,footprint,unassessed,review,native-envelope-differs;native-mesh-complexity-needs-review,,yes,Tower,13.9,landsd,70.3807,513fa5192f926b3a5992f6645df3103b1bc54bc18fc0ad192cd6820c6f0e2a5a
landsd/314738:0,,-3_-11,footprint,unassessed,review,estimated-height;nonordinary-or-support-form;native-source-missing-or-ambiguous,,roof,Open-sided Structure,3.0,estimated,31.8718,d73563010d9d52568e13b641182e83305e53a70a50936b5847805537019424d6
landsd/235267:0,,-3_-4,footprint,unassessed,review,native-envelope-differs,,yes,Tower,30.2,landsd,36.039,e5644f93c6a60c50f5a8249da64c2aebfa1a6d626b1efb989b84d712e0eff08f
landsd/162205:0,,5_-8,footprint,unassessed,review,native-envelope-differs;native-mesh-complexity-needs-review,,apartments,Tower,8.1,landsd,64.3943,72dd188a4a22bcba6e26337b5c76fd0bffd230105b5b923566ae2a714b1cb67d
landsd/108647:0,,1_-8,footprint,unassessed,review,native-mesh-complexity-needs-review,,yes,Tower,9.2,landsd,64.1928,b4b1dbec222a0789bc4ce1018f9c4dd4d414850767f3e3d7d4b0f8c9861c67ba
landsd/257431:0,,-8_-8,footprint,unassessed,review,estimated-height;nonordinary-or-support-form;native-source-missing-or-ambiguous,,roof,Open-sided Structure,3.0,estimated,44.5208,93027976a0cbec455c7b730327e40ea1cc870a4274a0b05050ce38e13ba329ff
landsd/156265:0,,-7_-10,footprint,unassessed,review,source-or-terrain-diagnostic;native-envelope-differs;native-mesh-complexity-needs-review,sampled-base-above-terrain,yes,Tower,9.8,landsd,57.5978,ffc3fb7f491ddeb06ef82bcde18dbbcc6714bf3326360c1cb98163db2eba4c01
landsd/217978:0,Star Villa Block D1,-2_-12,footprint,unassessed,review,native-envelope-differs;native-mesh-complexity-needs-review,,house,Tower,12.5,landsd,82.4155,5821981975e403e35ecc7f8dfe93bfff687f35080806e2d8d487fc78bfd15e1b
landsd/322984:0,Lin Ma Hang Frontier Checkpoint,0_-15,footprint,unassessed,review,estimated-height;nonordinary-or-support-form;native-source-missing-or-ambiguous,,shed,Temporary Structure,3.5,estimated,18.7101,1578ccf5b24fbbb5933054229fb5d12bb8d2dcd3f54eb02f4f8430ffe2fada29
landsd/88491:0,Conifer Lodge Block 24,2_-7,footprint,unassessed,review,native-envelope-differs;native-mesh-complexity-needs-review,,yes,Tower,6.6,landsd,48.0623,a46a4d49752275c35fb7e9baee5d5951fd7448d2178437c25fe227323a783499
landsd/216607:0,,-2_-6,footprint,unassessed,review,native-envelope-differs;native-mesh-complexity-needs-review,,house,Tower,8.3,landsd,68.4759,f7c918478c1f47474818fbdc9fb04cb6409ec9aae873ec099ae0266108bf54e3
landsd/48111:0,,-3_-12,footprint,unassessed,review,native-envelope-differs;native-mesh-complexity-needs-review,,yes,Tower,8.6,landsd,63.1189,18d9381510ea67ae8eff2a34b0365e0104e73361739c721aed3ca40c1946fd22
landsd/229407:0,FORTUNE MANSION,-1_2,footprint,unassessed,review,source-or-terrain-diagnostic;nonordinary-or-support-form;native-mesh-complexity-needs-review,sampled-roof-partly-below-terrain,apartments,Podium,4.3,landsd,684.6576,676e809355a692dcd68a3952cae332998a26f0e0ec1127cacd4045d474b35505
landsd/97182:0,,-1_-10,footprint,unassessed,review,native-envelope-differs,,terrace,Tower,8.7,landsd,44.823,4aa647c82452ae2cd72b255a2231806fac47b0eee63fbbb7c42de09270a07f8e
landsd/146013:0,,0_-3,footprint,unassessed,review,native-envelope-differs;native-mesh-complexity-needs-review,,apartments,Tower,30.0,landsd,106.3788,95df083d09cf2169009acbf01d44c39c321589353f89d1cc3301bc127859a068
landsd/75427:0,,-8_-6,footprint,unassessed,review,native-envelope-differs,,yes,Tower,4.5,landsd,28.7073,79415824c8600d3c40dd0fe0820635b4ef32551fffb3d4e6d3e771781fd1c1bc
landsd/82717:0,,1_-1,footprint,unassessed,likely-skip,ordinary-surveyed-form-small-native-envelope-difference-low-complexity,,yes,Tower,2.7,landsd,12.4086,9e0d21806a8a7048e5fe2b7b33992f62ea9d0ad8fbd02fbabcf53d79dd9866c5
landsd/185442:0,,-1_-11,footprint,unassessed,review,native-envelope-differs;native-mesh-complexity-needs-review,,yes,Tower,5.8,landsd,36.9544,5717c510646362bf7c6e538f95e1bdbd726c05238a165e5ecc31b8347dbdd547
landsd/332314:0,,-7_-8,footprint,unassessed,review,estimated-height;nonordinary-or-support-form;native-source-missing-or-ambiguous,,shed,Temporary Structure,3.5,estimated,116.6616,e4f7958b588ea9fcb7ebe03ffb8b288a70fa22e1ec2a3270b95099a7b80f32db
landsd/32509:0,Villa Sandoz Block 1,5_-3,footprint,unassessed,review,source-or-terrain-diagnostic;native-envelope-differs,sampled-base-above-terrain,house,Tower,7.4,landsd,57.7611,4940e0b8edba2beaa7e6bc9c6786ab4ed2aa7ffed140d587520b3fbe7f7a112b
landsd/27083:0,,5_-3,footprint,unassessed,review,source-or-terrain-diagnostic;estimated-height;nonordinary-or-support-form;native-source-missing-or-ambiguous,sampled-roof-partly-below-terrain,roof,Open-sided Structure,3.0,estimated,44.9775,43286bdc6e9d8c4370f4a7b75255c69e2feb0a65c01a699d2d7d2c79334e6a4e
landsd/193562:0,,-10_-6,footprint,unassessed,review,source-or-terrain-diagnostic;native-envelope-differs,sampled-base-above-terrain,yes,Tower,3.2,landsd,10.2946,a97c95afc09df6fd5ebb775589c9762f32eb8c81c931defe0892dd079cea4020
landsd/161848:0,,-3_-12,footprint,unassessed,review,estimated-height;nonordinary-or-support-form;native-source-missing-or-ambiguous,,shed,Temporary Structure,3.5,estimated,25.8543,4b1319a1fa1aca8c507ae76b41bacaa33f18f8999ce8d6d0bda32b9da623be5f
landsd/212454:0,,-2_-12,footprint,unassessed,review,native-envelope-differs,,yes,Tower,4.3,landsd,17.6574,124e6955e2312bb387cfa6109abee603f1d46a0b34ea123d0f4036650ec2e1d2
landsd/260917:0,,5_-8,footprint,unassessed,review,source-or-terrain-diagnostic;native-envelope-differs;native-mesh-complexity-needs-review,sampled-roof-partly-below-terrain,apartments,Tower,8.4,landsd,64.2147,7f3e4bcfcc62f3960e8516f74a2b334edd09be09f550f6fc07932e1dab09d45e
landsd/285362:0,,-2_-12,footprint,unassessed,review,native-envelope-differs;native-mesh-complexity-needs-review,,yes,Tower,3.6,landsd,29.6704,ca692f319ce8383b801a9809e105f0952d59d1be7e42d1cec6c19601192511ba
landsd/95429:0,,-1_4,footprint,unassessed,review,native-envelope-differs,,yes,Tower,2.1,landsd,20.1774,0210a810b42272dd76e3bfa1e108ce99c82f4501d5c30f8086d6a41f66fa9d30
landsd/164982:0,,-1_-10,footprint,unassessed,review,native-envelope-differs;native-mesh-complexity-needs-review,,yes,Tower,5.5,landsd,18.979,8784460a0c9508d4392b60dfc84f5e97fd5f0bd8da2bf1c36aa0d6554b5f740a
landsd/274012:0,Jade View Villa Block A1,-9_-5,footprint,unassessed,review,source-or-terrain-diagnostic;native-envelope-differs,sampled-base-above-terrain,yes,Tower,8.2,landsd,58.1269,000446b738d13e9c7dce387f2d672b2408a802e72fa697cf566c26892fe4d6be
landsd/28337:0,,4_-4,footprint,unassessed,review,native-envelope-differs;native-mesh-complexity-needs-review,,yes,Tower,6.0,landsd,216.794,7855fd5c8cc3475225cb74efa44f7021d91f4ddc6a1cb31041e7c30471726844
landsd/335071:0,,-7_-11,footprint,unassessed,review,estimated-height;nonordinary-or-support-form;native-source-missing-or-ambiguous,,roof,Open-sided Structure,3.0,estimated,213.2361,1bfda47e218ff63353b3d206e44e44e1a9b82365b3f9b4b8ea2e9c97f574652f
landsd/115634:0,,-6_-11,footprint,unassessed,review,native-envelope-differs;native-mesh-complexity-needs-review,,house,Tower,6.7,landsd,41.8727,9ddf59c3bfb4f5b5f15554d24174de765ca91cb126c14948d7bee7b0090b4606
landsd/287454:0,,-1_-12,footprint,unassessed,review,native-envelope-differs;native-mesh-complexity-needs-review,,yes,Tower,8.1,landsd,63.9784,d4a0c20935fe4a66be61dd2bbc91f9054a3617b3d282cae01309324cc50eab11
landsd/253624:0,MCP Discovery,5_-2,footprint,unassessed,review,nonordinary-or-support-form;large-or-tall-form;native-envelope-differs;native-mesh-complexity-needs-review,,yes,Podium,15.4,landsd,12247.2657,0685fbb7aca3a50f05cab534d87eac1445246c2f06564dea8afab8e842971343
landsd/146095:0,,-11_-5,footprint,unassessed,review,source-or-terrain-diagnostic;estimated-height;nonordinary-or-support-form;native-source-missing-or-ambiguous,sampled-base-above-terrain,shed,Temporary Structure,3.5,estimated,325.9791,6ae0c3817b39ff7d2f49a7091a47a429c025f091c42a5f15913bf2ec3d998703
landsd/315695:0,,-5_-10,footprint,unassessed,review,estimated-height;nonordinary-or-support-form;native-source-missing-or-ambiguous,,shed,Temporary Structure,3.5,estimated,122.3959,ceed327eb76b7c878ee83cc49e263f7b7a5e0ca5119eff2b328d379c1917b710
landsd/90449:0,,0_-2,footprint,unassessed,review,native-envelope-differs;native-mesh-complexity-needs-review,,yes,Tower,19.9,landsd,173.2646,726b12e37cacb02e9722263f322d4503d4d1c92c4e465e99493acf6e281db704
landsd/183104:0,,-12_-2,footprint,unassessed,review,source-or-terrain-diagnostic;native-envelope-differs,sampled-roof-partly-below-terrain,yes,Tower,3.6,landsd,94.8292,00d705978aba7039b02b9df03c8661a1aee3399fc479cb082f2825db929c2f66
landsd/256474:0,Marble Place,2_-1,footprint,unassessed,review,source-or-terrain-diagnostic;native-source-missing-or-ambiguous,sampled-base-above-terrain,apartments,Tower,55.3,landsd,85.4593,41f376fa0800c194fb2b1e7d5441baa95c1e46ab51e012a1442ec715175a8268
landsd/307582:0,PO LEUNG KUK PAK TAM CHUNG HOLIDAY CAMP,8_-6,footprint,unassessed,review,source-or-terrain-diagnostic;native-source-missing-or-ambiguous,sampled-roof-partly-below-terrain;sampled-roof-wholly-below-terrain,yes,Tower,3.7,landsd,7.1987,df43324313690f5421d68a7073394f08bc9952ed21df6340eb08a7fdc798b9dd
landsd/173711:0,,2_-11,footprint,unassessed,likely-skip,ordinary-surveyed-form-small-native-envelope-difference-low-complexity,,yes,Tower,1.9,landsd,6.1288,4cb7ea067d40f2b14b4f0724c40d67389105bf794d1db549351c94b35f56e338
landsd/124405:0,,-9_-8,footprint,unassessed,review,source-or-terrain-diagnostic;native-envelope-differs,sampled-roof-partly-below-terrain,yes,Tower,3.0,landsd,22.0517,96670c8a8553c999bf4dcf4a4b7b26eaadd914bf8c9f6973bc89970bb5c773a2
landsd/253442:0,,-2_-13,footprint,unassessed,review,native-envelope-differs;native-mesh-complexity-needs-review,,yes,Tower,9.7,landsd,36.6299,897e34744ef5c3bf081af3eaf3c2eac7c34a87a8b09c4444f9a39d40ca4f8aa2
way/1216944127:0,,-1_0,footprint,unassessed,enhancement-candidate,distinctive-use-or-landmark-with-footprint-only,,pavilion,,24,estimated,20.77,287838113764c9599bf332d6a01b7fa4de62408cb9580acd92dfe0161860df0a
landsd/315777:0,Elegant Park Block G,-6_-11,footprint,unassessed,review,native-mesh-complexity-needs-review,,house,Tower,10.4,landsd,65.0223,6a8d260fc4768882f5e43f7281d32079a7611f63a174f7f63e0d98f93eecabfa
landsd/311336:0,,-4_-9,footprint,unassessed,likely-skip,ordinary-surveyed-form-small-native-envelope-difference-low-complexity,,yes,Tower,3.3,landsd,23.9119,def87a70b09e588cd356c70230b0e34f10d6270539ddd93479e8d5e4aed88215
landsd/35284:0,,4_-8,footprint,unassessed,review,native-envelope-differs;native-mesh-complexity-needs-review,,apartments,Tower,8.0,landsd,33.9298,9c30404587e76b32cd64780a47885ebca485edb0a320af853f88b9855099f6f7
landsd/159452:0,Tai On Building,3_-2,footprint,unassessed,review,native-envelope-differs;native-mesh-complexity-needs-review,,apartments,Tower,20.6,landsd,57.8933,cce0b1fb96c1dfe72581b71288a26330fe636197b335dd5b3ed6521fb0267ea6
landsd/140568:0,,-8_-8,footprint,unassessed,review,estimated-height;nonordinary-or-support-form;native-source-missing-or-ambiguous,,shed,Temporary Structure,3.5,estimated,5.7466,54d89b1b61e9d5e5e897d3ea8565f65fd40f93c8ef5d0c224b5f1964fb98016c
landsd/36421:0,,5_-6,footprint,unassessed,review,native-envelope-differs;native-mesh-complexity-needs-review,,house,Tower,7.5,landsd,64.3606,609430b8c8c089551595db9383e70491d642fe75beabff7d45493ca0d25139fa
landsd/245357:0,,-7_-5,footprint,unassessed,review,native-envelope-differs,,yes,Tower,4.2,landsd,81.3378,92bd8cda183d53eb49ecfeff5387b872814c66e7b38f71efdf2250aed5f121a1
landsd/210588:0,,-4_-9,footprint,unassessed,review,estimated-height;nonordinary-or-support-form;native-source-missing-or-ambiguous,,roof,Open-sided Structure,3.0,estimated,32.9085,45874f09314bbdef961df3469c171e2d245d4b2b99a48f4687f6d5038af00f98
landsd/190334:0,,-7_0,footprint,unassessed,review,source-or-terrain-diagnostic,sampled-roof-partly-below-terrain;sampled-roof-wholly-below-terrain,yes,Tower,5.0,landsd,30.1308,fda4ff01f26978eb288f86414afe21cee1a3311b09f0daaa8cd021e28d8e1178
landsd/125768:0,,-7_-8,footprint,unassessed,review,source-or-terrain-diagnostic;native-envelope-differs;native-mesh-complexity-needs-review,sampled-base-above-terrain,house,Tower,8.2,landsd,60.0675,af124d11dc8e3dc560c50363ab4a59038533aa53682b7c04a2abcb9ef1723772
landsd/301975:0,Tower 8 Villa Lucca,1_-10,footprint,unassessed,review,native-envelope-differs;native-mesh-complexity-needs-review,,apartments,Tower,17.2,landsd,522.4276,a5e8937a88330d10d7104996560f3be0e633f3ca88731cdaa746fd702f6e2476
landsd/163324:0,,-10_2,footprint,unassessed,review,estimated-height;nonordinary-or-support-form;native-source-missing-or-ambiguous,,shed,Temporary Structure,3.5,estimated,15.1118,8d5c63780b561b1dbf6bb9a67bb426a21fdd5aa5f01c2c09846e3cf3cb987d98
landsd/270033:0,,-9_-11,footprint,unassessed,review,native-envelope-differs;native-mesh-complexity-needs-review,,yes,Tower,8.0,landsd,34.3925,94f4380a46319232669bfbe43fd921bb9cf65f402694de263f6a71e5540f8800
landsd/220310:0,,-3_-6,footprint,unassessed,review,native-envelope-differs;native-mesh-complexity-needs-review,,yes,Tower,3.8,landsd,73.1255,e909d6bbca7c00c7a68deb198719e5b212bb19742b7b21ebd47243ed5ec465c0
landsd/288916:0,,4_-4,footprint,unassessed,review,source-or-terrain-diagnostic;nonordinary-or-support-form;native-source-missing-or-ambiguous,sampled-roof-partly-below-terrain,shed,Temporary Structure,5.3,landsd,135.1745,da44c2e26ce58c30c7b7d273d7c7695656f632832caa09dd9bf2a4c4da0795ca
landsd/51905:0,,5_-14,footprint,unassessed,review,estimated-height;nonordinary-or-support-form;native-source-missing-or-ambiguous,,shed,Temporary Structure,3.5,estimated,9.7884,acc459dc275e6dc459b65a2a80d692353a50b7b5370ec5e36faa8d7f58fd7160
landsd/60917:0,,2_3,footprint,unassessed,review,native-mesh-complexity-needs-review,,yes,Tower,11.8,landsd,47.3733,99f76d9ef9946f6c3f3a6268b95f1362420550d542f8613db8054b7c85baaff4
landsd/217980:0,,-3_-5,footprint,unassessed,review,source-or-terrain-diagnostic;native-envelope-differs;native-mesh-complexity-needs-review,sampled-base-above-terrain,yes,Tower,6.4,landsd,488.8052,f478cf5cfda191268be0edc7e14beb01c64cf8e2cd6d7a9347abe4964c1d1cc8
landsd/36881:0,Greenery Villas Phase II Block 17,2_-7,footprint,unassessed,review,native-envelope-differs;native-mesh-complexity-needs-review,,residential,Tower,9.3,landsd,88.8235,9a7af6c99797f5849f9c511b72bb16a9b448732074c993cb7ae19d83549e7959
landsd/183090:0,,-12_3,footprint,unassessed,review,source-or-terrain-diagnostic;native-envelope-differs,sampled-roof-partly-below-terrain;sampled-roof-wholly-below-terrain,yes,Tower,5.6,landsd,27.086,613d8e46d5364153262d7b65b75001c76e685bb131b9683d7875515d1087d9db
landsd/45955:0,,-7_-8,footprint,unassessed,review,native-envelope-differs,,yes,Tower,5.1,landsd,36.3401,cd7d1b38c00258a70aa6a26acce5c1d311eb97e68b86f80548571bb31c24e875
landsd/26519:0,,-2_-12,footprint,unassessed,review,native-envelope-differs;native-mesh-complexity-needs-review,,apartments,Tower,8.1,landsd,65.0276,f315de452d8696eaba5f7d3fcdae620161d669f7bf655ede58bf6f22ecfc05c6
landsd/117859:0,,-7_-8,footprint,unassessed,review,source-or-terrain-diagnostic;native-envelope-differs;native-mesh-complexity-needs-review,sampled-roof-partly-below-terrain;sampled-roof-wholly-below-terrain,yes,Tower,6,landsd,23.2295,85444431a1d3d514df464bdb5ba600697a6a02a0f6f4b2e2aa43aa774042dd2a
landsd/334548:0,,-7_-8,footprint,unassessed,review,estimated-height;nonordinary-or-support-form;native-source-missing-or-ambiguous,,shed,Temporary Structure,3.5,estimated,109.3929,02136020803167272556e089d1529bc2ea67b59026cd474982819d7110de368f
landsd/238698:0,Tung Chung Swimming Pool,-12_-1,footprint,unassessed,review,large-or-tall-form;native-source-missing-or-ambiguous,,yes,Tower,26.9,landsd,5339.9161,0cbd0902ab6b285a971437ce14cae68004d1420a488eb35260ac655364782faa
landsd/55446:0,,-7_-9,footprint,unassessed,review,source-or-terrain-diagnostic;native-envelope-differs;native-mesh-complexity-needs-review,sampled-base-above-terrain,yes,Tower,2.2,landsd,24.0803,d29161e3da4bbd201de3a0d1c56699f2d6a312ecab9f990e91c3f94ffc7ae87e
landsd/325381:0,,-6_-10,footprint,unassessed,likely-skip,ordinary-surveyed-form-small-native-envelope-difference-low-complexity,,yes,Tower,4.1,landsd,31.4226,defcdef792423efc52708856d37f8c704b920165f1485723b8b285db95ef3c8a
landsd/1228:0,,-4_-8,footprint,unassessed,review,native-envelope-differs;native-mesh-complexity-needs-review,,yes,Tower,5.0,landsd,24.2035,1fce334e45c2a7de2bc9825347df5cf5e1925c8fe2e82c0741c51af79c517273
landsd/197629:0,La Mansion House 43,-8_-9,footprint,unassessed,review,source-or-terrain-diagnostic;native-envelope-differs;native-mesh-complexity-needs-review,sampled-base-above-terrain,yes,Tower,10.0,landsd,54.7491,57dcb04f0287ab95bee9c99263e680ebe89f6b7498225b3d259f7c2855713cda
landsd/333422:0,,-7_-8,footprint,unassessed,review,estimated-height;nonordinary-or-support-form;native-source-missing-or-ambiguous,,shed,Temporary Structure,3.5,estimated,58.4625,f2434a817dbde419d4cd5caf1f664923c0158bbeb4afd5803beb17869c33c41f
landsd/225773:0,Wo Hong House,3_-2,footprint,unassessed,review,source-or-terrain-diagnostic;nonordinary-or-support-form;large-or-tall-form;native-envelope-differs;native-mesh-complexity-needs-review,sampled-roof-partly-below-terrain,apartments,Podium,14.6,landsd,3225.116,6af27198671b5391e9cb4df1885af662e3ba6b8001fc9f869ff53a009693b831
landsd/182273:0,,-7_-9,footprint,unassessed,review,native-envelope-differs;native-mesh-complexity-needs-review,,yes,Tower,8.2,landsd,64.4065,3993cf58b828a92632d52df944f0a7ef25a963abc62ef8f8a847929fe08f3757
landsd/307883:0,,2_-11,footprint,unassessed,review,estimated-height;nonordinary-or-support-form;native-source-missing-or-ambiguous,,shed,Temporary Structure,3.5,estimated,5.819,eda0b1199de36aa57056bd0b2fcce1ec1217fa2f6c36173da78cebab2fe1126b
landsd/10816:0,,-4_-9,footprint,unassessed,likely-skip,ordinary-surveyed-form-small-native-envelope-difference-low-complexity,,yes,Tower,3.9,landsd,37.2437,1a29a6b885dad5cc492c90addb454adb29afc044e1a6825cab83edb1eb7922aa
landsd/225949:0,,-2_-6,footprint,unassessed,review,estimated-height;nonordinary-or-support-form;native-source-missing-or-ambiguous,,shed,Temporary Structure,3.5,estimated,45.8168,6a98cd147680b88ee3826383ae5e63b5d171911ed0781ff381a0754370257305
landsd/104556:0,Fung Chi Tsuen Village Office,-8_-9,footprint,unassessed,review,source-or-terrain-diagnostic;native-envelope-differs;native-mesh-complexity-needs-review,sampled-base-above-terrain,yes,Tower,6.1,landsd,48.8372,ed028e85059484c217b5998932d073ea2d35c20e3a9dcfab183b877601faeb93
landsd/245646:0,,0_-3,footprint,unassessed,review,estimated-height;nonordinary-or-support-form;native-source-missing-or-ambiguous,,roof,Open-sided Structure,3.0,estimated,52.9096,59d3f9487d1c74b4b26b67844f8d14bb66d5204d7c7f9198e5a412a8a2a8d690
landsd/87571:0,,-3_-9,footprint,unassessed,review,source-or-terrain-diagnostic;native-envelope-differs,sampled-roof-partly-below-terrain;sampled-roof-wholly-below-terrain,yes,Tower,2.8,landsd,30.394,c9e6cab10b743cd36fa81f3be3395f28d2a9b6d3b2bd837ef032b90a57a00bdb
landsd/323450:0,,-3_-11,footprint,unassessed,review,native-envelope-differs,,yes,Tower,7.0,landsd,63.1659,9a088d808a99ad076731d7970b64077bc28284e8b683cfb12a245b6019f3feaa
landsd/338388:0,,-10_-6,footprint,unassessed,review,native-source-missing-or-ambiguous,,yes,Tower,9.2,landsd,10.3969,8cc886d26a1959733e77efbc6752f25fa8eda7999d0b898288cabb775ce19640
landsd/196595:0,,-1_-10,footprint,unassessed,review,estimated-height;nonordinary-or-support-form;native-source-missing-or-ambiguous,,shed,Temporary Structure,3.5,estimated,163.9999,a4acc4759c69b89d3e185e3e6d435b64f239c4c6f5754e83bcf1b79ac3838d11
landsd/233746:0,,0_-13,footprint,unassessed,review,native-envelope-differs;native-mesh-complexity-needs-review,,yes,Tower,6.2,landsd,69.4926,c0e03c8e2cc2c8e5d62d5bb468060ac7122a831536924626b4d14b7ed1e7642a
landsd/336625:0,KAI MING TEMPLE,-2_0,footprint,unassessed,enhancement-candidate,distinctive-use-or-landmark-with-footprint-only,sampled-roof-partly-below-terrain;sampled-roof-wholly-below-terrain,temple,Open-sided Structure,3,landsd,5.4228,80d88c9e441d8b13a78021c5e3e189e79914b5f0c325031c6f623dfbe1660783
landsd/5341:0,,-7_-9,footprint,unassessed,review,native-source-missing-or-ambiguous,,yes,Tower,3.0,landsd,3.6116,76f48f4c01742505cd002ac5e43e0599a46c0cbb3989eaf477d31e23bc006e2b
landsd/316235:0,,-4_-9,footprint,unassessed,review,estimated-height;nonordinary-or-support-form;native-source-missing-or-ambiguous,,shed,Temporary Structure,3.5,estimated,270.5067,491ff6034f47af1d0300805b6f6c47978f1383bed17af8cda190645556d90a58
landsd/197128:0,,-3_3,footprint,unassessed,likely-skip,ordinary-surveyed-form-small-native-envelope-difference-low-complexity,,yes,Tower,8.3,landsd,111.4205,43c07d3854eccb6dcd753d3d3e687e95c45f38c8a5c1a69e8e3461e6449708ce
landsd/15997:0,,-10_-6,footprint,unassessed,review,native-envelope-differs;native-mesh-complexity-needs-review,,yes,Tower,12.2,landsd,18.1271,370ceb755652482ee7b56962fa037acbb0cdb2d8a252c9661f618c1d956ca78a
landsd/117639:0,,-7_-8,footprint,unassessed,review,native-envelope-differs;native-mesh-complexity-needs-review,,yes,Tower,5.0,landsd,74.2638,3de057497cd1d1189e88c51b144ea426d6c42e4a97a1b87796b8238c2240add9
landsd/300873:0,,-3_-14,footprint,unassessed,review,estimated-height;nonordinary-or-support-form;native-source-missing-or-ambiguous,,roof,Open-sided Structure,3.0,estimated,25.1061,52dfb95385ca2fedd20eeaf19da1fab8e7b13fc631b85e02c623fed608e0ccef
landsd/48811:0,Lan Fong Building,0_-3,footprint,unassessed,review,native-envelope-differs;native-mesh-complexity-needs-review,,apartments,Tower,40.4,landsd,105.2119,94bf31ac909b15e4f8609027868c022a429cbbaae4a150c22164705c827703b9
landsd/17254:0,,0_-13,footprint,unassessed,review,native-envelope-differs;native-mesh-complexity-needs-review,,yes,Tower,8.2,landsd,64.2955,f2e72e1faf882d8365f99d3899e6b75d793ded2135e5ab24bfed98334267dc2c
landsd/224512:0,,0_-5,footprint,unassessed,review,source-or-terrain-diagnostic;estimated-height;nonordinary-or-support-form;native-source-missing-or-ambiguous,sampled-roof-partly-below-terrain;sampled-roof-wholly-below-terrain,shed,Temporary Structure,3.5,estimated,14.8562,8f638be9b051b5ca15c1ed86247b335c8ccef21cf0125914768afc04e6b2a847
landsd/37246:0,,5_-6,footprint,unassessed,likely-skip,ordinary-surveyed-form-small-native-envelope-difference-low-complexity,,yes,Tower,3.2,landsd,32.6584,e42f8e6af0c1eb8d6460853d0da8439e79960dd8222362f66ab10f3f5a4c8ac4
landsd/279569:0,,-9_-10,footprint,unassessed,likely-skip,ordinary-surveyed-form-small-native-envelope-difference-low-complexity,,yes,Tower,2.9,landsd,14.3645,a0a630da11b9b73de4f518b8db0518b5d7c9ce93fd47870e94a9689c7d23da79
landsd/218618:0,,-1_-12,footprint,unassessed,review,source-or-terrain-diagnostic;native-envelope-differs;native-mesh-complexity-needs-review,sampled-roof-partly-below-terrain;sampled-roof-wholly-below-terrain,yes,Tower,4.4,landsd,100.1673,0980fcaee819de5c9541a4941aabee1307a4df32cf2d4599d0d4676b4c27f944
landsd/202591:0,,-13_-6,footprint,unassessed,review,native-envelope-differs,,yes,Tower,6.4,landsd,65.0327,62a970d0c567aeca75ccd4a6b3a01ad12ba9b53530b4e43980b8cab8862512bc
landsd/319621:0,,0_-13,footprint,unassessed,review,native-envelope-differs;native-mesh-complexity-needs-review,,house,Tower,9.2,landsd,65.032,e069a77e372ddcaa512a16044ff00a06a9fec75c914d06f3b27652780ff22c81
landsd/1551:0,,-8_-9,footprint,unassessed,likely-skip,ordinary-surveyed-form-small-native-envelope-difference-low-complexity,,yes,Tower,11.1,landsd,32.1745,53dae7e19cf43bf51a7b4cad4b13433ddcb5b4972d5e86a51f57c777bead2d8a
landsd/191103:0,,-5_-8,footprint,unassessed,review,estimated-height;nonordinary-or-support-form;native-source-missing-or-ambiguous,,shed,Temporary Structure,3.5,estimated,44.2444,14139398938d846dc96d5820b3f047104d86dbf110bacc720dd33b635fcfc489
landsd/215496:0,,-2_-6,footprint,unassessed,review,native-envelope-differs;native-mesh-complexity-needs-review,,house,Tower,8.3,landsd,66.341,65c7082dab6fc45a6e72376837a2b387d137e83aa3a4582befd653c387747f01
landsd/218596:0,,3_2,footprint,unassessed,review,source-or-terrain-diagnostic;nonordinary-or-support-form;native-source-missing-or-ambiguous,sampled-roof-partly-below-terrain;sampled-roof-wholly-below-terrain,shed,Temporary Structure,2.7,landsd,6.3507,b25d51e19975f62968c94f475e0c9dd2c61b17ad014e9de6f0dbe7beae40675a
landsd/232538:0,MILLION BUILDING,1_-2,footprint,unassessed,review,nonordinary-or-support-form;native-envelope-differs;native-mesh-complexity-needs-review,,residential,Podium,11.2,landsd,213.3984,12c3995536e822db1c7113fd0f79ed6ed9e270c12273a051c5191c374b323320
landsd/122479:0,,-6_-11,footprint,unassessed,review,estimated-height;nonordinary-or-support-form;native-source-missing-or-ambiguous,,shed,Temporary Structure,3.5,estimated,235.3655,446584e8d56dfdad6f49a7650ca9f191858f7f44c2066390b32b342f27329511
landsd/316990:0,,-13_-7,footprint,unassessed,review,nonordinary-or-support-form;native-source-missing-or-ambiguous,,shed,Temporary Structure,6.0,landsd,41.3715,6f36c14af0856161c87d832bcd7c777e3d02f92eaf514fc28247efd2cb15a1a4
landsd/277176:0,,-5_-11,footprint,unassessed,review,estimated-height;nonordinary-or-support-form;native-source-missing-or-ambiguous,,shed,Temporary Structure,3.5,estimated,5.1601,ac17230dfd9d18579b4ba45a1f133320b3a62a9288391aa0be92f0337182ce15
landsd/105036:0,,1_-6,footprint,unassessed,review,estimated-height;nonordinary-or-support-form;native-source-missing-or-ambiguous,,shed,Temporary Structure,3.5,estimated,53.9225,541c00eeda229002bd92ba1cbfac063ad39ede0d009b587673c1f272caec8481
landsd/259855:0,,-6_-5,footprint,unassessed,review,estimated-height;nonordinary-or-support-form;native-source-missing-or-ambiguous,,roof,Open-sided Structure,3.0,estimated,12.7739,bc7b891a661443690b6cf9ddcf621c63bff9016260de8c10feb3f7bf36286706
landsd/125248:0,,-4_-12,footprint,unassessed,review,estimated-height;nonordinary-or-support-form;native-source-missing-or-ambiguous,,shed,Temporary Structure,3.5,estimated,247.0691,f752f878d85b14ec44c0c7f2ebecf6325d0e744d5e67425dd449351be1cfe58d
landsd/64613:0,Empire Hotel Causeway Bay,1_0,footprint,unassessed,review,large-or-tall-form;native-envelope-differs;native-mesh-complexity-needs-review,,yes,Tower,100.6,landsd,341.4831,4ec905e72ae054fc1cc71160a74a42cc2fcc283b32a3b31aee542b9515da2b57
landsd/312395:0,,-3_-11,footprint,unassessed,review,estimated-height;nonordinary-or-support-form;native-source-missing-or-ambiguous,,roof,Open-sided Structure,3.0,estimated,5.8916,d007407bbdf4e1ffd4fad67a3827d876e09e69a9828b86d1a893f40de93a4cea
landsd/215212:0,,4_-1,footprint,unassessed,review,source-or-terrain-diagnostic;nonordinary-or-support-form;native-source-missing-or-ambiguous,sampled-roof-partly-below-terrain;sampled-roof-wholly-below-terrain,shed,Temporary Structure,2.6,landsd,18.7708,aa3303a2faf5f2031b47a3d639649827e61bb27dc643763c53e5a4898ad76525
landsd/173195:0,,-1_-14,footprint,unassessed,review,source-or-terrain-diagnostic;native-envelope-differs,sampled-roof-partly-below-terrain;sampled-roof-wholly-below-terrain,yes,Tower,2.4,landsd,31.0368,92aba86de49277bf92fbf3aa23b66476fa0b6ca947d39d5d06a4aa06935b01ef
landsd/180847:0,,0_-14,footprint,unassessed,review,estimated-height;nonordinary-or-support-form;native-source-missing-or-ambiguous,,shed,Temporary Structure,3.5,estimated,60.0079,c3ef16a7b36d141226fd208f83ccc6b6251354f75fc93e32b8afcc6716beb8bd
landsd/224321:0,,-8_-9,footprint,unassessed,review,estimated-height;nonordinary-or-support-form;native-source-missing-or-ambiguous,,shed,Temporary Structure,3.5,estimated,109.0973,0abb929bf6ee1addfd8ef85d44716c7ecec72ad02d52ed9c3ebbdfd2cf6e6a41
landsd/43225:0,,-5_-9,footprint,unassessed,review,native-envelope-differs;native-mesh-complexity-needs-review,,house,Tower,9.2,landsd,47.8997,099709c2462e2c941e3bf0112bf03f776a6a8b13b894549c8a194700a5de5b29
landsd/55307:0,,-7_-9,footprint,unassessed,review,native-envelope-differs,,yes,Tower,3.5,landsd,37.5405,5cbcc1bbc5ba853feab5ac6694475829368b061af5fb2f17749a5b5ca90f4283
landsd/245399:0,CUHK FAA Thomas Cheung Kindergarten,3_-8,footprint,unassessed,review,large-or-tall-form;native-envelope-differs;native-mesh-complexity-needs-review,,yes,Tower,18.3,landsd,1644.1752,8e0524625efb149e24d79f1e9aa3ed7c13813226f227875865dbf80ef0855842
landsd/204814:0,,-8_-5,footprint,unassessed,review,native-envelope-differs,,yes,Tower,2.4,landsd,18.274,4711b39fc764670cefafc2944868b27e00256f37529db3d982802cdb7f17aa73
landsd/273070:0,,-5_-12,footprint,unassessed,review,estimated-height;nonordinary-or-support-form;native-source-missing-or-ambiguous,,shed,Temporary Structure,3.5,estimated,31.2872,25f40800434b4df9f01344e028775ff261f6db9e21788f9e6dd2f7a2144aa62c
landsd/120887:0,Yeuk Hui Study Hall,-8_-9,footprint,unassessed,review,native-mesh-complexity-needs-review,,yes,Tower,3.7,landsd,72.6575,0496ad099e24e47ecf4c156d67b19f29139f80f7b8e2bdf8b51893b1297a59d7
landsd/261723:0,Block 62,-1_-11,footprint,unassessed,review,native-envelope-differs;native-mesh-complexity-needs-review,,house,Tower,8.2,landsd,62.7713,3455f016a7cea258f90f86dbd10daef322ceb0c24209a454e42d2747e10ff254
landsd/306338:0,,-4_-8,footprint,unassessed,review,native-mesh-complexity-needs-review,,yes,Tower,5.3,landsd,27.9437,26df2f20579fb5bb82bd1b74462ba81c79485a43e07429df7b8c13fad96e0dc5
landsd/175294:0,,-6_-9,footprint,unassessed,review,estimated-height;nonordinary-or-support-form;native-source-missing-or-ambiguous,,shed,Temporary Structure,3.5,estimated,45.5936,0df015db1001863f6454f8d824c2a5988345de0b22b1c9036936129d07a2d61a
landsd/294964:0,,-4_-12,footprint,unassessed,review,estimated-height;nonordinary-or-support-form;native-source-missing-or-ambiguous,,roof,Open-sided Structure,3.0,estimated,51.5762,a4311b8d1298c631b72bf3bf676a6810465e0febbc0cbd6807b1947a56335a3f
landsd/280765:0,,-3_-3,footprint,unassessed,review,estimated-height;nonordinary-or-support-form;native-source-missing-or-ambiguous,,roof,Open-sided Structure,3.0,estimated,109.7991,0c63a68c231d10c1eee2d5720e859e05da20b2b43e437dc4399c73907d4a3af4
landsd/140817:0,,10_-10,footprint,unassessed,review,source-or-terrain-diagnostic,sampled-roof-partly-below-terrain,yes,Tower,7.1,landsd,32.6575,0e3f5e042e55157d3b84f3852b1e892a661813e36dde07002f665ba6c8b93812
landsd/85324:0,,3_-2,footprint,unassessed,likely-skip,ordinary-surveyed-form-small-native-envelope-difference-low-complexity,,yes,Tower,7.0,landsd,311.8062,b76efc208fa557197b26eb31d2009586142c6dc47a96832f89a48af259409f8b
landsd/45432:0,,-5_-9,footprint,unassessed,review,native-envelope-differs,,yes,Tower,5.0,landsd,89.0413,f860455543fe3790543399ffa90b5fee0960d08253753f1e0625fcc916dad7bc
landsd/233405:0,,-5_-9,footprint,unassessed,review,native-envelope-differs;native-mesh-complexity-needs-review,,yes,Tower,8.2,landsd,65.0205,01fc4bacf0ab88dcf2a85745aa742ac6c340f3d7d44c898f715bdeef1f158e9d
landsd/118612:0,,-6_-11,footprint,unassessed,review,estimated-height;nonordinary-or-support-form;native-source-missing-or-ambiguous,,shed,Temporary Structure,3.5,estimated,105.4806,dcb21e55f998f1fe1bad10c4af4a5e4bf4f9d306d009a22389c5ea529c82c63c
landsd/65511:0,,-7_-10,footprint,unassessed,review,native-envelope-differs;native-mesh-complexity-needs-review,,yes,Tower,7.1,landsd,47.1549,b45866cf341a91644fb2e33eca9b280b0c0925032a0a5f35631c1720e0190e8c
landsd/164683:0,,-7_-8,footprint,unassessed,review,estimated-height;nonordinary-or-support-form;native-source-missing-or-ambiguous,,shed,Temporary Structure,3.5,estimated,56.8428,a40fd322b117813910dc3256a3e3a071a313cf7e3dd3db71762a9e3d2c117d02
landsd/61550:0,,-8_-9,footprint,unassessed,review,native-envelope-differs;native-mesh-complexity-needs-review,,yes,Tower,4.0,landsd,35.0691,9063cd50dbf543739a299e8e1b66d6f38d0bfe59645a548defc174dba5f57715
landsd/38017:0,,-5_-12,footprint,unassessed,review,native-envelope-differs;native-mesh-complexity-needs-review,,yes,Tower,3.9,landsd,25.5591,b88f15f649e326e36ff60fcf6eba9201c3a311174a32e08af201811b91e6354c
landsd/338731:0,PRECIOUS BLOOD SECONDARY SCHOOL,4_1,footprint,unassessed,review,source-or-terrain-diagnostic;native-envelope-differs;native-mesh-complexity-needs-review,sampled-roof-partly-below-terrain;sampled-roof-wholly-below-terrain,yes,Tower,4.4,landsd,38.3367,3e2fdacb56129616649ad5bbd58272d453ecde977440ec3f650eb667ad3db5a8
landsd/238040:0,,2_-6,footprint,unassessed,review,estimated-height;nonordinary-or-support-form;native-source-missing-or-ambiguous,,roof,Open-sided Structure,3.0,estimated,262.0144,9f269f6988e30dbe07c91a3189b4f86cffc5d67bceda5f24ace1b4b73f7c834f
landsd/263449:0,Jubilee Centre,0_0,footprint,unassessed,review,source-or-terrain-diagnostic;large-or-tall-form;native-envelope-differs;native-mesh-complexity-needs-review,sampled-base-above-terrain,yes,Tower,63.6,landsd,598.5169,13222e3cd28937350598ed686b9885a23fe99b61dcc898ce0169821cf2d6bd24
landsd/33807:0,,5_-2,footprint,unassessed,review,source-or-terrain-diagnostic;native-envelope-differs,sampled-roof-partly-below-terrain,yes,Tower,3.4,landsd,32.5295,fbd59c8d49ebc3746ab0398ced97f191ab222ffdba47603f8b5dbc233fed23f7
landsd/16790:0,,-2_-14,footprint,unassessed,review,estimated-height;nonordinary-or-support-form;native-source-missing-or-ambiguous,,roof,Open-sided Structure,3.0,estimated,35.3146,bb6759125f22f091643167c509bf78d7904d869463f63e490d6fae544c81c8aa
landsd/321374:0,,1_-6,footprint,unassessed,review,estimated-height;nonordinary-or-support-form;native-source-missing-or-ambiguous,,roof,Open-sided Structure,3.0,estimated,42.3601,1d756864e8202bfe0af1aaa136b03552980c288c76f4de234cfe8dbd5b8c74a3
landsd/82261:0,Ming Tak Mansion,1_0,footprint,unassessed,review,large-or-tall-form;native-envelope-differs;native-mesh-complexity-needs-review,,apartments,Tower,72.4,landsd,196.6592,197e8b9732206a5fa12f4a36ad94a4325810afa1ed9ac4bd4af615990a802bfe
landsd/214338:0,,-7_-9,footprint,unassessed,review,estimated-height;nonordinary-or-support-form;native-source-missing-or-ambiguous,,shed,Temporary Structure,3.5,estimated,22.5094,04e05a6340a8e17af1e47e4994a0a35334bd194c72462d73f90e1a8bbaf5fb7e
landsd/102462:0,,-1_-2,footprint,unassessed,review,native-envelope-differs;native-mesh-complexity-needs-review,,yes,Tower,4.9,landsd,102.5834,ad923412ada29bdb0b7bd50ffbf5bc7497962486a4dc253a49d60a6524da4df2
landsd/185214:0,,5_-8,footprint,unassessed,review,native-envelope-differs,,yes,Tower,3.5,landsd,34.7655,9a48a1050412d8d26899bd3cfd47cdfa8b05a75d1b851ce26add7c2418c079cb
landsd/86108:0,Wing Fai Building,3_-2,footprint,unassessed,review,native-mesh-complexity-needs-review,,residential,Tower,22.2,landsd,258.4798,97345f42b777c2e47309b871a491b5bbb196e3833aa39d581eb356def2a1f42d
landsd/164392:0,,-1_4,footprint,unassessed,review,source-or-terrain-diagnostic,sampled-roof-partly-below-terrain;sampled-roof-wholly-below-terrain,yes,Tower,3.1,landsd,33.1496,ef63cdc8cb44c7fc8a21c85a26ca0a729f28708340ceedf8f7b0f75a7a4238fe
landsd/218224:0,,-6_-5,footprint,unassessed,review,native-envelope-differs,,yes,Tower,6.0,landsd,30.8971,abd95b5ceae59027d5b6f24b6c324ae6dc7c5927d43f5c351d9ceff29867bbe4
landsd/309946:0,,-8_-5,footprint,unassessed,review,native-envelope-differs,,yes,Tower,8.4,landsd,62.3302,013bbde8e78b20e904ed581a873731dbac895cefbf7d9669388e01d949cefac4
landsd/231922:0,,-8_-9,footprint,unassessed,review,estimated-height;nonordinary-or-support-form;native-source-missing-or-ambiguous,,shed,Temporary Structure,3.5,estimated,211.9701,5d0eb11effc436bf5d7c8c37b4bdf4deda28e6e9aa2b301893f68981ebdb5676
landsd/216507:0,,1_-5,footprint,unassessed,review,estimated-height;nonordinary-or-support-form;native-source-missing-or-ambiguous,,shed,Temporary Structure,3.5,estimated,42.8707,c600693b08a8828214ba580755231b25ba0aa22704c27519fceccaad95348e65
landsd/181878:0,,-6_-9,footprint,unassessed,review,estimated-height;nonordinary-or-support-form;native-source-missing-or-ambiguous,,shed,Temporary Structure,3.5,estimated,75.017,bc7a19e6b5014fcf87f166a06c6520964c4d9cc5f5003910acb927f743e9a058
landsd/77095:0,,6_-2,footprint,unassessed,review,estimated-height;nonordinary-or-support-form;native-source-missing-or-ambiguous,,roof,Open-sided Structure,3.0,estimated,21.1176,bdb2adc1baa6d2557f97df82a1068b11d61a5f3e9fe44a8863d2aec85606e2f8
landsd/189415:0,,-3_-13,footprint,unassessed,review,native-envelope-differs;native-mesh-complexity-needs-review,,yes,Tower,8.2,landsd,65.0195,62db731e3e8bf44ac98e6ed892c95d128bbf9cc4ae812ea6c3fe3f4d45355ce0
landsd/35301:0,,-7_-8,footprint,unassessed,review,native-envelope-differs,,yes,Tower,3.0,landsd,16.5434,0698ac1cf5cd698e1f3b729e2c9acf6217872298db49d1d01efb3bf8c680bebf
landsd/288446:0,,-5_-12,footprint,unassessed,review,estimated-height;nonordinary-or-support-form;native-source-missing-or-ambiguous,,shed,Temporary Structure,3.5,estimated,62.198,4ba3183fe59753bc248d0e8b1cf0de10d6e1d8199119d2c7f0f329a0c7d6b4dc
landsd/33347:0,Greenview Garden 12A,4_-3,footprint,unassessed,review,native-envelope-differs;native-mesh-complexity-needs-review,,yes,Tower,9.5,landsd,57.8696,013d64ca218331a8b40086bf779cd598e04db05bdb890a5b5e6b8292ee98ab2d
landsd/321000:0,,3_4,footprint,unassessed,review,estimated-height;nonordinary-or-support-form;native-source-missing-or-ambiguous,,shed,Temporary Structure,3.5,estimated,57.6996,9dde09589cb1c3201363da502edddbc2fdf345f5c63e4d9fe343b56a2f4f12c5
landsd/149175:0,Chun Hing San Tsuen Block 30,-8_-9,footprint,unassessed,review,native-envelope-differs;native-mesh-complexity-needs-review,,house,Tower,9.2,landsd,67.9637,20290e9a4b8e5a3350ec71cbd9d39be6176cde62daff8065f7051ccf7f732ac6
landsd/96045:0,,3_-11,footprint,unassessed,likely-skip,ordinary-surveyed-form-small-native-envelope-difference-low-complexity,,yes,Tower,5.8,landsd,41.6253,46a7568333629c57ca89841309cf526d6300adf39e64b197c379d97f8e3015a1
landsd/283261:0,,0_-14,footprint,unassessed,review,estimated-height;nonordinary-or-support-form;native-source-missing-or-ambiguous,,shed,Temporary Structure,3.5,estimated,79.3152,3a8a7dc75e8c19bc0ac1892255439d8782bfb30e845a662a244b203ae128beaf
landsd/306868:0,Lodgewood By Nina Hospitality Mong Kok,0_-2,footprint,unassessed,review,nonordinary-or-support-form;native-envelope-differs;native-mesh-complexity-needs-review,,hotel,Tower,14.5,landsd,442.4219,6ab9963bb249432470897264d385e1b2f7df64fee6bbf47ee436d4b391512d6a
landsd/229196:0,WOODGREEN ESTATE,0_2,footprint,unassessed,review,source-or-terrain-diagnostic;nonordinary-or-support-form;native-envelope-differs;native-mesh-complexity-needs-review,sampled-roof-partly-below-terrain,apartments,Podium,4.5,landsd,663.3536,9815ec63c27acf87c1dc2f53296155bfdf417d241ec2ee4007a985b3c158da94
landsd/91305:0,,1_-15,footprint,unassessed,review,native-envelope-differs;native-mesh-complexity-needs-review,,yes,Tower,8.3,landsd,64.6145,9c28a2a95e94ac0910f9283d0a46088679ab441127d2ff2c8b88ed579fe94899
landsd/287006:0,,-7_4,footprint,unassessed,review,native-envelope-differs;native-mesh-complexity-needs-review,,yes,Tower,5.4,landsd,56.1872,26584f75f9683606596b0ae0e1708b7843bd57eb294ce6b0d5ace52c8b9cce12
landsd/293926:0,,-9_-8,footprint,unassessed,review,estimated-height;nonordinary-or-support-form;native-source-missing-or-ambiguous,,shed,Temporary Structure,3.5,estimated,961.8319,a814d2760d75fd76b13c33798c0aeb0b681372d6bc210bb518d19dc6b240b245
landsd/89566:0,Nan Fung Sun Chuen Block 2,2_0,footprint,unassessed,review,source-or-terrain-diagnostic;large-or-tall-form;native-envelope-differs;native-mesh-complexity-needs-review,sampled-base-above-terrain,apartments,Tower,85.5,landsd,465.6569,78ce35aacefa3d17220826e8f48e325fad79560a1494426c878cd53fdb4e4e1e
landsd/328008:0,,-3_-11,footprint,unassessed,review,estimated-height;nonordinary-or-support-form;native-source-missing-or-ambiguous,,shed,Temporary Structure,3.5,estimated,57.2952,7a4d29590f074181f3e0162f7a916306b18af25e4725329f83a2dad1d7f6916f
landsd/259717:0,,-9_1,embedded,unassessed,review,existing-detail-without-current-acceptance,,yes,Tower,8.2,landsd,63.816,0c36b2526b5c001cc9e78428f62f19e2c5858bf3469c2e27846ce3cf246f9c06
landsd/139586:0,,2_-3,footprint,unassessed,likely-skip,ordinary-surveyed-form-small-native-envelope-difference-low-complexity,,yes,Tower,10.6,landsd,74.9021,d49d87bcca2b0e121fb1bec43df7bccaa54301c09fd512917506428fd923756e
landsd/273980:0,Passenger Terminal Building,-1_-15,footprint,unassessed,review,source-or-terrain-diagnostic;native-mesh-complexity-needs-review,sampled-base-above-terrain,yes,Tower,19.1,landsd,63.5367,6330a215640c83bd56c05cfb1a73c50a863ba08b9aa6d54e44ce6706e58097b7
landsd/46427:0,Un Shing House,-1_-3,footprint,unassessed,review,large-or-tall-form;native-envelope-differs;native-mesh-complexity-needs-review,,apartments,Tower,113.0,landsd,1379.1535,e9e0f5ccf6f1e5a031e2a1704bb5b811af0ad9de92ca521efc2f7408ae98d0d3
landsd/308321:0,,-6_-9,footprint,unassessed,review,estimated-height;nonordinary-or-support-form;native-source-missing-or-ambiguous,,shed,Temporary Structure,3.5,estimated,66.8493,71520641f6bb5293bbeeebe6da74a9e4f5bbb6d75072856d391be2c1b0ab4f3a
landsd/272318:0,,-6_-9,footprint,unassessed,review,estimated-height;nonordinary-or-support-form;native-source-missing-or-ambiguous,,shed,Temporary Structure,3.5,estimated,54.94,44dcaf56bf5649eb8d6b480f0f4e54a0d3a15023cce5568ca5f2b4a0fcd0e55b
landsd/76648:0,,-9_2,footprint,unassessed,review,source-or-terrain-diagnostic;native-source-missing-or-ambiguous,sampled-base-above-terrain,yes,Tower,4.2,landsd,43.6265,0fb7066840501d45cd11eafe2a7a2feb0810bb7efeb91ad4c57562fd09d6fc8d
landsd/339077:0,,7_0,footprint,unassessed,review,source-or-terrain-diagnostic;nonordinary-or-support-form;native-source-missing-or-ambiguous,sampled-roof-partly-below-terrain,roof,Open-sided Structure,2.2,landsd,36.2914,e3e4df1b57773760c89ebe1f8f3ac8df013224490aba35adf281ee39db838f51
landsd/57695:0,Feoso Building,-1_-3,footprint,unassessed,review,native-envelope-differs;native-mesh-complexity-needs-review,,industrial,Tower,41.3,landsd,917.005,efe4ea759afa48cad0888ecf89b4db01e799bcf4a77ffe51a781926f986a0a19
landsd/327014:0,,-13_-6,footprint,unassessed,review,nonordinary-or-support-form;native-source-missing-or-ambiguous,,roof,Open-sided Structure,2.6,landsd,80.3331,16e77c6b4417a247924738d0cb9969dfe583c289c381282a373187b4d36ca72e
landsd/212633:0,,-12_0,footprint,unassessed,review,native-envelope-differs;native-mesh-complexity-needs-review,,house,Tower,8.0,landsd,64.678,9bce4c45a1d2f824ad3dabf4e4c814dd4400e7ebc6da2146796a11d85b2b7eee
landsd/71362:0,,2_-7,footprint,unassessed,review,source-or-terrain-diagnostic;native-envelope-differs;native-mesh-complexity-needs-review,sampled-roof-partly-below-terrain;sampled-roof-wholly-below-terrain,yes,Tower,8.2,landsd,62.555,bbd1cbb9527d5fe7dd7af966b0b52c716b13bca7c12f39e4929ce35d47e62996
landsd/71950:0,,-5_-8,footprint,unassessed,review,native-mesh-complexity-needs-review,,yes,Tower,8.6,landsd,63.3917,ee09fbe397c4a6e7f3fbc3f345ed0778052e873f61188bee2bb6141db5c7f781
landsd/114376:0,,-8_-9,footprint,unassessed,review,native-envelope-differs,,house,Tower,8.9,landsd,35.6817,774c034215b1b31276ae9a1afdb2108dac501d4a3ff78079fc28d1f51225a4b5
landsd/285432:0,The Prestige Blk 9,-5_-8,footprint,unassessed,review,native-envelope-differs;native-mesh-complexity-needs-review,,house,Tower,8.3,landsd,64.1838,fa833c52108fa26a8ff464d8a91948b2e45fc848c015c4bc5fbcc68a73b92f79
landsd/164660:0,,-5_-12,footprint,unassessed,likely-skip,ordinary-surveyed-form-small-native-envelope-difference-low-complexity,,yes,Tower,2.4,landsd,18.092,1701d45430f6553155d8c7d3385cec5aa301d440cbc9018f5dc2b79c3c5d8454
landsd/87837:0,,-6_-9,footprint,unassessed,review,native-envelope-differs,,yes,Tower,11.3,landsd,65.8323,71fe2d5396f0a8848286444e759e1f7405a877be18828a7bb7662f0167a12ae9
landsd/173560:0,,-7_-8,footprint,unassessed,review,estimated-height;nonordinary-or-support-form;native-source-missing-or-ambiguous,,shed,Temporary Structure,3.5,estimated,116.1285,8d4b2e8c46ff28cacfd86ff67cd92693f162a636c444ea699cd87d3dbaadf826
landsd/271719:0,,-5_-11,footprint,unassessed,review,nonordinary-or-support-form;native-source-missing-or-ambiguous,,shed,Temporary Structure,3.1,landsd,98.7017,b9d217801d232f4eccc5e095e8a3e5123404b28ab297888d07e6cc76bfafd7dd
landsd/179063:0,,-14_-4,footprint,unassessed,review,estimated-height;nonordinary-or-support-form;native-source-missing-or-ambiguous,,service,Temporary Structure,3.5,estimated,30.8791,7551e5007eadc30e55bda754e9d9e98187eddfd47cceccd8c25397283fc03ef2
landsd/287154:0,,4_-3,footprint,unassessed,review,source-or-terrain-diagnostic;nonordinary-or-support-form;native-source-missing-or-ambiguous,sampled-roof-partly-below-terrain;sampled-roof-wholly-below-terrain,roof,Open-sided Structure,4.3,landsd,209.379,c6ab1c1876f1cafd79ed77a9b843873e0a666de9fa87a58ecd23ad290669fe9b
landsd/35613:0,,-7_-9,footprint,unassessed,review,native-envelope-differs;native-mesh-complexity-needs-review,,yes,Tower,8.4,landsd,65.0248,62e6e3287827812eaae356807a0e43428619f1ebf078b63edd65a0694d8ef3a4
landsd/76494:0,,-1_0,native,unassessed,review,existing-detail-without-current-acceptance,,yes,Tower,22.9,landsd,82.163,55c355fd787b08da7a9d9ddb57d2a6962a661b3dccf43421d2be9c97124b83f8
landsd/220819:0,,-3_-7,footprint,unassessed,review,native-envelope-differs,,yes,Tower,4.6,landsd,53.5632,eafc3f9900d3423e40a618ec3361a44059fcf343400fa53c4e83611f0da296a0
landsd/213955:0,,5_-6,footprint,unassessed,review,source-or-terrain-diagnostic,sampled-roof-partly-below-terrain;sampled-roof-wholly-below-terrain,yes,Tower,2.2,landsd,38.8048,fd31d7f1d24254834c6c964be30fe6bd0f50ef7d11884aa52c3f7ab7a6282a57
landsd/104277:0,,-6_-9,footprint,unassessed,likely-skip,ordinary-surveyed-form-small-native-envelope-difference-low-complexity,,yes,Tower,8.1,landsd,55.541,a1abf7ca47ddc803c2115b165d248724cee65331448e4c956550641ec071f8ae
landsd/93822:0,,1_1,footprint,unassessed,review,native-envelope-differs;native-mesh-complexity-needs-review,,apartments,Tower,10.7,landsd,121.9975,b46ff4dfe91cdec794833f6e7f3cadcff158fbc1ce79a5e983e48449c69fad28
landsd/194247:0,Hanford Garden Block 2,-10_-6,footprint,unassessed,review,large-or-tall-form;native-envelope-differs;native-mesh-complexity-needs-review,,retail,Tower,93.3,landsd,527.6946,4acf33f929e6500b989dd5068fc76275bae36b2242bb90f4e77f47b6e29d1209
landsd/40456:0,,6_-6,footprint,unassessed,review,estimated-height;nonordinary-or-support-form;native-source-missing-or-ambiguous,,roof,Open-sided Structure,3.0,estimated,23.7618,eaadb33117681f066386fe8ff16fdc55c0fc40fb97c4bd1525cdce26f35495ba
landsd/317855:0,,-1_-14,footprint,unassessed,review,native-source-missing-or-ambiguous,,yes,Tower,2.5,landsd,23.2661,30ead17b6eb59122ee599fdfcd6795c2275665b660d68dca3082a35a050d6d5c
landsd/40487:0,HOPES VILLA,6_-6,footprint,unassessed,review,estimated-height;nonordinary-or-support-form;native-source-missing-or-ambiguous,,roof,Open-sided Structure,3.0,estimated,14.1077,c04407a6a642f01183947045ad3e968b8f6fb9cbb526303f12256816ee93ecdd
landsd/134844:0,,-3_-13,footprint,unassessed,review,estimated-height;nonordinary-or-support-form;native-source-missing-or-ambiguous,,shed,Temporary Structure,3.5,estimated,96.304,54059092150bdc43244926e12bd5c2d4d51db56d4521525a7459836e100d43b5
landsd/54665:0,,-2_-13,footprint,unassessed,likely-skip,ordinary-surveyed-form-small-native-envelope-difference-low-complexity,,yes,Tower,12.1,landsd,36.5976,6e21c0fe819ab4b72008af087d8fe264101e4be13af8dfd6b58fbd0d970c96d6
landsd/126466:0,,-8_-8,footprint,unassessed,review,native-envelope-differs;native-mesh-complexity-needs-review,,yes,Tower,8.0,landsd,64.4303,8db6c259ce1c184fead32be29d5f9ef2e8c43604600b7d3d52671d226f6432b3
landsd/36194:0,,-1_-11,footprint,unassessed,review,estimated-height;nonordinary-or-support-form;native-source-missing-or-ambiguous,,shed,Temporary Structure,3.5,estimated,36.9297,08f11161188cadaeea316dda637ed8b11cfccdfc4cebc71fdabe2447ffa38778
landsd/255118:0,,5_-6,footprint,unassessed,review,source-or-terrain-diagnostic;native-envelope-differs,sampled-roof-partly-below-terrain;sampled-roof-wholly-below-terrain,yes,Tower,4.3,landsd,3.6771,f26fde1ce8bcc7de663febc18f2a1621823fcdc1ddb181245ded73f78b4fbd1e
landsd/337855:0,Cyberport 3 A Core,-2_1,footprint,unassessed,review,native-envelope-differs;native-mesh-complexity-needs-review,,yes,Tower,35.1,landsd,872.6714,5796aaf1b036e46d2c1f3d8b4549b03e6f15daa4e8b6255c6e5ed6010a8b0f8c
landsd/244736:0,,-1_-6,footprint,unassessed,review,source-or-terrain-diagnostic;native-envelope-differs;native-mesh-complexity-needs-review,sampled-roof-partly-below-terrain;sampled-roof-wholly-below-terrain,yes,Tower,2.8,landsd,90.6582,58d7def2c5d8fe2a0251724db5bfb80cf2883dc630464df4c7c576ea8af6d4db
landsd/287058:0,,-5_-8,footprint,unassessed,review,estimated-height;nonordinary-or-support-form;native-source-missing-or-ambiguous,,roof,Open-sided Structure,3.0,estimated,39.967,e292ba000735016db6ff75da860d361b8ddbcf7e4963db982bd3620fc8431788
landsd/154621:0,,5_-1,footprint,unassessed,likely-skip,ordinary-surveyed-form-small-native-envelope-difference-low-complexity,,yes,Tower,4.2,landsd,27.336,3f6760d766c6455f90982487ac165afccb67564a2ef04ddb99e6aea9a6788f3e
landsd/285012:0,,-1_-11,footprint,unassessed,review,native-source-missing-or-ambiguous,,yes,Tower,8.3,landsd,65.0306,dc38f564db5292ac2c22ff34634a62108d8c58078d36d85ffacef31d8a9e4e86
landsd/261238:0,,-4_-8,footprint,unassessed,review,estimated-height;nonordinary-or-support-form;native-source-missing-or-ambiguous,,shed,Temporary Structure,3.5,estimated,93.975,a62849656a2ab989b013b84eb58e9b1512962d8c650fc6abfee1fb96f59b6da4
landsd/269113:0,,-4_-12,footprint,unassessed,review,estimated-height;nonordinary-or-support-form;native-source-missing-or-ambiguous,,roof,Open-sided Structure,3.0,estimated,10.9056,59dc1d52c03fa5c155e16a11df613e89fa39297115de7ca01f76110ad4b245b9
landsd/239035:0,,4_3,footprint,unassessed,review,native-envelope-differs,,yes,Tower,2.9,landsd,65.8935,3979a59d1c3f358e52de773bf050cdc0288d52a9c285ca2bd62e716f2c5e719c
landsd/97741:0,Casa Marina II House 13,1_-10,footprint,unassessed,review,source-or-terrain-diagnostic;native-envelope-differs;native-mesh-complexity-needs-review,sampled-base-above-terrain,house,Tower,14.6,landsd,88.7539,6dd5416321e8e8cd77656f6185d6c86cf8db30b206c199d98619495ca7b5c4f8
landsd/102483:0,,-3_-13,footprint,unassessed,review,estimated-height;nonordinary-or-support-form;native-source-missing-or-ambiguous,,shed,Temporary Structure,3.5,estimated,473.0852,5e1a5f38098d821b03f4ec7b9c296f0285bfae363083b2c4fe1645ad0365d692
landsd/17558:0,,-6_-11,footprint,unassessed,likely-skip,ordinary-surveyed-form-small-native-envelope-difference-low-complexity,,yes,Tower,4.4,landsd,34.0845,0910d74f537c4e4fcc0d94cf82f920c6a6fcc6455b39a2a1f7be9d13a2eb8d32
landsd/163635:0,Burnside Villa Block A1-A6,2_2,footprint,unassessed,review,native-envelope-differs;native-mesh-complexity-needs-review,,house,Tower,9.7,landsd,428.4623,b43464417d928ee8d90b21ca900efbb815ebfdffb37e12ab9c2c062d299001d5
landsd/53353:0,,8_-7,footprint,unassessed,review,source-or-terrain-diagnostic,sampled-roof-partly-below-terrain;sampled-roof-wholly-below-terrain,yes,Tower,4.9,landsd,41.7493,1d141baaedcf16da62338511413c8e9c54c778d38c72b834d9edb4e22c528212
landsd/309189:0,,2_-13,footprint,unassessed,review,estimated-height;nonordinary-or-support-form;native-source-missing-or-ambiguous,,roof,Open-sided Structure,3.0,estimated,2.0794,421c677027caf9e07e42f26d780dc5a24b03134cc2dfdbd6f041b23153fee1dc
landsd/275766:0,,-7_-8,footprint,unassessed,review,nonordinary-or-support-form;native-source-missing-or-ambiguous,,shed,Temporary Structure,5.4,landsd,17.9788,bf7b010bc49f1f7e16622b5a397302dc70647dd984afdbabfa8586551155fd7a
landsd/108268:0,HONG KONG DISNEYLAND RESORT,-7_-2,footprint,unassessed,review,large-or-tall-form;native-envelope-differs;native-mesh-complexity-needs-review,,yes,Tower,8.8,landsd,8487.8969,ff0108e41efdf03a5e85bf069f1ec1d0d76b1cef1b58976c088b336a0f01fa93
landsd/153899:0,,-2_-12,footprint,unassessed,review,source-or-terrain-diagnostic;native-envelope-differs;native-mesh-complexity-needs-review,sampled-base-above-terrain,apartments,Tower,8.1,landsd,55.283,51fb4d96538bffcf8b144878259b8b2bb25c7891f1cb0cd912bc370e5f5760fd
landsd/327194:0,,-7_-9,footprint,unassessed,review,estimated-height;nonordinary-or-support-form;native-source-missing-or-ambiguous,,shed,Temporary Structure,3.5,estimated,207.5183,4013ab8e6128fffbefc4d60623853ee52db998aa216536045641f85079a2d127
landsd/8577:0,,-7_-12,footprint,unassessed,review,estimated-height;nonordinary-or-support-form;native-source-missing-or-ambiguous,,roof,Open-sided Structure,3.0,estimated,12.2233,baf9a1673efd9dd4dfb3fd2772cbf5eace38fc7f4eb73cc0ccd0bfbfbd23b6b6
landsd/90005:0,,0_-2,footprint,unassessed,review,native-envelope-differs;native-mesh-complexity-needs-review,,yes,Tower,21.1,landsd,62.35,c78166ef84dfa2bf4b4b2ffc03001baa46a9d64477e197c03c1d13435ab0b2f1
landsd/325776:0,,-9_-9,footprint,unassessed,review,estimated-height;nonordinary-or-support-form;native-source-missing-or-ambiguous,,shed,Temporary Structure,3.5,estimated,134.0604,53d95212fb2d90ad2d69900874a2c9fade60fae6a5354b2586a8b0287490b926
landsd/247768:0,,-7_-8,footprint,unassessed,review,estimated-height;nonordinary-or-support-form;native-source-missing-or-ambiguous,,roof,Open-sided Structure,3.0,estimated,48.3086,1ae8b42f69df1dc2fc9c95cc2e3ed28665fb3c7a172ed284aff6c251f6002911
landsd/95237:0,Le Palais Block 36,3_3,footprint,unassessed,review,native-mesh-complexity-needs-review,,house,Tower,12.6,landsd,114.8914,cdb2e6760ac51b01e92960490a03adce7abe044647f5cbc4469f8628ba857b10
landsd/236020:0,Telford Gardens Block Q1,2_-2,footprint,unassessed,review,source-or-terrain-diagnostic;native-mesh-complexity-needs-review,sampled-base-above-terrain,retail,Tower,30.1,landsd,444.3852,806d0e197acd0b3e1968129075c160d372339c0249ad81a70b50971ca76ff79d
landsd/161325:0,,-3_-13,footprint,unassessed,review,estimated-height;nonordinary-or-support-form;native-source-missing-or-ambiguous,,shed,Temporary Structure,3.5,estimated,27.8864,9d4efb74ae31e90b757c4275f6b0afc5ca95d9ca507d4b26fdacb9afe86cc062
landsd/82493:0,The Church of Jesus Christ of Latter-Day Saints,1_-6,footprint,unassessed,enhancement-candidate,distinctive-use-or-landmark-with-footprint-only,sampled-roof-partly-below-terrain;sampled-roof-wholly-below-terrain,church,Tower,8.9,landsd,459.4414,c2b990093b48fb536185cdaa881adc58d8b2771fb95372d95657874f7c0427df
landsd/318060:0,,-5_-8,footprint,unassessed,review,estimated-height;nonordinary-or-support-form;native-source-missing-or-ambiguous,,roof,Open-sided Structure,3.0,estimated,10.721,fbc884d46354b58c719414d25975ecbf3a55790efcd30cabe2fc4ff43d67eeb9
landsd/18117:0,,-11_-9,footprint,unassessed,review,native-envelope-differs;native-mesh-complexity-needs-review,,yes,Tower,4.2,landsd,10.2865,f5985c40d59976eab56b7a55377fd8e1390b41394b428a6cd2c56d010d0525ea
landsd/158178:0,HONG KONG HOBIE CLUB,3_3,footprint,unassessed,review,source-or-terrain-diagnostic;native-envelope-differs;native-mesh-complexity-needs-review,sampled-roof-partly-below-terrain;sampled-roof-wholly-below-terrain,yes,Tower,2.7,landsd,30.3723,6590d4c29d37122446889e41c0279cfc5d18313fb465d74f8ae2486956312905
landsd/272736:0,,-4_-8,footprint,unassessed,review,native-envelope-differs;native-mesh-complexity-needs-review,,yes,Tower,8.2,landsd,117.4419,aa5a03a1111ba74cb468d1fb14aac5c7f1cd542e25b81299927ca73bb6e498db
landsd/303524:0,,-6_-2,footprint,unassessed,review,nonordinary-or-support-form;native-source-missing-or-ambiguous,,apartments,Temporary Structure,6.9,landsd,150.6021,10db09fabc51b56c9bc1bdae3a2a05e7ec8b11bf206a8f37e3c3883296a72d77
landsd/162458:0,,-4_-9,footprint,unassessed,review,estimated-height;nonordinary-or-support-form;native-source-missing-or-ambiguous,,roof,Open-sided Structure,3.0,estimated,146.0281,aefb05b1a10564ed35afed7ece210ddfcb4b8ebdcf5d49372da7571307b28663
landsd/333486:0,,-2_-13,footprint,unassessed,review,native-source-missing-or-ambiguous,,yes,Tower,8.1,landsd,65.0362,d9f0d0df51d0ed96c787e2fc15bd797ea2adbd937481dabe3b3ccb7af6ff8fc2
landsd/42160:0,,1_-5,footprint,unassessed,review,native-mesh-complexity-needs-review,,house,Tower,10.9,landsd,62.0432,050d34d3a82c8047e993ff6ff700ea52ee5bea0c0fecc644fea9f9b905d61256
landsd/169820:0,THE LUSTRE (BLK 5),-8_-2,footprint,unassessed,review,source-or-terrain-diagnostic;nonordinary-or-support-form;native-envelope-differs,sampled-base-above-terrain,apartments,Podium,6.2,landsd,5.0087,fe42d8f65136960926f1d42de44c8e6ed3753c641237ffa3e111bdc14a2c0679
landsd/184631:0,,-3_-11,footprint,unassessed,review,estimated-height;nonordinary-or-support-form;native-source-missing-or-ambiguous,,shed,Temporary Structure,3.5,estimated,25.6666,75477fe1275cc59b5b3400e79d8a768ca5ab4c95ace242f99234ba38d42144df
landsd/153195:0,,5_-5,footprint,unassessed,review,native-envelope-differs;native-mesh-complexity-needs-review,,yes,Tower,8.1,landsd,64.7133,b6281cfda91025cd8a37cb717d183e771e6c31c77157d488190879c19d3bf09d
landsd/108990:0,,-9_-9,footprint,unassessed,likely-skip,ordinary-surveyed-form-small-native-envelope-difference-low-complexity,,yes,Tower,11.8,landsd,32.6982,cee6f704ef06782d1cde19cae939a914b737973100f9412e117f4851003f173a
landsd/93986:0,,-2_-9,footprint,unassessed,review,native-envelope-differs;native-mesh-complexity-needs-review,,house,Tower,8.1,landsd,63.7423,53e7fdc9d7c6dd00be5a669a2cd44f45ef80f01521a341e9a213de4c5b8b8c8e
landsd/18353:0,CHING HEI HSE (BLK 6),-8_-10,footprint,unassessed,review,nonordinary-or-support-form;native-envelope-differs;native-mesh-complexity-needs-review,,apartments,Podium,3.7,landsd,1340.0376,ff09455398a112dbc6e7d83672ae090db218bf5519951f5509cfe55d7e192474
landsd/269779:0,,5_-8,footprint,unassessed,review,estimated-height;nonordinary-or-support-form;native-source-missing-or-ambiguous,,shed,Temporary Structure,3.5,estimated,28.0317,6107f1359684455e49fda05fb3f0fde05c72550ef20094814f2d3131b112441f
landsd/91333:0,The Reach Tower 12,-7_-9,footprint,unassessed,review,large-or-tall-form;native-envelope-differs;native-mesh-complexity-needs-review,,apartments,Tower,81.1,landsd,483.7185,be21db10c7e84e5c77f5f0e76492e2203cd864e15f877ae522417a51d735eda3
landsd/174845:0,HONG KONG YWCA SYDNEY LEONG HOLIDAY LODGE,-11_2,footprint,unassessed,review,source-or-terrain-diagnostic,sampled-roof-partly-below-terrain;sampled-roof-wholly-below-terrain,yes,Tower,2.2,landsd,4.4279,466b0e694d0a91d9f6a5de3dfb89fca8a5c2eeb2c12b842a0cb95b03c0300b4b
landsd/289324:0,,-1_-12,footprint,unassessed,review,estimated-height;nonordinary-or-support-form;native-source-missing-or-ambiguous,,roof,Open-sided Structure,3.0,estimated,233.4078,364cb57d4f0d1dade4c0915f0396ad33292b76d48585e5437187e7d4297e6b1e
landsd/15580:0,,1_-14,footprint,unassessed,likely-skip,ordinary-surveyed-form-small-native-envelope-difference-low-complexity,,yes,Tower,7.2,landsd,42.1683,ee28124121d0edcb8f91f84460ee9eb24e424fc77c6a0c784aaa187f8f6e1894
