uid,name,government_model,source_key,source_sha256,status,reason_families,reasons,needs_user_decision,needs_ai_processing,needs_compute_processing,next_step,neon_disposition_job
landsd/26195:0,,B351161568102063C1,828133bbea286a52de1484a5163766bfab7ee42b0b4c07a8be3e756f0cabe7e6/B351161568102063C1,50da67a3a009c3c832d2bfdbd08640c89d958ef8cf077d1c172e7059900f8af9,held-unknown,identity-or-component-coverage; terrain-or-foundation,full-source-identity-bound:sourceExcessCoveredByUnrelatedFormsM2; full-source-identity-bound:sourceExcessMaximumDistanceFromTargetM; full-source-identity-bound:targetCoveredBySourceProjection; strict-identity-fit; terrain-intersects-source-over-0.5m,False,unknown,unknown,"Changed authoritative component/footprint/source or terrain evidence, or a demonstrated code correction resolving the recorded failures; rerun complete identity/contact/foundation/runtime/neighbour/browser gates.",527b8972ca30e61856437530778bf8499c71adbc8f6ef3d838d32f7a8d4591a9
landsd/265851:0,,B347881979902063C1,e0b18b14edfb22334913f06de8bc312f8936a32cfd0ad5222c51a6f4d73bde1d/B347881979902063C1,2e62d85b88cd369e0901664a508884498720a7c84c03528a0fcf5f4cf3baf9b5,held-unknown,terrain-or-foundation,terrain-intersects-source-over-0.5m; whole-source-foundation,False,unknown,unknown,"Retain current upper/unknown-height components. Establish complete original component ownership and support, then rerun source-specific physical/runtime/browser gates. Projection or height-plane coverage grants no suppression.",a4cf2dd1b02d5c5f7c7fa7031ec80b28ff0908aa3e465ddca5226284f305639e
landsd/263423:0,,B399541863802063C0,710e2c45f9fdb3138c5b6d9e736347e5ac73543dcfb6e02146ff3873fbbdd644/B399541863802063C0,44839b47ec51db17f72eca474516b1f7a960476f4426990e180c7f8dafe3e341,held-unknown,identity-or-component-coverage; terrain-or-foundation,full-source-identity-bound:sourceExcessMaximumDistanceFromTargetM; strict-identity-fit; terrain-intersects-source-over-0.5m,False,unknown,unknown,"Changed authoritative component/footprint/source or terrain evidence, or a demonstrated code correction resolving the recorded failures; rerun complete identity/contact/foundation/runtime/neighbour/browser gates.",471c6d2d55e6877ad8e91b1af7210ac6ababadde9d08cafbe0491ee901f96be7
landsd/210032:0,,B354191720501063C0,f2c3e43b5d165d3e8d01162d66e65543cd6452c00a5c033b221386ab7de6d96b/B354191720501063C0,a8635ec84493ea64fa8b803bc5ea6e90f1dcd46979674e9d6d24445067491de7,held-unknown,identity-or-component-coverage; terrain-or-foundation,full-source-identity-bound:sourceExcessCoveredByUnrelatedFormsM2; full-source-identity-bound:sourceExcessMaximumDistanceFromTargetM; strict-identity-fit; terrain-intersects-source-over-0.5m,False,unknown,unknown,"Changed authoritative component/footprint/source or terrain evidence, or a demonstrated code correction resolving the recorded failures; rerun complete identity/contact/foundation/runtime/neighbour/browser gates.",635e54767389e3323ee0a4bb987dfec3c178bf4cded7f929d2388c0df7d7e7f9
landsd/134332:0,Citywalk,B297602566802063C0,bd4c7e039557ef7ec1605008cd091396a22c06c2254eab72b1abc4daf9306605/B297602566802063C0,b2d26e9f7a3b033877cd8c2aa6e6c363fec2cdcc2c09af8b06a1e3f583ad17df,held-unknown,component-support,existing-reviewed-Citywalk-Vision-City-support-hold,False,unknown,unknown,"Existing reviewed terrain/foundation and292 neighbours pass, but five installed Vision City towers depend on the surveyed basic podium and294 original interface samples remain unresolved. The no-review-only ten-source worker correctly refused this reviewed source; preserve its existing review and use a dedicated dependency-resolution route.",03b8b55d90bba9a3098072325e07875c20111c42b8e18bb9dbd310ea8afff823
landsd/205767:0,,B353581737001063C0,9a7ababfddba566c364e3af1419d32c9db3e24ceadd9660ca77c4533d668ef88/B353581737001063C0,2fbf7665466f9cd015b00d263913002e3de6dc268d9c590f9815853d182eea89,held-unknown,identity-or-component-coverage; terrain-or-foundation,full-source-identity-bound:sourceExcessCoveredByUnrelatedFormsM2; full-source-identity-bound:sourceExcessMaximumDistanceFromTargetM; strict-identity-fit; terrain-intersects-source-over-0.5m; whole-source-foundation,False,unknown,unknown,"Changed authoritative component/footprint/source or terrain evidence, or a demonstrated code correction resolving the recorded failures; rerun complete identity/contact/foundation/runtime/neighbour/browser gates.",da40541bb650f577f4a332a2ee98d86773994ccb5f290ab0939692f519b84346
landsd/233901:0,,B367981548502063C0,f6dd237c3db9ea044e3c67ac9eea0c56f27b3b8a41181e6422c15a608ccdd85a/B367981548502063C0,b99bab8c423a1697c4adeed4225140c03992e46553a7507066a3da5dd426ad47,held-unknown,identity-or-component-coverage; terrain-or-foundation,full-source-identity-bound:sourceExcessMaximumDistanceFromTargetM; strict-identity-fit; terrain-intersects-source-over-0.5m; whole-source-foundation,False,unknown,unknown,"Changed authoritative component/footprint/source or terrain evidence, or a demonstrated code correction resolving the recorded failures; rerun complete identity/contact/foundation/runtime/neighbour/browser gates.",60368b7ba310a2e2af13f3322930290a9f6672f22961c89530abe371289beef5
landsd/281463:0,,B321562211902063C0,93b038da85367d685bc8e5084b8d7defb0598ef908d84591cda97e951a02c629/B321562211902063C0,1480540e0a32849425d5238eeea7ecb3a7124633226c1eae9cab2d041b968d86,held-unknown,identity-or-component-coverage; terrain-or-foundation,full-source-identity-bound:sourceExcessMaximumDistanceFromTargetM; terrain-intersects-source-over-0.5m; whole-source-foundation,False,unknown,unknown,"Changed authoritative component/footprint/source or terrain evidence, or a demonstrated code correction resolving the recorded failures; rerun complete identity/contact/foundation/runtime/neighbour/browser gates.",4827b0d4d7796e7f998620a5db14ce5413139192196d92975e79be60c2d78922
landsd/64856:0,,B343251620701063C0,d5ad46b119a22a5d8780a43392efccd26c82e479c1e98af560fbb46cb49ba438/B343251620701063C0,d0cf990103d9c85bd3adc101d015de2eeed97314cfaaed14b88e0dd8d87c7b5f,held-unknown,identity-or-component-coverage; terrain-or-foundation,full-source-identity-bound:sourceExcessMaximumDistanceFromTargetM; strict-identity-fit; terrain-intersects-source-over-0.5m,False,unknown,unknown,"Changed authoritative component/footprint/source or terrain evidence, or a demonstrated code correction resolving the recorded failures; rerun complete identity/contact/foundation/runtime/neighbour/browser gates.",76269fd7ca979c7f2ce4fcbeecb913ee86eafd5490272db971497c10d33dcd22
landsd/232240:0,,B375841567402063C0,75b5edde8afeaf175e91b8230cbc7f618d1ebe5ffe18e71e38192a8507e0fd1a/B375841567402063C0,d33beb18ab1ecd41bf45e2c0d36424173d0b2f6e4cf4e5f48ca563f8837b95da,held-unknown,identity-or-component-coverage; terrain-or-foundation,full-source-identity-bound:sourceExcessMaximumDistanceFromTargetM; full-source-identity-bound:targetCoveredBySourceProjection; strict-identity-fit; terrain-intersects-source-over-0.5m; whole-source-foundation,False,unknown,unknown,"Changed authoritative component/footprint/source or terrain evidence, or a demonstrated code correction resolving the recorded failures; rerun complete identity/contact/foundation/runtime/neighbour/browser gates.",5423bfeaf69479a92846798bc17e5420a487254d7f774951592cc563eaa111cd
landsd/75643:0,,B227511866801062G0,6160458c874a208737f7269674f1c5c68bba0ae453f1aa21d7aa0b689cb2f3ff/B227511866801062G0,4c8e577256875f9ecc67fe5728e262113d852748ac743798b804f9b090f0dbc2,held-unknown,identity-or-component-coverage,runtime-original-footprint-fit-failed,False,unknown,unknown,"Changed authoritative component/footprint/source or terrain evidence, or a demonstrated code correction resolving the recorded failures; rerun complete identity/contact/foundation/runtime/neighbour/browser gates.",62e0e457c585a3b62ca4d249fbc3da13cc9a122aeb301af7b16081232242229f
landsd/162768:0,,B130291991401063C1,1602d59ada6f40af0ba6f0f544adc856f766ac10f69ecd529746b30fe8ffa6e6/B130291991401063C1,8df09bfde9d69f09ccbec06f7c45cff3d0095d209616b49917465428f89a3c14,held-unknown,identity-or-component-coverage; terrain-or-foundation,full-source-identity-bound:sourceExcessCoveredByUnrelatedFormsM2; full-source-identity-bound:sourceExcessMaximumDistanceFromTargetM; sampler-rendered-terrain-disagreement; strict-identity-fit; terrain-intersects-source-over-0.5m; whole-source-foundation,False,unknown,unknown,"Changed authoritative component/footprint/source or terrain evidence, or a demonstrated code correction resolving the recorded failures; rerun complete identity/contact/foundation/runtime/neighbour/browser gates.",226670c8023bb6af993cec72618419f5f42c02608f82c18fb4f422f8329a48c9
landsd/72354:0,,B344151985202063C0,e6d0fad5e461bc9bb63e6a7cbfde43d9cdf80a4cb75fcef23f5721415d7e580b/B344151985202063C0,38fd11ec0a1af842baa4cc274c4141bbc2c816468a44b8376c59d8fd2fc2f2b9,held-unknown,identity-or-component-coverage; terrain-or-foundation,full-source-identity-bound:sourceExcessMaximumDistanceFromTargetM; terrain-intersects-source-over-0.5m; whole-source-foundation,False,unknown,unknown,"Changed authoritative component/footprint/source or terrain evidence, or a demonstrated code correction resolving the recorded failures; rerun complete identity/contact/foundation/runtime/neighbour/browser gates.",a0a00116e76c4f8936b1f8b5f4260a3c1691273cb3a75a66d7f2ed93d400bc46
landsd/289067:0,,B218653379702063C0,d8dd631ac65de2790f694981e8402bafd0f0f33e1a65bbce74d03db17e307d4b/B218653379702063C0,6d77b86d168811da753a742e3e18e432d29153c07616178ac89426dc7ccf434c,held-unknown,identity-or-component-coverage; terrain-or-foundation,full-source-identity-bound:sourceExcessCoveredByUnrelatedFormsM2; strict-identity-fit; terrain-intersects-source-over-0.5m; whole-source-foundation,False,unknown,unknown,"Changed authoritative component/footprint/source or terrain evidence, or a demonstrated code correction resolving the recorded failures; rerun complete identity/contact/foundation/runtime/neighbour/browser gates.",e7145c4bf94dc0279f3b7300aa1ac712f41144d699ba9e7427366eb3e97f7849
landsd/245792:0,,B344532032902063C0,e6d0fad5e461bc9bb63e6a7cbfde43d9cdf80a4cb75fcef23f5721415d7e580b/B344532032902063C0,00ec979fcd65e006b1c9d20abb6e0d90c43afe273f4aae115ae370b49ea53738,held-unknown,identity-or-component-coverage; terrain-or-foundation,full-source-identity-bound:sourceExcessCoveredByUnrelatedFormsM2; full-source-identity-bound:sourceExcessMaximumDistanceFromTargetM; full-source-identity-bound:targetCoveredBySourceProjection; strict-identity-fit; terrain-intersects-source-over-0.5m; whole-source-foundation,False,unknown,unknown,"Changed authoritative component/footprint/source or terrain evidence, or a demonstrated code correction resolving the recorded failures; rerun complete identity/contact/foundation/runtime/neighbour/browser gates.",544ff9e3b07e625578673a4bc737996472f146862f341dc6ad7ebad9ffaf9b3e
landsd/275446:0,,B384612039102062G1,b640b635e280d14f057983d82c97cc463ba0337241068b2f9844b30a0bf894e1/B384612039102062G1,8277969df373528689a5bf630bbd60c9b71d547e5951fc3a6eb3aa444c0b6880,held-unknown,identity-or-component-coverage; terrain-or-foundation,full-source-identity-bound:sourceExcessCoveredByUnrelatedFormsM2; full-source-identity-bound:sourceExcessMaximumDistanceFromTargetM; strict-identity-fit; terrain-intersects-source-over-0.5m; whole-source-foundation,False,unknown,unknown,"Changed authoritative component/footprint/source or terrain evidence, or a demonstrated code correction resolving the recorded failures; rerun complete identity/contact/foundation/runtime/neighbour/browser gates.",7c2de7cb8c08412bebac6c39d0592baced1a8feb1f449b95b2b7e54d81b823ee
landsd/309823:0,,B451992201301063C0,54d94c4815e909944f0dd165c779e74d86a7dacd62323e95185bd131963b022c/B451992201301063C0,7270510e89f268a8c114ba787cdf9a1d4255d55acdc0d05bb4dfd81922f0e65a,held-unknown,identity-or-component-coverage; terrain-or-foundation,full-source-identity-bound:sourceExcessCoveredByUnrelatedFormsM2; full-source-identity-bound:sourceExcessMaximumDistanceFromTargetM; ground-contact-unresolved; strict-identity-fit; terrain-intersects-source-over-0.5m; whole-source-foundation,False,unknown,unknown,"Changed authoritative component/footprint/source or terrain evidence, or a demonstrated code correction resolving the recorded failures; rerun complete identity/contact/foundation/runtime/neighbour/browser gates.",016ba7019e05f9a09991da78ca655e4052114e2f989956033d3980677011f406
landsd/167911:0,,B334771463301063C0,bd0a80f0732fd91b68080ea251bb144c7f23cb6392521946b9beb3d1a30e88dc/B334771463301063C0,774fa3bd7fd59ac1a67ee0d35d683a69ec81d455a6e1f89304652bf05c357b41,held-unknown,identity-or-component-coverage; terrain-or-foundation,full-source-identity-bound:sourceExcessCoveredByUnrelatedFormsM2; full-source-identity-bound:sourceExcessMaximumDistanceFromTargetM; strict-identity-fit; terrain-intersects-source-over-0.5m; whole-source-foundation,False,unknown,unknown,"Changed authoritative component/footprint/source or terrain evidence, or a demonstrated code correction resolving the recorded failures; rerun complete identity/contact/foundation/runtime/neighbour/browser gates.",02bd97bb052d6d161ffe513b3972c1fcfb5a22b09fc9e16ced410da560f79032
landsd/233227:0,,B370971793102063C0,d736380b7cd856b4f0291d1c1897ba59b9e3d2b7b1c8970dc16e4e54d9611086/B370971793102063C0,b59787a14f989eae55dcb47cafdc4f076215e9190ebcb2136a2277d10f4203a0,held-unknown,identity-or-component-coverage; terrain-or-foundation,full-source-identity-bound:sourceExcessMaximumDistanceFromTargetM; strict-identity-fit; terrain-intersects-source-over-0.5m; whole-source-foundation,False,unknown,unknown,"Retain current upper/unknown-height components. Establish complete original component ownership and support, then rerun source-specific physical/runtime/browser gates. Projection or height-plane coverage grants no suppression.",57315a75255f3fa2f28c80b926aedd9eaca01bdcbc87ee1825a8c65b788fea96
landsd/99482:0,,B365943453301063C0,d5d8b82c9d967e076dc7c0a8dbb5d7c371675acccc36fb8daa53c0f57fd30045/B365943453301063C0,1ec68112caa3e93f200c6a07851e7e9d85f4fa8a25e9b9271877e7098e99e030,held-unknown,identity-or-component-coverage,runtime-original-footprint-fit-failed,False,unknown,unknown,"Changed authoritative component/footprint/source or terrain evidence, or a demonstrated code correction resolving the recorded failures; rerun complete identity/contact/foundation/runtime/neighbour/browser gates.",b23ebac18d9d84002348ce7058e65cb71615fc03b600433b0b3af8938cbbe0d2
landsd/43101:0,,B456572683001063C0,6f9e5d5479b80f639138cc4dd324c6a4a7975532966527931722699f2779c4ae/B456572683001063C0,52ff46b2a9d19be07e2f885e3bd97f9362338b75a4e6d14b2539266b0ebb570f,held-unknown,identity-or-component-coverage,runtime-original-footprint-fit-failed,False,unknown,unknown,"Changed authoritative component/footprint/source or terrain evidence, or a demonstrated code correction resolving the recorded failures; rerun complete identity/contact/foundation/runtime/neighbour/browser gates.",ed3c5c14bbfc51064d051576763f8d92f32caa835fd210100e3c7a0d646dd1ea
landsd/337553:0,,B105281936801063C0,9f61f5ef51dede8360f12b98f6035f1919e90d60f1b5360c85c4feb403e4f26d/B105281936801063C0,8a58f1b0934b86ecaf16f5cf1675c39c09bb83665f3bfab14e367c689bd83c84,held-unknown,identity-or-component-coverage; terrain-or-foundation,full-source-identity-bound:sourceExcessMaximumDistanceFromTargetM; strict-identity-fit; terrain-intersects-source-over-0.5m; whole-source-foundation,False,unknown,unknown,"Changed authoritative component/footprint/source or terrain evidence, or a demonstrated code correction resolving the recorded failures; rerun complete identity/contact/foundation/runtime/neighbour/browser gates.",674806089115aa79df787bdece33078d89eedef916b36ba724ceaa23a688be3c
landsd/337552:0,,B105461930801063C0,8adeb8151364e8c6113c6532f476ed7842c9a5ab381a003faddb051b2b7cd97e/B105461930801063C0,6d067048d6903ff9ff3efb32cf9922329b0fa5dae75604253bf6be21b28c4728,held-unknown,identity-or-component-coverage; terrain-or-foundation,full-source-identity-bound:sourceExcessMaximumDistanceFromTargetM; strict-identity-fit; terrain-intersects-source-over-0.5m; whole-source-foundation,False,unknown,unknown,"Changed authoritative component/footprint/source or terrain evidence, or a demonstrated code correction resolving the recorded failures; rerun complete identity/contact/foundation/runtime/neighbour/browser gates.",78ad75d3db5e9eb29be4f88b689cc674cc51d979af684219e6e13becc6b85a46
landsd/273672:0,Yoho Mall II,B216693401802063C0,6d30395548fdd21d76634c29d7425849d8c717b7ef374c2c3599d57aebf28366/B216693401802063C0,7f0845f30d9f51b2e15b35e39a8be73cfe650bd08a995c290eaed4e3f4812887,held-unknown,neighbour-impact; terrain-or-foundation,landsd/273672:0:sampled-terrain-above-model-bottom; landsd/273672:0:terrain-intersects-source-over-0.5m; landsd/273672:0:whole-source-foundation; terrain-regresses-neighbour:landsd/3006:0; terrain-regresses-neighbour:landsd/3007:0,False,unknown,unknown,New source-specific terrain/support evidence is required; do not repeat this unchanged full physical route.,bcc93cfc96aa61d4ff6e6bac4e39329eccb6f8db652539ac14fd54d569a447fe
landsd/268828:0,The Esplanade,B148562748601063C0,a36a37372df653f8c7dbb11655024cee3d580a8c85f84690f8649bf61446214b/B148562748601063C0,38a2e79ad1b90b7f800f1920b3a22a3890bd177cbc9258feccb32a9d7bd332f8,held-unknown,terrain-or-foundation,ground-contact-unresolved; sampled-ground-gap-below-model-bottom,False,unknown,unknown,Changed source/terrain/component evidence or a verified code correction addressing these specific failures; rerun all acceptance gates before installation.,a9efc3a0eeb2e02f4615e409e0bd76794d8dae762ceac13ed045d9b62d3537d1
landsd/14395:0,B295312549302063C0,B295312549302063C0,bd4c7e039557ef7ec1605008cd091396a22c06c2254eab72b1abc4daf9306605/B295312549302063C0,d31b4955e072e0390a2ae4df9865b739387696a8bdb85a3c5050434c042d9abc,held-unknown,identity-or-component-coverage,source-identity-fit,False,unknown,unknown,Changed source/terrain/component evidence or a verified code correction addressing these specific failures; rerun all acceptance gates before installation.,22788a37bd2320e514e46844b543cd2df89b1e320449e99c36158a3e90a34e3e
landsd/228219:0,FU TOR LOY SHOPPING CENTRE,B348632009402063C0,adf1d085a79951ff976393a3672cda66812a6fd2482559fc4b7435331c50964b/B348632009402063C0,2834bd884faa0987cf9220842334370a07db81f87f2b335b6ed47f2f2941fff5,held-unknown,neighbour-impact,terrain-regresses-neighbour:landsd/231442:0; terrain-regresses-neighbour:landsd/232818:0; terrain-regresses-neighbour:landsd/233770:0; terrain-regresses-neighbour:landsd/233775:0,False,unknown,unknown,"Own terrain/foundation/runtime and retained native72357 pass. Four basic towers still regress; earlier exact basic/native support diagnostics remain failed. Need new original component support/identity evidence, not another unchanged terrain attempt.",108a78ba976626b96ca6340abdf492a720b8820e383b04b3cc838a05a3e29d1f
landsd/283036:0,,B334732175502063C0,be026e2c8b7e9eb731a78624347b43ddcb45cf4dd24077987047dde96b6680e3/B334732175502063C0,e96526dd6ed7eba3907827f63aaae687a0adf1820e46ca4fa75753e3ab90d177,held-unknown,identity-or-component-coverage; terrain-or-foundation,full-source-identity-bound:sourceExcessCoveredByUnrelatedFormsM2; strict-identity-fit; terrain-intersects-source-over-0.5m; whole-source-foundation,False,unknown,unknown,"Changed authoritative component/footprint/source or terrain evidence, or a demonstrated code correction resolving the recorded failures; rerun complete identity/contact/foundation/runtime/neighbour/browser gates.",7d7e19a9d71894104bde5c9bb6d7ddf46889f2f51104032ec3ee8d3d30a13cfe
landsd/204155:0,The Harbourside Tower 3,B346591824001063C0,9d831261575c14cefa55303c176b7d4f21585b35a2bcd2d32a794e801de14e4c/B346591824001063C0,e570e7aca0143d5fff19bf8612c66ede15f3f4a2ed0ee4a95b39a7db38ad2a80,held-unknown,identity-or-component-coverage,fresh-current-spatial-bound:sourceExcessMaximumDistanceFromTargetM; full-source-maximum-extent,False,unknown,unknown,"A corrected original source/terrain/component match or verified code correction resolving the recorded failures, followed by all acceptance checks.",800616bdd76fff090649eddd33056ec76811a3fde01778fce12a826eae7aeb40
landsd/33396:0,Star House,B354261731201063C0,f2c3e43b5d165d3e8d01162d66e65543cd6452c00a5c033b221386ab7de6d96b/B354261731201063C0,200b83da07a41f01a028815178d53f28cd73cba432ff29ccc9dd8ac74d07ec07,held-unknown,neighbour-impact; terrain-or-foundation,ground-contact-unresolved; sampled-ground-gap-below-model-bottom; terrain-regresses-neighbour:landsd/215934:0,False,unknown,unknown,Changed source/terrain/component evidence or a verified code correction addressing these specific failures; rerun all acceptance gates before installation.,f6c552efab4f1cfd691db3caa36deea60a1f69df6fbb4f8e138106b7d333fe8e
landsd/193086:0,B333392151502063C0,B333392151502063C0,16a36c3f9437ad1adafcf944acbd09185ba890144c898034ea585f2643f46618/B333392151502063C0,d24d090ed2711744be1b4cd326da724a2a17baa5368720c8ac12e7bd42823b91,held-unknown,identity-or-component-coverage,source-identity-fit,False,unknown,unknown,Changed source/terrain/component evidence or a verified code correction addressing these specific failures; rerun all acceptance gates before installation.,cae78331e82f9d4a5b0eec237025a38127c34a09465131819b2640a50a1afc74
landsd/258411:0,PLAZA ASCOT,B389132909502063C0,cfd1fceb4646dab0f65a4df941cb2d53cbaca8ee35b45b879cfc8cb56b284753/B389132909502063C0,72235dc188564c6d97cab27b928b414d4f4a4c817416e1aac90e73026365067b,held-unknown,identity-or-component-coverage,source-identity-fit,False,unknown,unknown,Changed source/terrain/component evidence or a verified code correction addressing these specific failures; rerun all acceptance gates before installation.,4a40f57b0db4e620024860c434738cf352869f114b6392d64b5a2e9436f9402f
landsd/264677:0,Folkland Mansion,B349182048401063C0,0069c72b88199caa8955f45dee25ca3abcece3924ce1d4ce2fa116055e861980/B349182048401063C0,d0800736fe971a38c473b4c8014141aa18d3f1ad3cb43891fc25c0d0505e943f,held-unknown,identity-or-component-coverage,source-identity-fit,False,unknown,unknown,Changed source/terrain/component evidence or a verified code correction addressing these specific failures; rerun all acceptance gates before installation.,b57202fd36db4aee053294030d42fab56eb05d41362ddb42907bea877cc2cb17
landsd/4759:0,Hong Kong Museum of History,B363231808901063C0,10bdc3efcab8645fd14246efcbf232ea182a02b7c29636a386e300239442708f/B363231808901063C0,77020ca33988edda329fdfb04ef9e03ef68f7d8b2aab63cd59c9e8c3c1451d8c,held-unknown,identity-or-component-coverage,source-identity-fit,False,unknown,unknown,Changed source/terrain/component evidence or a verified code correction addressing these specific failures; rerun all acceptance gates before installation.,80745475c520cf132c83aa500ee00018814e332aaae0320068612aff52f2ae66
landsd/239351:0,OLYMPIAN CITY 2,B348241969002063C0,e0b18b14edfb22334913f06de8bc312f8936a32cfd0ad5222c51a6f4d73bde1d/B348241969002063C0,7634f1f1056be930007fad6f1ae9f6785e43be6cb2653c96795169bd1abc368d,held-unknown,identity-or-component-coverage,source-identity-fit,False,unknown,unknown,Changed source/terrain/component evidence or a verified code correction addressing these specific failures; rerun all acceptance gates before installation.,6f318a96452f96aa398357728f20178a574a1c6f998bae32fb2ac3874c207adc
landsd/289787:0,Mount Sterling Mall,B323332207602063C0,dbffdf33c7302e7d9a2a7040d2cd34ca59a354043e351acb04037d3d94b46dd3/B323332207602063C0,04bb5a8766240087eb95d190672d0ccf4464b30be67bde02584af8dd8adc959c,held-unknown,identity-or-component-coverage,source-identity-fit,False,unknown,unknown,Changed source/terrain/component evidence or a verified code correction addressing these specific failures; rerun all acceptance gates before installation.,d496430a50a87807d526172b66e50120e59db73852c7f82d41310de7c4d29f0f
landsd/256113:0,Hong Kong Parkview Block 5,B387021326001063C0,62fd9d40d3d4af65b55fba799a0377c16db48438a18017aea1c1533ff62c3958/B387021326001063C0,e617ec29988d8e129edea1a16be51f8124694c736336ebe5e672120523b0394d,held-unknown,neighbour-impact; terrain-or-foundation,ground-contact-unresolved; native-neighbour-regression:landsd/254491:0; sampled-ground-gap-below-model-bottom; terrain-regresses-neighbour:landsd/254491:0,False,unknown,unknown,Changed source/terrain/component evidence or a verified code correction addressing these specific failures; rerun all acceptance gates before installation.,3af5134e8ee518ffa9bb9efcc492fa88ceb38075130e4558a5ece995d218b276
landsd/189427:0,Yoho Mall I,B219423400602063C0,d8dd631ac65de2790f694981e8402bafd0f0f33e1a65bbce74d03db17e307d4b/B219423400602063C0,371ab03231021e27ccc89d2cca415c581a4ec1478e878b0b36b4e83c9fa930b2,held-unknown,identity-or-component-coverage,source-identity-fit,False,unknown,unknown,Changed source/terrain/component evidence or a verified code correction addressing these specific failures; rerun all acceptance gates before installation.,575d9a9b3a5ecbc320940ef56598c8bd345dc41cea42fd9656fb6900283713ef
landsd/6803:0,Tower 1,B150432687101063C0,31fe3eb57a4ae3afdf31d63ee92ae491b0e508ae12e857b0b12381a1df81abfe/B150432687101063C0,a11e419f765cd64a422aa0e18ca0c9d8e8d0fd5ce90ca68eadaba7eb6632a5a7,held-unknown,terrain-or-foundation,ground-contact-unresolved; sampled-ground-gap-below-model-bottom,False,unknown,unknown,Changed source/terrain/component evidence or a verified code correction addressing these specific failures; rerun all acceptance gates before installation.,410d12046a61130a66d94375476cd1fb2d5af130ca72911274cb29a9ba5f8592
landsd/147996:0,B350352046901063C0,B350352046901063C0,0069c72b88199caa8955f45dee25ca3abcece3924ce1d4ce2fa116055e861980/B350352046901063C0,aa2f514855c60e67fdb9e1f2122f7615b2d9f9670afc745c13736c3d338c116a,held-unknown,identity-or-component-coverage,source-identity-fit,False,unknown,unknown,Changed source/terrain/component evidence or a verified code correction addressing these specific failures; rerun all acceptance gates before installation.,575b336f8db990e5e19a886de4ead7e535d7d9f825f714651c61a90b831223eb
landsd/72296:0,LEE KONG COMMERCIAL BUILDING,B355751853202063C0,3756d39d62512c0ba56c0186cd6fcc7ec11f750605c3c924df1e7aa4f1591dd7/B355751853202063C0,50f75b4c2d094f1da18b914601d0b78d2d93f2e1d96ff7ec894b397ac7b07f34,held-unknown,identity-or-component-coverage,source-identity-fit,False,unknown,unknown,Changed source/terrain/component evidence or a verified code correction addressing these specific failures; rerun all acceptance gates before installation.,ddc73f4c677f1be95fd084f86ca76dbe1d9dc23595dca5caa3bcaec6f1f5e42d
landsd/21662:0,B323912225002063C0,B323912225002063C0,83f4d45d63b0c62fe4dda75c27a02c8506d2d42b0a240cfd36c30806ef0b64e0/B323912225002063C0,f4443f1120704d1093bd8247622a89cc0396c1b026d6556426e44155c4808508,held-unknown,identity-or-component-coverage,source-identity-fit,False,unknown,unknown,Changed source/terrain/component evidence or a verified code correction addressing these specific failures; rerun all acceptance gates before installation.,7382f3325186c7207562a6288402cdaf3e193afc5f428ea749375b11a35506e5
landsd/275510:0,The Wave Tower 1,B161192672901063C0,44f644c3aa99e3a7514b69c04e0e4841aba7df414a29ed1474197a09884f1917/B161192672901063C0,152e3667ea93adab7659b3bcb714ae96f3c67dbf7db213f572ef3383245f32c6,held-unknown,terrain-or-foundation,ground-contact-unresolved; sampled-ground-gap-below-model-bottom,False,unknown,unknown,Changed source/terrain/component evidence or a verified code correction addressing these specific failures; rerun all acceptance gates before installation.,ed7cf6916de8421f240eacbaad8c859fc746bd233d05b2fc1fb4f1a52097c531
landsd/255917:0,Hong Kong Parkview Block 3,B386681329501063C0,62fd9d40d3d4af65b55fba799a0377c16db48438a18017aea1c1533ff62c3958/B386681329501063C0,d4f34d7811735c4e42d435448fca9633bf7b0be13bf9e2e980ce0c954a1ffd32,held-unknown,neighbour-impact; terrain-or-foundation,ground-contact-unresolved; sampled-ground-gap-below-model-bottom; terrain-regresses-neighbour:landsd/256114:0,False,unknown,unknown,Changed source/terrain/component evidence or a verified code correction addressing these specific failures; rerun all acceptance gates before installation.,04806b62a5c3ef620b7387d6933d32470f8c63ee18f117f4143536426b65e47f
landsd/227593:0,VICTORIA MALL,B354081820402063C0,3756d39d62512c0ba56c0186cd6fcc7ec11f750605c3c924df1e7aa4f1591dd7/B354081820402063C0,4eeeb698a238233de5db23cf53f8f05099e2fc56e7c3324cd7f8bd8bfd64dc3d,held-unknown,identity-or-component-coverage,fresh-current-spatial-bound:sourceExcessMaximumDistanceFromTargetM; full-source-maximum-extent,False,unknown,unknown,"A corrected original source/terrain/component match or verified code correction resolving the recorded failures, followed by all acceptance checks.",bf48c21b865acbd53ba319f2dc5e2959f7da804f73281f640fcf090b67b932f4
landsd/336430:0,Kowloon Park Administration Building,B355991810301063C0,3756d39d62512c0ba56c0186cd6fcc7ec11f750605c3c924df1e7aa4f1591dd7/B355991810301063C0,ac4a25a43dc73f685d2281b71d165e1f0b5e912a0c2ae13bccf57ab741536a5f,held-unknown,identity-or-component-coverage,source-identity-fit,False,unknown,unknown,Changed source/terrain/component evidence or a verified code correction addressing these specific failures; rerun all acceptance gates before installation.,691c8c78426d38460b5b15c1bfad89e0c2215bf96b30861b50c654a0ef5d0942
landsd/244683:0,B338822106702063C0,B338822106702063C0,36a3861c4efb24c58ca4ecbb91c37a9c1a2402fe2a6bd463108d8a663422672e/B338822106702063C0,5716298309776020bd7fb92cdc609dada531dbc0b45e326b15ad2c08e5f599ff,held-unknown,identity-or-component-coverage,source-identity-fit,False,unknown,unknown,Changed source/terrain/component evidence or a verified code correction addressing these specific failures; rerun all acceptance gates before installation.,d545eef795617949d334e3fc14c19a609b4a35c982c5e0280922743594c90b4a
landsd/285642:0,,B352671784102063C0,ee5310370d794b09411c6339096cafac14499ead61ccc90912d6073fadb62b8b/B352671784102063C0,497add1b80f09d1036dd0278c91fed355f9b788f6f2b80b0408f12bc35082cc6,held-unknown,terrain-or-foundation,sampler-rendered-terrain-disagreement; terrain-intersects-source-over-0.5m; whole-source-foundation,False,unknown,unknown,"Retain current upper/unknown-height components. Establish complete original component ownership and support, then rerun source-specific physical/runtime/browser gates. Projection or height-plane coverage grants no suppression.",00f673567add013b8ac89e9df4e9bcfac028776d72420a2da7efc769a87a35c8
landsd/98845:0,Nob Hill Square,B321352250102063C0,c6779ef99ac48e46d9d9404dbb47ee4f0d05d2a85c0f5efd34e929779a54036e/B321352250102063C0,8e12cea0652e6f513050f0bc45f25316ee0f1373be9b43d965e8bfcd75884b0d,held-unknown,identity-or-component-coverage,source-identity-fit,False,unknown,unknown,Changed source/terrain/component evidence or a verified code correction addressing these specific failures; rerun all acceptance gates before installation.,b68a671d62eda99b3c0ee3140c338e3b0b2bacff9ebb738b65cfe77c25b5cfcd
landsd/255646:0,Hong Kong Parkview Block 7,B387201317101063C0,8c657e8fa1227ddad1b28bf083ea0ebea94cc46ee359b29ef3149c26d519662b/B387201317101063C0,8a1d266a4f8c4ccbfaae8774c9d54e781955b27f834624304d6af010b0decf2d,held-unknown,neighbour-impact; terrain-or-foundation,ground-contact-unresolved; sampled-ground-gap-below-model-bottom; terrain-regresses-neighbour:landsd/255435:0; terrain-regresses-neighbour:landsd/255438:0; terrain-regresses-neighbour:landsd/256113:0,False,unknown,unknown,Changed source/terrain/component evidence or a verified code correction addressing these specific failures; rerun all acceptance gates before installation.,136b6d0abd475311863d15664d12e4181f931590261359944c923cbce56cdcd1
landsd/236418:0,LAI CHI KOK PARK SWIMMING POOL,B321792234702063C0,c6779ef99ac48e46d9d9404dbb47ee4f0d05d2a85c0f5efd34e929779a54036e/B321792234702063C0,7739bf84368ae38c3afeae2ca2e3bcd0771e12d528dbeecc36521e8e5712a33e,held-unknown,identity-or-component-coverage,source-identity-fit,False,unknown,unknown,Changed source/terrain/component evidence or a verified code correction addressing these specific failures; rerun all acceptance gates before installation.,e3a23cac48b096c3436315f91ea2a75cb08e8d66140a5d991d7cec29e78deb05
landsd/301636:0,,B216933408902063C0,6d30395548fdd21d76634c29d7425849d8c717b7ef374c2c3599d57aebf28366/B216933408902063C0,88497660f40256fa62868e1e80fff1cbebeff358c7f3cd9df1d5604f3370b0f8,held-unknown,identity-or-component-coverage; terrain-or-foundation,full-source-identity-bound:sourceExcessCoveredByUnrelatedFormsM2; full-source-identity-bound:sourceExcessMaximumDistanceFromTargetM; strict-identity-fit; terrain-intersects-source-over-0.5m; whole-source-foundation,False,unknown,unknown,"Changed authoritative component/footprint/source or terrain evidence, or a demonstrated code correction resolving the recorded failures; rerun complete identity/contact/foundation/runtime/neighbour/browser gates.",90c316b7c52fd55231a413826a1ae7fe2b6b81289df0069f7c7dffd999260182
landsd/56054:0,,B301584154301063C0,527d4bc28b1c8bf706b6e29a9f72a121cda432f49ef76a5854cd9237e9932ca1/B301584154301063C0,76ee08f0c71b97728e943666840654123f2efa7856b66bec551eed15496b8867,held-unknown,identity-or-component-coverage; terrain-or-foundation,full-source-identity-bound:sourceExcessCoveredByUnrelatedFormsM2; full-source-identity-bound:sourceExcessMaximumDistanceFromTargetM; strict-identity-fit; terrain-intersects-source-over-0.5m; whole-source-foundation,False,unknown,unknown,"Changed authoritative component/footprint/source or terrain evidence, or a demonstrated code correction resolving the recorded failures; rerun complete identity/contact/foundation/runtime/neighbour/browser gates.",b38f5b88071e260266b12335d24b2d100307283e03a801d75da600c1bc169f07
landsd/300857:0,The YOHO Hub Tower 1,B218543408101063C0,d8dd631ac65de2790f694981e8402bafd0f0f33e1a65bbce74d03db17e307d4b/B218543408101063C0,564e368b907626a699573d0c76f5d79446d8a1ef1b520592152020dccece5ba5,held-unknown,terrain-or-foundation,ground-contact-unresolved; sampled-ground-gap-below-model-bottom,False,unknown,unknown,Changed source/terrain/component evidence or a verified code correction addressing these specific failures; rerun all acceptance gates before installation.,d2af3a229128bd909bbbbb3bc307f3c92225b963edf4a4823c0c83f41c781ee6
landsd/184287:0,Heya Aqua Tower 2,B339412218501063C0,29d8e67bc139e44d08188938cc2eda2eeb5dc132772d370980aca9b6cd2a3bc1/B339412218501063C0,411ae56e4714fb6f8fcb9b8a8f2796e9d4b1970d5d72723d4579eef99975883a,held-unknown,identity-or-component-coverage,current-target-does-not-cover-whole-georef-cell,False,unknown,unknown,Changed source/terrain/component evidence or a verified code correction addressing these specific failures; rerun all acceptance gates before installation.,b85e687af720f59a65e404c2adb2e8e0a2d7a74e0f7f8ce07a924f19922246d5
landsd/190963:0,Siu Hong Shopping Centre,B157953036301063C0,97723df4ee325527aa34c1232017812939f6af5aaa34e6e07c67f8e63cfc11f1/B157953036301063C0,e4220c79428d6234672c3d40f49660dad2b7ab877884fff2c9b3f1acc2dc96ed,held-unknown,identity-or-component-coverage,source-identity-fit,False,unknown,unknown,Changed source/terrain/component evidence or a verified code correction addressing these specific failures; rerun all acceptance gates before installation.,506cbad894efa980669a9c002baaeb5c27c6101f6349e959c76f671fdb4575ec
landsd/264206:0,CHINA MERCHANTS TOWER (EAST TOWER),B336901655802063C1,a7b6d2c77b8fc599c9f9deb72afdcd63a6187e7f78af97ab3c3de971c6cc9ca4/B336901655802063C1,0ff5adae4dae90e856af6fb6f40112a24198668ca9dfc66e9570b058739b50fb,held-unknown,other-validation-failure,"full-original-source-local-physical-route-guard:('Requires retained native patch handling', ['city/data/terrain-government-xl-central-pier-successor-installed-v2-20261007.json'])",False,unknown,unknown,"Handle the installed Central Pier terrain wrapper and its eight children with explicit parent replacement, exact retained geometry and all retained-model checks; root-only route stops before physical evaluation. This guard is not source corruption.",9aeaff98e4e886880ed0fdf664ea6d4b1ab6a0f72fcdb60bf4d30c86c4567ef0
landsd/118230:0,Two Harbourfront,B378291822401063C0,82269a9a6ea1176753291bb0cb9e0d5aa688567c8b40f44cbbf6a39e215127a2/B378291822401063C0,0e9740f9b9b3061aa4f4bbe26b397db58f870476aa0716745339e505a79c51ff,held-unknown,terrain-or-foundation,sampled-terrain-above-model-bottom; terrain-intersects-source-over-0.5m,False,unknown,unknown,Changed source/terrain/component evidence or a verified code correction addressing these specific failures; rerun all acceptance gates before installation.,272c7a63322fccb3b6f1ca5460b6da93f645975e71e3502061bb0608318107ff
landsd/127037:0,Stonecutters Island Sewage Treatment Works Sedimentation Tanks,B324952061001063C0,26eb39867b9fb402adf8a97f06f8bfb87935b25a7115f131fb759a768ce8c95f/B324952061001063C0,36af6c014ae69e699d5346b6700b8fe58944d3d16123f71f5bcbe5d0d7b60e43,held-unknown,identity-or-component-coverage,source-identity-fit,False,unknown,unknown,Changed source/terrain/component evidence or a verified code correction addressing these specific failures; rerun all acceptance gates before installation.,f6a408f224427e23f7e7c9c736bd53bf9eb10e35b48a25e8a6f9ff8b70ca567d
landsd/273080:0,Sol City Tower 2,B206423417401063C0,30520c68ccdb43d430e46227420e0e30f103729adadb16b1b87f07ab1d5f119c/B206423417401063C0,2c03bd8b8f1ea1b9422d06a24008424bb1fb28e9e44e907dea6300ad2070c8fc,held-unknown,terrain-or-foundation,ground-contact-unresolved; sampled-ground-gap-below-model-bottom,False,unknown,unknown,Changed source/terrain/component evidence or a verified code correction addressing these specific failures; rerun all acceptance gates before installation.,1078730edda3c1e3c37899c3ce6d8fddfe4fc02b8789fb1809a2a4db5087b74a
landsd/61216:0,,B396560883001063C0,8a8d98e32d0f9ece6cbcab806fbf167b6fc3f46cd51fce76aa933ceb4f8a7608/B396560883001063C0,b1b1d58399a067cfdc3b3bea06ef42be8e67527c3f98e65e955aba9120993f97,held-unknown,identity-or-component-coverage; terrain-or-foundation,full-source-identity-bound:sourceExcessMaximumDistanceFromTargetM; strict-identity-fit; terrain-intersects-source-over-0.5m; whole-source-foundation,False,unknown,unknown,"Changed authoritative component/footprint/source or terrain evidence, or a demonstrated code correction resolving the recorded failures; rerun complete identity/contact/foundation/runtime/neighbour/browser gates.",43fdf0f60e5e2380d695597627b078ed7885d8b2e38ce3531ee3f83b44ebf75d
landsd/76610:0,B385352847202063C0,B385352847202063C0,7413b8b56f117546376ccc5f3aba22a8035b051fc6c905a7b1f83b62552f69c3/B385352847202063C0,088125810dd0206e9e1dbc81d550c6a65e6ae54f7e7ac8b3293e689c2e22f651,held-unknown,identity-or-component-coverage,source-identity-fit,False,unknown,unknown,Changed source/terrain/component evidence or a verified code correction addressing these specific failures; rerun all acceptance gates before installation.,2b4b2bdc4bde8cb1338faf0a783e3c0f7eab07d526171a6f07098148f3d4a271
landsd/254058:0,,B360941889702063C0,e67076501f0a4d23144a95f2da680369853944becce4a474a9936db2b9f76783/B360941889702063C0,16485bc4e5c4a38d6fae8ec0f69a23bc53dec0f723cb0a4911262d8c2154feef,held-unknown,identity-or-component-coverage; terrain-or-foundation,full-source-identity-bound:sourceExcessCoveredByUnrelatedFormsM2; full-source-identity-bound:sourceExcessMaximumDistanceFromTargetM; full-source-identity-bound:targetCoveredBySourceProjection; original-source-does-not-cover-whole-georef-cell; strict-identity-fit; terrain-intersects-source-over-0.5m; whole-source-foundation,False,unknown,unknown,"Changed authoritative component/footprint/source or terrain evidence, or a demonstrated code correction resolving the recorded failures; rerun complete identity/contact/foundation/runtime/neighbour/browser gates.",0f7aaf05a08a97a54c0565457aed43ee2796ab725eba8cb164fcf4d2b63ef73d
landsd/191896:0,Tuen Mun Hospital Special Block,B156632989901063C0,f54667a11a4918e55f95112b671840c62f8247be15c5693d191dc9b244d4a809/B156632989901063C0,0e40084c921eda267370e464ce055098fab70c4aa2f29013f94918f78e17f23b,held-unknown,identity-or-component-coverage,source-identity-fit,False,unknown,unknown,Changed source/terrain/component evidence or a verified code correction addressing these specific failures; rerun all acceptance gates before installation.,d4df573e3af8ecc07e05639993bec9c54e7b5f9a92af94315abf066e9b3397a0
landsd/256118:0,Hong Kong Parkview Block 1,B385991328301063C0,62fd9d40d3d4af65b55fba799a0377c16db48438a18017aea1c1533ff62c3958/B385991328301063C0,29a33ef033d4cc0ed884424df5cf9f73ddf1f6071b2f13e76d08ebec07995bf9,held-unknown,identity-or-component-coverage,source-identity-fit,False,unknown,unknown,Changed source/terrain/component evidence or a verified code correction addressing these specific failures; rerun all acceptance gates before installation.,4b1f64488ff601c46b9904f5742718d564104d622dd0dd62bc51783b08696d62
landsd/95691:0,King Cheung House,B308003946801063C0,ac2adf553dae7dd2f67df2d6f4fa09c1304cdd34d6582762c985eeaa0d2a43b1/B308003946801063C0,daad7e84a632e97cd7af9c354dd3d6c122e2e1afc0afdc751f752a0f909cd119,held-unknown,identity-or-component-coverage,source-identity-fit,False,unknown,unknown,Changed source/terrain/component evidence or a verified code correction addressing these specific failures; rerun all acceptance gates before installation.,637d0719ac1967be0a724e9325ada3688cd070558746a06eacb640550f0f0585
landsd/23004:0,Glorious Peak,B312083950401063C0,ac2adf553dae7dd2f67df2d6f4fa09c1304cdd34d6582762c985eeaa0d2a43b1/B312083950401063C0,ac2f8a18e21c8baa07e9ec31c1a20a7b6aaf336fcb90549b204a66684b5b0d59,held-unknown,terrain-or-foundation,ground-contact-unresolved; sampled-ground-gap-below-model-bottom,False,unknown,unknown,Changed source/terrain/component evidence or a verified code correction addressing these specific failures; rerun all acceptance gates before installation.,4a364419bf8e82079386e1c2e14e7aaf0e4e5997a83a41b4d6d78fc285fed9f7
landsd/259803:0,B428451455802063C0,B428451455802063C0,233dc9a8d96d9bfdca22a232427986abe96a9b22d4adffb7aefef4c0d46113bf/B428451455802063C0,0e2293e5c811b9d064b65aea4bf94614fb9d2874265294885dc02cf568fc3786,held-unknown,identity-or-component-coverage,source-identity-fit,False,unknown,unknown,Changed source/terrain/component evidence or a verified code correction addressing these specific failures; rerun all acceptance gates before installation.,45d12192022a111d0b2de121f7a32fa5c1e0a5d6235e977dd2a4019f4196e35c
landsd/301638:0,The YOHO Hub Tower 2,B218063408101063C0,d8dd631ac65de2790f694981e8402bafd0f0f33e1a65bbce74d03db17e307d4b/B218063408101063C0,06c9186512d22eef2c0f9e418913640db6366d650ad4bfd3fe23e6c16aca955e,held-unknown,neighbour-impact; terrain-or-foundation,ground-contact-unresolved; sampled-ground-gap-below-model-bottom; terrain-regresses-neighbour:landsd/300896:0,False,unknown,unknown,Changed source/terrain/component evidence or a verified code correction addressing these specific failures; rerun all acceptance gates before installation.,77778a5d4c6ebc64e53b03f8ff809e2a40212eab4c898e4d30aae63c2d51942e
landsd/91827:0,FESTIVAL WALK,B360382202202063C0,7611ff8e77aa89c6f9d16153567609d380dc2fa4274f39a89c88a3f1e9d3e7f8/B360382202202063C0,786e89452ba921ce3b16ba1b899919d4965f829ea5fb7b1756cd6ab5ed4c2ef8,held-unknown,neighbour-impact; terrain-or-foundation,landsd/91827:0:sampled-terrain-above-model-bottom; landsd/91827:0:terrain-intersects-source-over-0.5m; landsd/91827:0:whole-source-foundation; terrain-regresses-neighbour:landsd/104302:0,False,unknown,unknown,New source-specific terrain/support evidence is required; do not repeat this unchanged full physical route.,17f793656e85868db3da03810b4fd7122a711a626c9df91681dfbc208e19e7ea
landsd/313033:0,Market In,B335152118302063C0,16a36c3f9437ad1adafcf944acbd09185ba890144c898034ea585f2643f46618/B335152118302063C0,afb7be4d8b82fe7a146420c3c3405df59bb3d6f360c432938857e0dc483e3e2e,held-unknown,neighbour-impact; terrain-or-foundation,sampled-terrain-above-model-bottom; terrain-intersects-source-over-0.5m; terrain-regresses-neighbour:landsd/313034:0; terrain-regresses-neighbour:landsd/313116:0; terrain-regresses-neighbour:landsd/313117:0; terrain-regresses-neighbour:landsd/313118:0; terrain-regresses-neighbour:landsd/313119:0; terrain-regresses-neighbour:landsd/313121:0,False,unknown,unknown,"Retain current upper/unknown-height components. Establish complete original component ownership and support, then rerun source-specific physical/runtime/browser gates. Projection or height-plane coverage grants no suppression.",17db1d206752861fe9fb220f7214dd51ffbd75294ef92a783828f1dfb4c86d01
landsd/253980:0,Hong Kong Parkview Block 14,B384951311701063C0,8c657e8fa1227ddad1b28bf083ea0ebea94cc46ee359b29ef3149c26d519662b/B384951311701063C0,361279b3a07b1242b2dab5d85e07b5f48a3aa40914923fcc515d4072f0808f23,held-unknown,identity-or-component-coverage,source-identity-fit,False,unknown,unknown,Changed source/terrain/component evidence or a verified code correction addressing these specific failures; rerun all acceptance gates before installation.,638758f31d6e9b5a0c5719252831ebcb7ec762d62a13da05890dba90081baced
landsd/79318:0,Langham Place,B354251987901063C0,c48e8e784b2386733b7e70dd799d48340240ea61419cfac89be25af6578a1b91/B354251987901063C0,1be9a6399ce7e447ae734182f278bef08e7bbb58aa97cb8a468b133d175c00e4,held-unknown,component-support; terrain-or-foundation,"terrain-construction-guard:('Requires retained native patch handling', ['city/data/support-native-81387-0.json'])",False,unknown,unknown,Changed source/terrain/component evidence or a verified code correction addressing these specific failures; rerun all acceptance gates before installation.,1e0852f4f3c4b35c1f90ba72dd032cac0b42179573676b2f9868d1948f1dcc45
landsd/213352:0,Central Pier No.8,B347431642801063C0,2e7d8aaeda14af2764d26ca039856fa390eba2a5891fd310f5fe1b9ad4b95517/B347431642801063C0,e02fcc017b57e736a8228afc1413367a33971e6204865027d34157dcebe29a12,held-unknown,identity-or-component-coverage; missing-government-source,fresh-current-spatial-bound:sourceExcessMaximumDistanceFromTargetM; full-source-maximum-extent; pinned-government-source-member-absent-from-current-archive,False,unknown,unknown,Restore the exact archived pinned source bytes or establish an independently verified government successor; retain the current model and all historical checks.,0e5a63fec42778f7cda953e05065f622d08e42e6c073705965c28852fc227e79
landsd/304557:0,,B401951572602063C0,c26c79e53c4625d7c3e4e0f7ba184edc38f03136d52e2bc74382d1f1a3d4d97b/B401951572602063C0,673b89d0962a9782f4f695099ea000cc0e7ec4dd306a0c40844a07fcc05fc4c4,held-unknown,identity-or-component-coverage; terrain-or-foundation,full-source-identity-bound:sourceExcessCoveredByUnrelatedFormsM2; terrain-intersects-source-over-0.5m; whole-source-foundation,False,unknown,unknown,"Changed authoritative component/footprint/source or terrain evidence, or a demonstrated code correction resolving the recorded failures; rerun complete identity/contact/foundation/runtime/neighbour/browser gates.",d873314d6b06a97535fdfc44825e33cd4af9cd712cec5d03d36a35777baf5640
landsd/75642:0,,B227131868001062G0,6160458c874a208737f7269674f1c5c68bba0ae453f1aa21d7aa0b689cb2f3ff/B227131868001062G0,49cdebceca290d6ceccf3e1891546efbafa28218ae144da7c389190773c302c0,held-unknown,identity-or-component-coverage,runtime-original-footprint-fit-failed,False,unknown,unknown,"Changed authoritative component/footprint/source or terrain evidence, or a demonstrated code correction resolving the recorded failures; rerun complete identity/contact/foundation/runtime/neighbour/browser gates.",6dfa75fc19be1f23a0a170754b1b3981a2b48a5a2186abf3af99e447994d87ea
landsd/285475:0,Central Pier No.7,B346531646401063C0,2e7d8aaeda14af2764d26ca039856fa390eba2a5891fd310f5fe1b9ad4b95517/B346531646401063C0,2a324ca849ae83a5f5c215a1d2f3c5d9f118812ebaa55308ebd9bd2f83e09e29,held-unknown,identity-or-component-coverage,source-identity-fit,False,unknown,unknown,Changed source/terrain/component evidence or a verified code correction addressing these specific failures; rerun all acceptance gates before installation.,157c18007654a4e0ae67ec08d8995c6195c5c69475bb5a36082faff8901eb4dc
landsd/184286:0,Heya Aqua Tower 1,B339682218601063C0,29d8e67bc139e44d08188938cc2eda2eeb5dc132772d370980aca9b6cd2a3bc1/B339682218601063C0,f9c73a61b679ebc18df1741c01c7e98463a4269928a38b882e3a41d268646155,held-unknown,identity-or-component-coverage,original-source-does-not-cover-whole-georef-cell,False,unknown,unknown,Changed source/terrain/component evidence or a verified code correction addressing these specific failures; rerun all acceptance gates before installation.,9c4895e3f262b9f5ba3dbf12f6c881e75538bb6249159b1662cc5998bc99cbd7
landsd/304725:0,B369711266401063C0,B369711266401063C0,f701cf3de3abb89512cab1267e186bbbf2ec78e19053907f40dc6c6e32067f9f/B369711266401063C0,25f0d26b35cde1fc291b3b3e536b004c8b70dd4f2b12be66fb8e7157c996ab0d,held-unknown,identity-or-component-coverage,source-identity-fit,False,unknown,unknown,Changed source/terrain/component evidence or a verified code correction addressing these specific failures; rerun all acceptance gates before installation.,7d1452b0dab4490116ea1b3b8bf3c2b63a70fdc2dd037731fa79392a704af090
landsd/115799:0,Kadoorie Biological Sciences Building,B321671606601063C0,3ba10346ac7fe2fb2b964ceb717ef56168d760edc51a4a708ea244bb86e10834/B321671606601063C0,9302c2078d67c1fb2e80ff588f9d003c8943776beeb5fa18c662da49b545de53,held-unknown,neighbour-impact; terrain-or-foundation,ground-contact-unresolved; no-lower-original-parent-under-failed-source-faces; sampled-ground-gap-below-model-bottom; sampled-terrain-above-model-bottom; terrain-intersects-source-over-0.5m; terrain-regresses-neighbour:landsd/321137:0; terrain-regresses-neighbour:landsd/96986:0,False,unknown,unknown,Changed source/terrain/component evidence or a verified code correction addressing these specific failures; rerun all acceptance gates before installation.,54aab2c215a37b306feb5684782b7f9064b050a60516033a95681ce7eac54364
landsd/276331:0,Manhattan Mid-Town,B327192180202063C0,dbffdf33c7302e7d9a2a7040d2cd34ca59a354043e351acb04037d3d94b46dd3/B327192180202063C0,6d63bd23fef516a1a0ce486983b5d3b71554a798046dcbc66214663b9bf415e6,held-unknown,neighbour-impact; terrain-or-foundation,landsd/276331:0:sampled-terrain-above-model-bottom; landsd/276331:0:terrain-intersects-source-over-0.5m; landsd/276331:0:whole-source-foundation; terrain-regresses-neighbour:landsd/120103:0; terrain-regresses-neighbour:landsd/213072:0; terrain-regresses-neighbour:landsd/258271:0; terrain-regresses-neighbour:landsd/260440:0; terrain-regresses-neighbour:landsd/266799:0; terrain-regresses-neighbour:landsd/271788:0; terrain-regresses-neighbour:landsd/307773:0,False,unknown,unknown,Resolve the recorded original-source clearance/foundation/support or neighbouring-building failures using changed authoritative evidence or a demonstrated checker correction; preserve all current buildings and rerun full gates. Repeating identical inputs grants no progress.,4f7ac61311bb3b15adba7e00bf5f17b9bfe711532f6a1f383b583ed4635e17e3
landsd/32147:0,Tseung Kwan O Plaza Tower 3,B450641892701063C0,ff85f5d0545279ae6cf83b0a56d3690ef50e3502611ab9778a4d667d7f066641/B450641892701063C0,859d2b4fb2eb6b22f6d91f6487c6bf04b2173ffa44005843a1691b1faf95c5c9,held-unknown,neighbour-impact; terrain-or-foundation,ground-contact-unresolved; sampled-ground-gap-below-model-bottom; terrain-regresses-neighbour:landsd/31946:0; terrain-regresses-neighbour:landsd/32024:0,False,unknown,unknown,Changed source/terrain/component evidence or a verified code correction addressing these specific failures; rerun all acceptance gates before installation.,46792c164aea81b6375f0e2e5f86406996768b2f6e452110fefb53b4287506b5
landsd/275511:0,The Wave Tower 2,B161502670301063C0,44f644c3aa99e3a7514b69c04e0e4841aba7df414a29ed1474197a09884f1917/B161502670301063C0,3b04a03e8417a3139983901db229745a5d880a94f2efd4613f4129256577bec1,held-unknown,neighbour-impact; terrain-or-foundation,ground-contact-unresolved; sampled-ground-gap-below-model-bottom; terrain-regresses-neighbour:landsd/275510:0; terrain-regresses-neighbour:landsd/301558:0; terrain-regresses-neighbour:landsd/301560:0; terrain-regresses-neighbour:landsd/301562:0,False,unknown,unknown,Changed source/terrain/component evidence or a verified code correction addressing these specific failures; rerun all acceptance gates before installation.,31151a29db7158455d7dd8eea73906c9408c2d310ed41709be18e7e9d6b55188
landsd/290803:0,,B155912804902062G0,479cde8e147da421b2aca25e39284d61039fafcd2db34b08281eaf5ea0e4182d/B155912804902062G0,c9c4673def7644ac954aa4cb4f0018bd4106ddc22d29f7e56f91db96af7fab2c,held-unknown,identity-or-component-coverage; terrain-or-foundation,full-source-identity-bound:sourceExcessCoveredByUnrelatedFormsM2; full-source-identity-bound:sourceExcessMaximumDistanceFromTargetM; terrain-intersects-source-over-0.5m; whole-source-foundation,False,unknown,unknown,"Changed authoritative component/footprint/source or terrain evidence, or a demonstrated code correction resolving the recorded failures; rerun complete identity/contact/foundation/runtime/neighbour/browser gates.",c2c0352f1eb2c6bb5aa704f326bded0e36c7668272c724d4dbdd4572f71296f3
landsd/58849:0,Yoho Town Block 1,B219013365201063C0,d8dd631ac65de2790f694981e8402bafd0f0f33e1a65bbce74d03db17e307d4b/B219013365201063C0,2c261a8b29f642b322ac5fa516abbdf6d07be7ef92277a0388fa77ab09141f15,held-unknown,identity-or-component-coverage,source-identity-fit,False,unknown,unknown,Changed source/terrain/component evidence or a verified code correction addressing these specific failures; rerun all acceptance gates before installation.,ac2077759614402c08616eaeb12ecc499114b4302b4d0a7bab22a017c0cd0161
landsd/177765:0,B110771698901062G0,B110771698901062G0,880acca51bf28fe6db40811ca8c8cfd6c6e5133cd6408dd0e337cf55bfecf43f/B110771698901062G0,5bb87aa10f46acd79787b43ed653e32d951eace276a50e0a0f7f16ec391fab4c,held-unknown,identity-or-component-coverage,source-identity-fit,False,unknown,unknown,Changed source/terrain/component evidence or a verified code correction addressing these specific failures; rerun all acceptance gates before installation.,77f4429328456378852dfeb06649bf9a7434f4260ba80cf051e22a7651ea3dbd
landsd/235568:0,B353811902602063C0,B353811902602063C0,133a1dde7a99959f5392519730a39023f77ef421830d53413b621cdd1d645a92/B353811902602063C0,ef354fbb79cbbf576a0e146cf019f2a1ae73c75b031dde2ece59dcdee8f78ac2,held-unknown,identity-or-component-coverage,source-identity-fit,False,unknown,unknown,Changed source/terrain/component evidence or a verified code correction addressing these specific failures; rerun all acceptance gates before installation.,f4a1165b4da962c9a5438ac107c8f3a0d2f18b2a73d9c14e73cb8c399022d141
landsd/229852:0,B397070873201063C0,B397070873201063C0,8a8d98e32d0f9ece6cbcab806fbf167b6fc3f46cd51fce76aa933ceb4f8a7608/B397070873201063C0,5d92d9d44da6261830820fdf22a794c392df6f9adf08f9551980067a1048507b,held-unknown,identity-or-component-coverage,source-identity-fit,False,unknown,unknown,Changed source/terrain/component evidence or a verified code correction addressing these specific failures; rerun all acceptance gates before installation.,59f2b80be73190626923b181a117fdc001c409e7b2f4109b6ad09467e7d6c991
landsd/122702:0,Yoho Town Block 3,B219003357501063C0,cba1912c7d337d8d9734d95e031adbe5c4d0ca3e71d52f23a7913d93d48c9642/B219003357501063C0,0c2d1237e415884793e62fe74685a07ae936d877d535bf89ff5eb0273ff7398b,held-unknown,identity-or-component-coverage,source-identity-fit,False,unknown,unknown,Changed source/terrain/component evidence or a verified code correction addressing these specific failures; rerun all acceptance gates before installation.,951c7d62ca1726b3310d19009bc2826b55bd8698780d08abc03d670bdd0fdeba
landsd/61738:0,Yoho Town Block 2,B218993361301063C0,d8dd631ac65de2790f694981e8402bafd0f0f33e1a65bbce74d03db17e307d4b/B218993361301063C0,40cf48f2e506dc4aba5b8a28816b99078ae7f7d1b91252c9bae75c03a3ab0928,held-unknown,identity-or-component-coverage,source-identity-fit,False,unknown,unknown,Changed source/terrain/component evidence or a verified code correction addressing these specific failures; rerun all acceptance gates before installation.,43f76a889dfe6fe4839d6976a6c79569d3f7058c89270711926002b7b44d1b3f
landsd/256702:0,Ronsdale Garden Block 2,B382271509901063C0,a88909e77ade4f62192ce33aafc3adf8ac76a4b2d7c6743d7c168832c3802c15/B382271509901063C0,0df25bfefaed4fff07a24271f059b94391a7c7fd84849bdfeaae4dcf011050ec,held-unknown,neighbour-impact; terrain-or-foundation,ground-contact-unresolved; sampled-ground-gap-below-model-bottom; terrain-regresses-neighbour:landsd/256898:0; terrain-regresses-neighbour:landsd/307560:0,False,unknown,unknown,Changed source/terrain/component evidence or a verified code correction addressing these specific failures; rerun all acceptance gates before installation.,793f1d2da7826130ef751b59f4e0bac2bc130399f2511646d523ee0c0059e187
landsd/260034:0,Sol City Tower 3,B206733413101063C0,30520c68ccdb43d430e46227420e0e30f103729adadb16b1b87f07ab1d5f119c/B206733413101063C0,37be6c1360987a621cbcb7b34eaaf7aaf2cd3035b2a98fa48ea32af13dee52a6,held-unknown,terrain-or-foundation,ground-contact-unresolved; sampled-ground-gap-below-model-bottom,False,unknown,unknown,Changed source/terrain/component evidence or a verified code correction addressing these specific failures; rerun all acceptance gates before installation.,82da7cd3e4a6c7dd4a2e6d5221274cbbe8e84c4b65fdb0433e7ede8fb221999d
landsd/256898:0,Ronsdale Garden Block 1,B381851510001063C0,a88909e77ade4f62192ce33aafc3adf8ac76a4b2d7c6743d7c168832c3802c15/B381851510001063C0,9be153705182fd4e1dec0e35bfb2baf4e20eda9c00aa1d3846a8fcee2ca7feb8,held-unknown,identity-or-component-coverage,source-identity-fit,False,unknown,unknown,Changed source/terrain/component evidence or a verified code correction addressing these specific failures; rerun all acceptance gates before installation.,b5ebe395143f3aa10fe36809b8e0cd7e6cf1f6116463bd08c1915b1b5744bff6
landsd/11093:0,Royal Green Tower 3,B310593946101063C0,ac2adf553dae7dd2f67df2d6f4fa09c1304cdd34d6582762c985eeaa0d2a43b1/B310593946101063C0,99a6f4988219a941b614c8575a4d8fcc8746ce717a99a102e76ffcd80d1b5975,held-unknown,terrain-or-foundation,terrain-intersects-source-over-0.5m; whole-source-foundation,False,unknown,unknown,Changed source/terrain/component evidence or a verified code correction addressing these specific failures; rerun all acceptance gates before installation.,9e4842e4b582f4f216b3f401a40d40978958dc18f5f4d0b39ca5a7657366c8d1
landsd/89917:0,B216233340102062G0,B216233340102062G0,8774826b24626b7ffc7bea4b860ac3a67e12f832c076ac4b81cb88eecd28537a/B216233340102062G0,4407cbd52574f50e6b6bdddc6e581c96bbd0653426f89df0e490ae0b2096935d,held-unknown,identity-or-component-coverage,source-identity-fit,False,unknown,unknown,Changed source/terrain/component evidence or a verified code correction addressing these specific failures; rerun all acceptance gates before installation.,45e43b96bf8deb5a0b50b9fcda6add8972df027a3e0a530704cf28b4ddacf3e8
landsd/60281:0,Yoho Town Block 5,B219013353601063C0,cba1912c7d337d8d9734d95e031adbe5c4d0ca3e71d52f23a7913d93d48c9642/B219013353601063C0,5af938ed04770f6b4826c796d88d9e259e82e0f1a9152cbfe0e6063790478542,held-unknown,identity-or-component-coverage,source-identity-fit,False,unknown,unknown,Changed source/terrain/component evidence or a verified code correction addressing these specific failures; rerun all acceptance gates before installation.,e19ac16ef6fb20b21bad633e22ebba42538dc5178f7ac1144c7b202077e5de8b
landsd/26653:0,Ching Hin House,B311753930601063C0,ac2adf553dae7dd2f67df2d6f4fa09c1304cdd34d6582762c985eeaa0d2a43b1/B311753930601063C0,0227d927876111d76bd70098d4e2ab0413e4f59d17f9ff9494a5f6d803523f76,held-unknown,terrain-or-foundation,no-lower-original-parent-under-failed-source-faces; terrain-intersects-source-over-0.5m,False,unknown,unknown,Changed source/terrain/component evidence or a verified code correction addressing these specific failures; rerun all acceptance gates before installation.,a05e1aa38015afc399596e01839f4043b313c71ddbe5dc3ddaf10c797b69edba
landsd/104302:0,Festival Walk,B360622199801063C0,7611ff8e77aa89c6f9d16153567609d380dc2fa4274f39a89c88a3f1e9d3e7f8/B360622199801063C0,4fc3b065399321f7a0a05d8b6c8f47fe813c2924677e009104f13cc7b1d2f0fe,held-unknown,neighbour-impact; terrain-or-foundation,landsd/104302:0:ground-contact-unresolved; landsd/104302:0:sampled-ground-gap-below-model-bottom; terrain-regresses-neighbour:landsd/91827:0,False,unknown,unknown,New source-specific terrain/support evidence is required; do not repeat this unchanged full physical route.,b02c433fc163e224ba22c483bcb4dc0bc1d611a24593a49811734786bfb0b0fe
landsd/290981:0,Caribbean Square,B128101703402062G0,07c5b3c5fff19beef4cf7eb00d3b943f64459866d15c1b19be363b3799fea028/B128101703402062G0,5d15afc0e09f7975844fbd2bcb0f2943546933a9424d7459f855bb7892ad76a8,held-unknown,terrain-or-foundation,sampled-terrain-above-model-bottom; terrain-intersects-source-over-0.5m,False,unknown,unknown,"A corrected original source/terrain/component match or verified code correction resolving the recorded failures, followed by all acceptance checks.",ce2b477587ccc77ec6fe6003ce7c19f3e15258e55cc672ff9ba0e29f51c6c0b7
landsd/31946:0,Tseung Kwan O Plaza Tower 2,B450981893901063C0,ff85f5d0545279ae6cf83b0a56d3690ef50e3502611ab9778a4d667d7f066641/B450981893901063C0,ff6613be33d7fae3af2575332b0b9c24e77b693824b3ee121251abea5c84a5d1,held-unknown,neighbour-impact; terrain-or-foundation,ground-contact-unresolved; sampled-ground-gap-below-model-bottom; terrain-regresses-neighbour:landsd/29868:0; terrain-regresses-neighbour:landsd/32147:0,False,unknown,unknown,Changed source/terrain/component evidence or a verified code correction addressing these specific failures; rerun all acceptance gates before installation.,56f00cada5ce54a59127ba22bda0cc292f7e6bbbf22b34f99e59f9344b8521b6
landsd/176472:0,,B111041700501063C0,880acca51bf28fe6db40811ca8c8cfd6c6e5133cd6408dd0e337cf55bfecf43f/B111041700501063C0,00f5a12bd7bd460af8346b41e5bb0e14be79f09c3efb3be99f25016c44edf2c3,held-unknown,identity-or-component-coverage; terrain-or-foundation,full-source-identity-bound:sourceExcessMaximumDistanceFromTargetM; full-source-identity-bound:targetCoveredBySourceProjection; strict-identity-fit; terrain-intersects-source-over-0.5m; whole-source-foundation,False,unknown,unknown,"Changed authoritative component/footprint/source or terrain evidence, or a demonstrated code correction resolving the recorded failures; rerun complete identity/contact/foundation/runtime/neighbour/browser gates.",de868ba6640ea68985fb26bf257aa7585f05fcd3c3f08d1276225e555f18e86e
landsd/278234:0,In One Above Tower 3,B368521899601063C0,ba72018bf0b50c5798982183f4ef19ce0f44ca572e17d5539c8a4768f7c08964/B368521899601063C0,b89a5bcd26acd7fd5ff5c4fa5591da8f4017e4c9b903fd3ce08161ef1f7299ce,held-unknown,terrain-or-foundation,ground-contact-unresolved; sampled-ground-gap-below-model-bottom,False,unknown,unknown,Changed source/terrain/component evidence or a verified code correction addressing these specific failures; rerun all acceptance gates before installation.,797ca8d64ac94fcc6bfeb7b0492c6340b02e3f36feaa59ac81ecdcef2a581fe7
landsd/268867:0,,B340212092102063C0,f25d004c1c2bbca17a0ddb5b1485a14a6ea5a3a9c65156553214fdec29bef523/B340212092102063C0,ad26b1580c54a6700733a28643862ea7939f84c0254de9a2371f5aec91cae12d,held-unknown,identity-or-component-coverage; terrain-or-foundation,full-source-identity-bound:sourceExcessCoveredByUnrelatedFormsM2; full-source-identity-bound:sourceExcessMaximumDistanceFromTargetM; strict-identity-fit; terrain-intersects-source-over-0.5m; whole-source-foundation,False,unknown,unknown,"Changed authoritative component/footprint/source or terrain evidence, or a demonstrated code correction resolving the recorded failures; rerun complete identity/contact/foundation/runtime/neighbour/browser gates.",350f9bfa91130f8babbc86ebb57c108b1ffed0ee58a187fccb8e24bdc4e47ab0
landsd/330243:0,Southland Tower 1A,B353511186901063C0,e6c0a5fef2f4ceb2865447c77c8fb9df1b66c10e282856a72635341ebdc42a60/B353511186901063C0,a95dc43bb2fb9cfac420d5774ece9fad9b5cd513837bf479c06c517c5289b800,held-unknown,identity-or-component-coverage,source-identity-fit,False,unknown,unknown,Changed source/terrain/component evidence or a verified code correction addressing these specific failures; rerun all acceptance gates before installation.,dabb79d5fce2cc46a09dac8760ae3aff57a06bcef03649a197422cd2da22bcde
landsd/56771:0,Yoho Town Block 6,B218993350001063C0,cba1912c7d337d8d9734d95e031adbe5c4d0ca3e71d52f23a7913d93d48c9642/B218993350001063C0,f96ce65998446a8de280c071a9e367bfbe58bbc17969857c4fa7dd4acae19a45,held-unknown,identity-or-component-coverage,source-identity-fit,False,unknown,unknown,Changed source/terrain/component evidence or a verified code correction addressing these specific failures; rerun all acceptance gates before installation.,1c59296fbf8a8be18310268394fb6a75b5c58330db7448eef428fb68bbde0339
landsd/17633:0,Ching Chung House,B312303936501063C0,ac2adf553dae7dd2f67df2d6f4fa09c1304cdd34d6582762c985eeaa0d2a43b1/B312303936501063C0,149fffbaed551567d3cc17f4a464fa457721d5b15aab018f8db7b0db7930b5c6,held-unknown,identity-or-component-coverage,source-identity-fit,False,unknown,unknown,Changed source/terrain/component evidence or a verified code correction addressing these specific failures; rerun all acceptance gates before installation.,ccacbf207dbfe721a49f2c67d4b883a41eec675e0a80127d3836c0af8bc9dc9f
landsd/314698:0,In One Above Tower 1,B368791893901063C0,ba72018bf0b50c5798982183f4ef19ce0f44ca572e17d5539c8a4768f7c08964/B368791893901063C0,542e82ac375360d425034be0d66d1f8c0e5d4f75c762590342e9a097cf1a48f5,held-unknown,terrain-or-foundation,ground-contact-unresolved; sampled-ground-gap-below-model-bottom,False,unknown,unknown,Changed source/terrain/component evidence or a verified code correction addressing these specific failures; rerun all acceptance gates before installation.,ba115047036f3b473192757f410179de650619d2a5967f1eb7668ddc9a0d8385
landsd/34291:0,Tseung Kwan O Plaza Tower 8,B451561886701063C0,ff85f5d0545279ae6cf83b0a56d3690ef50e3502611ab9778a4d667d7f066641/B451561886701063C0,05042c24b6ae336b63cbb180a39ac482636a1e5eb2ebe882efbec646bd5880bd,held-unknown,neighbour-impact; terrain-or-foundation,ground-contact-unresolved; sampled-ground-gap-below-model-bottom; terrain-regresses-neighbour:landsd/32020:0,False,unknown,unknown,Changed source/terrain/component evidence or a verified code correction addressing these specific failures; rerun all acceptance gates before installation.,5915d9a4e5f3eb1d0baa285b5b14f9c2c477d4fbabf4cd351f7d8522bb727577
landsd/263644:0,The High Court,B348861552501063C0,fffe6c96fa7f17e47ef5ab406f58360dd3a17a852e99a4e18fff3132a29cfd7f/B348861552501063C0,62285a058cf89dba5808eebd7a21c8236b61b28d1e7bf971138bc7103ed99e67,held-unknown,identity-or-component-coverage,source-identity-fit,False,unknown,unknown,Changed source/terrain/component evidence or a verified code correction addressing these specific failures; rerun all acceptance gates before installation.,08841b0e2750e036867e1644bf4a2e8b609f5be131f72d9e1bffa7226a86be38
landsd/276187:0,B156872703402063C0,B156872703402063C0,ae85b7de8f89469a868746815f62165e73ab3ebc6f30b94a87fec926cdab1288/B156872703402063C0,5ade8ebb9233b3d1be8f9652262252b938ee8bf43f4ef20fe87ae3c313cc701f,held-unknown,neighbour-impact; terrain-or-foundation,terrain-intersects-source-over-0.5m; terrain-regresses-neighbour:landsd/186759:0; terrain-regresses-neighbour:landsd/194214:0; terrain-regresses-neighbour:landsd/194240:0; terrain-regresses-neighbour:landsd/194245:0; terrain-regresses-neighbour:landsd/194256:0; terrain-regresses-neighbour:landsd/194725:0; terrain-regresses-neighbour:landsd/195652:0; terrain-regresses-neighbour:landsd/196165:0; terrain-regresses-neighbour:landsd/242398:0,False,unknown,unknown,Changed source/terrain/component evidence or a verified code correction addressing these specific failures; rerun all acceptance gates before installation.,0abe79b75119acfd7cd6b3ef9abc9895bc1a2f9c477ad946ff7a9fe57dc89471
landsd/315414:0,,B290620881301063C0,ba37beaf30dcb38c8c940e39c04145bbd9fa039fed5807190b0028eb9ed8458a/B290620881301063C0,1a75f4abd86e12327c69d8aea30abcc89e038c8b10c30c7b0977ed8993d2f0a8,held-unknown,identity-or-component-coverage; terrain-or-foundation,full-source-identity-bound:sourceExcessCoveredByUnrelatedFormsM2; terrain-intersects-source-over-0.5m,False,unknown,unknown,"Changed authoritative component/footprint/source or terrain evidence, or a demonstrated code correction resolving the recorded failures; rerun complete identity/contact/foundation/runtime/neighbour/browser gates.",151676e62b7bb5000320f2af75a9a45a8efa95e0fb7b00992e6fe2635e134e0b
landsd/238803:0,B342782079901063C0,B342782079901063C0,f25d004c1c2bbca17a0ddb5b1485a14a6ea5a3a9c65156553214fdec29bef523/B342782079901063C0,dc76347d4cb1a344c5637fbe304109093ddea76133aec6e139a283256e665f77,held-unknown,identity-or-component-coverage,source-identity-fit,False,unknown,unknown,Changed source/terrain/component evidence or a verified code correction addressing these specific failures; rerun all acceptance gates before installation.,3589c64b5f7e9f2cffd496f67c5d19d51c1791822f801fc4a3ed471e4e7add2d
landsd/137130:0,Fleur Pavilia Tower 1,B390051680601063C0,07779871360124c0e97a9602d549e35f0b56fa957f1591352b7f224b05648a67/B390051680601063C0,e062985a91c38523b4aa4de5c14fb9f718381a2f0339a95c9ca4075d129828ba,held-unknown,neighbour-impact; terrain-or-foundation,sampled-ground-gap-below-model-bottom; sampled-terrain-above-model-bottom; terrain-intersects-source-over-0.5m; terrain-regresses-neighbour:landsd/23296:0; terrain-regresses-neighbour:landsd/264414:0; terrain-regresses-neighbour:landsd/264970:0; terrain-regresses-neighbour:landsd/269972:0,False,unknown,unknown,Changed source/terrain/component evidence or a verified code correction addressing these specific failures; rerun all acceptance gates before installation.,a42fe76099795d629e1f8d2d10f29a3f4facbb37a91501f4faf2e86e19e8fcf2
landsd/265480:0,SHAM SHUI PO PARK SWIMMING POOL,B340442133402063C0,36a3861c4efb24c58ca4ecbb91c37a9c1a2402fe2a6bd463108d8a663422672e/B340442133402063C0,94e8a0199e420baee0673b9c227b1e2411aca086b3459245a7d899bace82a36b,held-unknown,neighbour-impact; terrain-or-foundation,no-lower-original-parent-under-failed-source-faces; terrain-intersects-source-over-0.5m; terrain-regresses-neighbour:landsd/271043:0; terrain-regresses-neighbour:way/1383969590:0; terrain-regresses-neighbour:way/174098287:0; whole-source-foundation,False,unknown,unknown,Changed source/terrain/component evidence or a verified code correction addressing these specific failures; rerun all acceptance gates before installation.,5e68cb145b111d5f20d4f164dcd424551ab72598f6b6a7efa4524774efe8a473
landsd/256116:0,Hong Kong Parkview Block 17,B384951323301063C0,62fd9d40d3d4af65b55fba799a0377c16db48438a18017aea1c1533ff62c3958/B384951323301063C0,d53efca53ef9693232a9ae6ffbf1f3a4596028ad444ed539d96fe1afb407cfb5,held-unknown,neighbour-impact; terrain-or-foundation,ground-contact-unresolved; sampled-ground-gap-below-model-bottom; terrain-regresses-neighbour:landsd/256120:0,False,unknown,unknown,Changed source/terrain/component evidence or a verified code correction addressing these specific failures; rerun all acceptance gates before installation.,c98a81c057d25e76a1cb97e8c95a04e3193e4b3d47d19e05fc19a1f687953d2d
landsd/74570:0,Primrose Hill Tower 3,B314482591301063C0,a645fbc9dfa2c13ffe0ab22cb9231c8c141ab3ffed7365e9e55a4160ea0870eb/B314482591301063C0,312cbb0b4c99ef281dda3b79500f8b6e1bcfeb31260b44ac4ea7ea3f6117e808,held-unknown,neighbour-impact; terrain-or-foundation,ground-contact-unresolved; sampled-ground-gap-below-model-bottom; terrain-regresses-neighbour:landsd/74566:0; terrain-regresses-neighbour:landsd/74569:0,False,unknown,unknown,Changed source/terrain/component evidence or a verified code correction addressing these specific failures; rerun all acceptance gates before installation.,2e13c863dad247232d87548c75425be2eee27bd604e29a19988083f3e4e011f0
landsd/285139:0,The Arcade Cyberport,B314151355701063C0,110666ee5593b95404c5e20fc60d87ca9e31f176f4fab744d59403a8a6cfadd1/B314151355701063C0,22e2cb57b6ac4107cb83738e8f6e07087c6f7cc8d5eea7994df19ade8c5a65e6,held-unknown,identity-or-component-coverage,source-identity-fit,False,unknown,unknown,Changed source/terrain/component evidence or a verified code correction addressing these specific failures; rerun all acceptance gates before installation.,6f5529342e18c5cda900c220b1a400cd1dfce7b4eaffb68942a4dd50d4318e10
landsd/292155:0,B351151087302063C0,B351151087302063C0,53d426a583abb4d9b66d729d2b474b4e3c812baffba09dd059bf960f34da5a39/B351151087302063C0,90fbb1a801c4f8beaaff4f50917d1cf4354329f483fe0e20b54565531623e1eb,held-unknown,identity-or-component-coverage,source-identity-fit,False,unknown,unknown,Changed source/terrain/component evidence or a verified code correction addressing these specific failures; rerun all acceptance gates before installation.,7184892f76c18ca5867162b9855fea810541d862365227e701a8121efc8aeb76
landsd/258470:0,B341061993202063C0,B341061993202063C0,e6d0fad5e461bc9bb63e6a7cbfde43d9cdf80a4cb75fcef23f5721415d7e580b/B341061993202063C0,3c9983cc06f7838a63acd6c5c0f1830adf4fe4c4571d37a433d8a0d1ebf06f0a,held-unknown,terrain-or-foundation,no-lower-original-parent-under-failed-source-faces; sampled-terrain-above-model-bottom; terrain-intersects-source-over-0.5m; whole-source-foundation,False,unknown,unknown,"Retain current upper/unknown-height components. Establish complete original component ownership and support, then rerun source-specific physical/runtime/browser gates. Projection or height-plane coverage grants no suppression.",cd670f6040ca914bbca548053fe72f33094822037af26dff1f39074d4018ca4c
landsd/107382:0,Long Ping Station,B207143425301063C0,6a1a4836a59bdcd6db6cba1bb05d3b2e4f424e395d9af9cec0b0a1cf07e62375/B207143425301063C0,f462a97834afe39e5f66932c562eaa1daa4fa9f6958d5879663d1878b4251add,held-unknown,identity-or-component-coverage,source-identity-fit,False,unknown,unknown,Changed source/terrain/component evidence or a verified code correction addressing these specific failures; rerun all acceptance gates before installation.,ecae36ac3501f136575c5d15549d7f03b8f5b2c5aba29d5167decc73d99c78b0
landsd/81743:0,Ocean Walk,B146372594202063C0,665f1d61f579cdada99bb14b3bd9c8d0d189f0996c9c09d6ecb6453e7049351d/B146372594202063C0,52e0d6b6341f664cc18ee8a894e1c4c5e5dbc1b05729bb43deb8c109e0fac8cb,held-unknown,identity-or-component-coverage,source-identity-fit,False,unknown,unknown,"Retain current upper/unknown-height components. Establish complete original component ownership and support, then rerun source-specific physical/runtime/browser gates. Projection or height-plane coverage grants no suppression.",2cbb30d4529f5ffead6583e12c2a4ff46895a41d72a2d358374ecac692517f63
landsd/285509:0,B164282654902063C0,B164282654902063C0,44f644c3aa99e3a7514b69c04e0e4841aba7df414a29ed1474197a09884f1917/B164282654902063C0,e305eb57f6a18fb166b4f977b1bd14f2b362eaf6ac08a730cf85bee2a3545397,held-unknown,neighbour-impact; terrain-or-foundation,landsd/285509:0:sampled-terrain-above-model-bottom; landsd/285509:0:terrain-intersects-source-over-0.5m; landsd/285509:0:whole-source-foundation; terrain-regresses-neighbour:landsd/107673:0; terrain-regresses-neighbour:landsd/173394:0; terrain-regresses-neighbour:landsd/233870:0; terrain-regresses-neighbour:landsd/270467:0; terrain-regresses-neighbour:landsd/273386:0; terrain-regresses-neighbour:landsd/285992:0; terrain-regresses-neighbour:landsd/286080:0,False,unknown,unknown,New source-specific terrain/support evidence is required; do not repeat this unchanged full physical route.,acea036803d190200c38618e57644b889642abf3c7cc350ca8bea21807c39982
landsd/240332:0,MONGKOK STADIUM,B358362083101063C0,527b6a650115922ae971071770fb2672cfcb85a054a9c5048041eb701429cf50/B358362083101063C0,896138f962db178400870c74c41d5eae3a2ba99e0c978fad49790956c0a50bdd,held-unknown,identity-or-component-coverage,source-identity-fit,False,unknown,unknown,Changed source/terrain/component evidence or a verified code correction addressing these specific failures; rerun all acceptance gates before installation.,76f560390738c1f930efc06f6b0ca8f74ef6e2ae49868c2f0ed63c3f4cfff3f9
landsd/198440:0,SOUTH HILLCREST,B163733036201063C0,97723df4ee325527aa34c1232017812939f6af5aaa34e6e07c67f8e63cfc11f1/B163733036201063C0,11f518515180ca97e88c0f207075af73642e8ad57931ca5d4dd3b95e028e532e,held-unknown,terrain-or-foundation,ground-contact-unresolved; sampled-ground-gap-below-model-bottom,False,unknown,unknown,Changed source/terrain/component evidence or a verified code correction addressing these specific failures; rerun all acceptance gates before installation.,c4757cbdb7b32a555acabc33de30dbd20686545661bc7c4bf6e1b891061cd710
landsd/255415:0,West Kowloon Station Bus Terminus,B349791878802063C0,86de13adbb765925c1049a76b570d019e3856d232a2b35c69d1f5b9ba44b4b44/B349791878802063C0,9f46fd2973b76d7f02900e0d5fd9e9a08f343e8ec5321008e2cda459a12d36ff,held-unknown,neighbour-impact,terrain-regresses-neighbour:landsd/10594:0; terrain-regresses-neighbour:landsd/10665:0; terrain-regresses-neighbour:landsd/10845:0; terrain-regresses-neighbour:landsd/10846:0; terrain-regresses-neighbour:landsd/10847:0; terrain-regresses-neighbour:landsd/11048:0; terrain-regresses-neighbour:landsd/11049:0; terrain-regresses-neighbour:landsd/231056:0; terrain-regresses-neighbour:landsd/297402:0; terrain-regresses-neighbour:landsd/297403:0,False,unknown,unknown,Changed source/terrain/component evidence or a verified code correction addressing these specific failures; rerun all acceptance gates before installation.,339eeafcfcbb8314c475a6c4605eeb952fb7538e39fd6b339af4b1b2887703b7
landsd/236354:0,,B225861878301063C1,6160458c874a208737f7269674f1c5c68bba0ae453f1aa21d7aa0b689cb2f3ff/B225861878301063C1,fd61c67e487a2e34bc2386430dbfae701f5af323544a4711b108d608a98f4fe6,held-unknown,identity-or-component-coverage; terrain-or-foundation,full-source-identity-bound:sourceExcessCoveredByUnrelatedFormsM2; full-source-identity-bound:sourceExcessMaximumDistanceFromTargetM; strict-identity-fit; terrain-intersects-source-over-0.5m; whole-source-foundation,False,unknown,unknown,"Changed authoritative component/footprint/source or terrain evidence, or a demonstrated code correction resolving the recorded failures; rerun complete identity/contact/foundation/runtime/neighbour/browser gates.",1d69995a08ee2a14f7fcdd3adbf16b02fa205f4d95e07773f84459dc0fde8d5f
landsd/226296:0,WEST KOWLOON DISCIPLINED SERVICES QUARTERS,B344812051802063C0,f25d004c1c2bbca17a0ddb5b1485a14a6ea5a3a9c65156553214fdec29bef523/B344812051802063C0,3f1d68c68a5872dcbf8ce9bf77d6587a3afb24fbcb03be4bd534be2c8b1596b4,held-unknown,identity-or-component-coverage,source-identity-fit,False,unknown,unknown,Changed source/terrain/component evidence or a verified code correction addressing these specific failures; rerun all acceptance gates before installation.,3c5e29ba4ea1702e5965d5e65cf4443a793c854622c058bc804b3cccc9c8f45f
landsd/339808:0,The Papillons Tower 3,B451531829101063C0,23b3608a57a484928219eb6e5e99487091703acff513507d943058cac5bd42df/B451531829101063C0,c237e9fc74ebec486bc1d7207e4e81d0c3cb020723fe5918e1e24069f3ef518a,held-unknown,neighbour-impact; terrain-or-foundation,ground-contact-unresolved; sampled-ground-gap-below-model-bottom; terrain-regresses-neighbour:landsd/340032:0; terrain-regresses-neighbour:landsd/342178:0,False,unknown,unknown,Changed source/terrain/component evidence or a verified code correction addressing these specific failures; rerun all acceptance gates before installation.,960bfb0db18b14ef7d7ea94b9d4187ceeb12b829b164c3c87543b7c6d2d38589
landsd/295538:0,PopCorn 1,B447991877202063C0,e1ecd1820b0be0962427309bd44ba68857f438aef31260ccb2d82314586aa3be/B447991877202063C0,9dc37f891dc96d8ce8be29da04138e347e7bea4924f7e709e793ad3495ac539f,held-unknown,identity-or-component-coverage,source-identity-fit,False,unknown,unknown,Changed source/terrain/component evidence or a verified code correction addressing these specific failures; rerun all acceptance gates before installation.,7eb4495cd83675770a790e3d837da99607e3dafd5a9e43f7c9e5e9687d735883
landsd/278458:0,In One Above Tower 5,B368671903401063C0,ba72018bf0b50c5798982183f4ef19ce0f44ca572e17d5539c8a4768f7c08964/B368671903401063C0,66e995e1a70c787d9e6ac12ed94b68bd637ea5582a3b349103e4b3d198abefc9,held-unknown,terrain-or-foundation,ground-contact-unresolved; sampled-ground-gap-below-model-bottom,False,unknown,unknown,Changed source/terrain/component evidence or a verified code correction addressing these specific failures; rerun all acceptance gates before installation.,f00f24bafa7704abe3e2117298eb3a28533aeef84e71ef96cd40ee8490fbecb3
landsd/265848:0,B346081997602063C0,B346081997602063C0,adf1d085a79951ff976393a3672cda66812a6fd2482559fc4b7435331c50964b/B346081997602063C0,848eb61d88b19162d2166127f3c04c4f920f986c55106ffbb121b110ef0973cd,held-unknown,neighbour-impact,terrain-regresses-neighbour:landsd/337075:0; terrain-regresses-neighbour:landsd/337079:0,False,unknown,unknown,"Retain current upper/unknown-height components. Establish complete original component ownership and support, then rerun source-specific physical/runtime/browser gates. Projection or height-plane coverage grants no suppression.",8f7d4922e32c79362b2f371b57d2f555aa04fd53b8c2272024b2909578e52fc2
landsd/255940:0,OLYMPIAN CITY 1,B343231996701063C0,e6d0fad5e461bc9bb63e6a7cbfde43d9cdf80a4cb75fcef23f5721415d7e580b/B343231996701063C0,76f4576db964fb4d51b44e144d25085306a13678630ed10ec416eec2a860fca9,held-unknown,identity-or-component-coverage,source-identity-fit,False,unknown,unknown,Changed source/terrain/component evidence or a verified code correction addressing these specific failures; rerun all acceptance gates before installation.,db4b8a3cdddf3c7175525bd98b08e19898d533e9890abfa84775c6d0a8de07fa
landsd/255531:0,Illumination Terrace Block 1,B379071541201063C0,a88909e77ade4f62192ce33aafc3adf8ac76a4b2d7c6743d7c168832c3802c15/B379071541201063C0,94c80f10be78d8d0479794f434f425849654cf96e0c180105a59e3d60642b595,held-unknown,neighbour-impact; terrain-or-foundation,ground-contact-unresolved; sampled-ground-gap-below-model-bottom; terrain-regresses-neighbour:landsd/258737:0,False,unknown,unknown,Changed source/terrain/component evidence or a verified code correction addressing these specific failures; rerun all acceptance gates before installation.,0eafaf5882f01fa26756c113f1b13f86affa925a4d7d68cf1afc46a9dc71cc07
landsd/59289:0,,B217753367701063C0,d8dd631ac65de2790f694981e8402bafd0f0f33e1a65bbce74d03db17e307d4b/B217753367701063C0,115130c0e12d670a74f78c69f643dd3a021dfd90ef4f86dd96907c4c4f4f56ed,held-unknown,identity-or-component-coverage; terrain-or-foundation,full-source-identity-bound:sourceExcessMaximumDistanceFromTargetM; full-source-identity-bound:targetCoveredBySourceProjection; strict-identity-fit; terrain-intersects-source-over-0.5m; whole-source-foundation,False,unknown,unknown,"Changed authoritative component/footprint/source or terrain evidence, or a demonstrated code correction resolving the recorded failures; rerun complete identity/contact/foundation/runtime/neighbour/browser gates.",24a6a8cf51f18314fe2d57c65fa341a879b0e3cc0355e99896a83c98dffef003
landsd/255539:0,Beverly Hill Block A,B372431501401063C0,f6dd237c3db9ea044e3c67ac9eea0c56f27b3b8a41181e6422c15a608ccdd85a/B372431501401063C0,5a9ae96e9b758dc4269a11021a873a5d2c0499e5b6fc655890789663cd9f8d51,held-unknown,neighbour-impact; terrain-or-foundation,ground-contact-unresolved; native-neighbour-regression:landsd/256136:0; sampled-ground-gap-below-model-bottom; terrain-regresses-neighbour:landsd/256136:0,False,unknown,unknown,Changed source/terrain/component evidence or a verified code correction addressing these specific failures; rerun all acceptance gates before installation.,5fa0155712a51e50365238e3d834b0e8383886242c1d2486107082c0d813372c
landsd/264682:0,Fuk Wo Mansion Block B,B349842044301063C0,0069c72b88199caa8955f45dee25ca3abcece3924ce1d4ce2fa116055e861980/B349842044301063C0,7b8a4be73a86dff3a6270f0a65ee7a5f5828ec37bd5037b37af32e289955a982,held-unknown,neighbour-impact; terrain-or-foundation,ground-contact-unresolved; sampled-ground-gap-below-model-bottom; terrain-regresses-neighbour:landsd/264681:0; terrain-regresses-neighbour:landsd/264684:0,False,unknown,unknown,Changed source/terrain/component evidence or a verified code correction addressing these specific failures; rerun all acceptance gates before installation.,b407ede6bfdb467a2fb37de60159dc61dafdc18e36bde08d301023646487fbab
landsd/280084:0,Kwai Chung Shopping Centre,B312132537802063C1,e5223844f74085c4b55088ba0707a94d960a02c9e134c99809a29454c00f0c80/B312132537802063C1,9b5053b3f62dadbfa2ae7ba19439d60a094967fc9f709925acb229eb193b0a29,held-unknown,neighbour-impact; terrain-or-foundation,landsd/280084:0:ground-contact-unresolved; landsd/280084:0:sampled-terrain-above-model-bottom; landsd/280084:0:terrain-intersects-source-over-0.5m; terrain-regresses-neighbour:landsd/218359:0; terrain-regresses-neighbour:landsd/218381:0; terrain-regresses-neighbour:landsd/218382:0; terrain-regresses-neighbour:landsd/218390:0; terrain-regresses-neighbour:landsd/218609:0; terrain-regresses-neighbour:landsd/218694:0; terrain-regresses-neighbour:landsd/218745:0; terrain-regresses-neighbour:landsd/218749:0; terrain-regresses-neighbour:landsd/218781:0; terrain-regresses-neighbour:landsd/218990:0; terrain-regresses-neighbour:landsd/219052:0; terrain-regresses-neighbour:landsd/219169:0; terrain-regresses-neighbour:landsd/219339:0; terrain-regresses-neighbour:landsd/219748:0; terrain-regresses-neighbour:landsd/219752:0; terrain-regresses-neighbour:landsd/219776:0; terrain-regresses-neighbour:landsd/219789:0; terrain-regresses-neighbour:landsd/219800:0; terrain-regresses-neighbour:landsd/219844:0; terrain-regresses-neighbour:landsd/279946:0; terrain-regresses-neighbour:landsd/279947:0; terrain-regresses-neighbour:landsd/279948:0; terrain-regresses-neighbour:landsd/280008:0; terrain-regresses-neighbour:landsd/280085:0; terrain-regresses-neighbour:landsd/280088:0; terrain-regresses-neighbour:landsd/280089:0; terrain-regresses-neighbour:landsd/280090:0,False,unknown,unknown,New source-specific terrain/support evidence is required; do not repeat this unchanged full physical route.,f371129733890f9f744b36c541d6ba8a214e569c49c8b317874be1bcbbe12035
landsd/165054:0,HONG KONG HERITAGE MUSEUM,B371252646701063C0,aaf93675f4a7641051dfa64cb636c75ec7de43f13d5fbebd3218a9673400c02e/B371252646701063C0,1a978cdc751afa70933802e2faf090b2435250967e63b68f348ed232aeb1837f,held-unknown,identity-or-component-coverage,source-identity-fit,False,unknown,unknown,Changed source/terrain/component evidence or a verified code correction addressing these specific failures; rerun all acceptance gates before installation.,30ec7a13ffef37effb9f33bf7c783e3dc39e6e3052bdb279009d343ea22dc691
landsd/270876:0,The Peninsula,B357421737102063C0,f2c3e43b5d165d3e8d01162d66e65543cd6452c00a5c033b221386ab7de6d96b/B357421737102063C0,3a40860e5302240d814f907d2f1edabc4b3c7becab1c90d37f406d2a4ce631f2,held-unknown,identity-or-component-coverage,source-identity-fit,False,unknown,unknown,Changed source/terrain/component evidence or a verified code correction addressing these specific failures; rerun all acceptance gates before installation.,0b643e848aa17b4c2d8170d0e08d41d27ad6cfe85d42801ccf28826fa7de1bcf
landsd/82291:0,B375921921402063C0,B375921921402063C0,65920a76dafcc40f6d38abf622cd2e18395cc03557d62e97b2a90ad6e021c3a8/B375921921402063C0,9fd4f8d93c1b660b103cde3dae66920224e9b7234e4e8148531f172c28b7fb10,held-unknown,identity-or-component-coverage,source-identity-fit,False,unknown,unknown,Changed source/terrain/component evidence or a verified code correction addressing these specific failures; rerun all acceptance gates before installation.,545790cb4d6ab145267446ecca7ca1e819f07c4e900d3153a09b0fe8066fe317
landsd/151402:0,Fu Shin Sports Centre,B359843493601063C0,9f92e154a8384fb885f556b085697073b92e3e9f30a49df5d98247e6f00e6bc1/B359843493601063C0,a1d25e4eae9745800f9ac4dcd2028e8374c16f1d8deaebcc76c8b888b83f0951,held-unknown,identity-or-component-coverage,source-identity-fit,False,unknown,unknown,Changed source/terrain/component evidence or a verified code correction addressing these specific failures; rerun all acceptance gates before installation.,d1ffd95d8b81bf04efb391f17c17f451a5cd5ad0d359ae314f872b4e563fbb9a
landsd/227948:0,B378431872402063C0,B378431872402063C0,3815e3010106c83b90954b50875a8afdcb0d7b77e28f348b2a1c404a93f3f938/B378431872402063C0,536cd3f65a2d17ef9729937e4d7b9378f51ae51e8c43664ab3f22c189e548c89,held-unknown,identity-or-component-coverage,source-identity-fit,False,unknown,unknown,Changed source/terrain/component evidence or a verified code correction addressing these specific failures; rerun all acceptance gates before installation.,108bf0af5cd1b99783f76d00d4375d01e72ed8aea6deaca91be09c3c9e96ed8a
landsd/340032:0,The Papillons Tower 5,B451251825801063C0,23b3608a57a484928219eb6e5e99487091703acff513507d943058cac5bd42df/B451251825801063C0,7e3b142b5dfd9997fc671508bad3d21eaf789688535d03c215dae0d6d7bf2a64,held-unknown,neighbour-impact; terrain-or-foundation,ground-contact-unresolved; sampled-ground-gap-below-model-bottom; terrain-regresses-neighbour:landsd/339808:0,False,unknown,unknown,Changed source/terrain/component evidence or a verified code correction addressing these specific failures; rerun all acceptance gates before installation.,3087d253250a7ea7a186e83a82cb08a5709ed093ca93cf6ebc8b680c3b7b2ae7
landsd/261717:0,Mount Verdant,B439641874601063C0,3ad2994b642d97d4592063417c39a7b5555fb468e12f3ab1e9e17a070510078f/B439641874601063C0,c8e54f42cd1f52ce94d1112a5c51bd58674fdbe38d8af6ac0de2b9498fbddec1,held-unknown,terrain-or-foundation,ground-contact-unresolved; sampled-ground-gap-below-model-bottom,False,unknown,unknown,Changed source/terrain/component evidence or a verified code correction addressing these specific failures; rerun all acceptance gates before installation.,8311a1c3c08e25bc8d5618dcfceb450a8a76ac489808b967c8e5482e7f5c683d
landsd/255721:0,Illumination Terrace Block 2,B379451539801063C0,a88909e77ade4f62192ce33aafc3adf8ac76a4b2d7c6743d7c168832c3802c15/B379451539801063C0,051b47bd309372f0844fa48b881a52392db6e0e564b3da373a0327705d4dfc8e,held-unknown,neighbour-impact; terrain-or-foundation,ground-contact-unresolved; sampled-ground-gap-below-model-bottom; terrain-regresses-neighbour:landsd/258737:0; terrain-regresses-neighbour:landsd/81567:0,False,unknown,unknown,Changed source/terrain/component evidence or a verified code correction addressing these specific failures; rerun all acceptance gates before installation.,479f507116f626d89a217c354ee6dd808bd565187b8ea95a88497e9dfd5500b6
landsd/255541:0,Beverly Hill Block D,B371601498801063C0,acd6ebaba1f0209fe5e0a4abb26d02dd0e5526ec8238f3f01953f334ca7fef01/B371601498801063C0,c998eee48b38a47635f3c2344c58cfac3533518b16629c3ab69df1d124ae244d,held-unknown,identity-or-component-coverage,source-identity-fit,False,unknown,unknown,Changed source/terrain/component evidence or a verified code correction addressing these specific failures; rerun all acceptance gates before installation.,b528bb60dac8c33b546e0cca54e0e5e0e415e8ebb3837d04a03ea15bc0a4a6c3
landsd/146396:0,Yoho Town Block 8,B217913364901063C0,d8dd631ac65de2790f694981e8402bafd0f0f33e1a65bbce74d03db17e307d4b/B217913364901063C0,fd68a7cc21e0d2377e38ccb781bb2f3510bac0c757111cfcd341a941e7e3ea08,held-unknown,identity-or-component-coverage,source-identity-fit,False,unknown,unknown,Changed source/terrain/component evidence or a verified code correction addressing these specific failures; rerun all acceptance gates before installation.,c8b20f6db75fabcd838191655c0821b0cca76234aff8430f5e18fbc92c330552
landsd/93417:0,University Hall,B319521383801063C0,267e03f83225c2b78fa94bcbfe93ca4d1fb600bf498f1e36c1a7ef26295b4d0d/B319521383801063C0,debfebe52c8a04231cd20bdbfeaa9057f28af6e9df054769f9c57118f4d5aa60,held-unknown,neighbour-impact; terrain-or-foundation,sampled-ground-gap-below-model-bottom; sampled-terrain-above-model-bottom; terrain-intersects-source-over-0.5m; terrain-regresses-neighbour:landsd/121501:0,False,unknown,unknown,Changed source/terrain/component evidence or a verified code correction addressing these specific failures; rerun all acceptance gates before installation.,dcf8347286c3012bcf434c2a4bb265d0fe6a5c3abaaddd061618fc95cde6e084
landsd/314700:0,In One Above Tower 2,B368481892701063C0,ba72018bf0b50c5798982183f4ef19ce0f44ca572e17d5539c8a4768f7c08964/B368481892701063C0,6d8a23d4c30e921138d29e1649255026d8e8646b46118b72298cac4fc387c6c3,held-unknown,terrain-or-foundation,ground-contact-unresolved; sampled-ground-gap-below-model-bottom,False,unknown,unknown,Changed source/terrain/component evidence or a verified code correction addressing these specific failures; rerun all acceptance gates before installation.,e699c5805d1acc85e22fc82064bb9dffb5208e913e7528202931ff0ef4612142
landsd/95643:0,Ching Cheung House,B307603950901063C0,ac2adf553dae7dd2f67df2d6f4fa09c1304cdd34d6582762c985eeaa0d2a43b1/B307603950901063C0,a4ae53408977311d09e65e2fbc65bb9ba47b11a646480ac0b089725721698781,held-unknown,identity-or-component-coverage,source-identity-fit,False,unknown,unknown,Changed source/terrain/component evidence or a verified code correction addressing these specific failures; rerun all acceptance gates before installation.,a3589d88b225406a482ad49520b83b9922ab71e1e39f3fa3384a78ce0e9beb77
landsd/111357:0,BUILDING 12W,B396403197801063C0,5eece33b36af2cb9201ea69589899b949dbbf0a71c9e5f43e89f094e8e3f0f30/B396403197801063C0,65e79f5fb16c035dfc0531fc68af6f119a086306e347c2439c2fb8205b456aa5,held-unknown,identity-or-component-coverage,source-identity-fit,False,unknown,unknown,Changed source/terrain/component evidence or a verified code correction addressing these specific failures; rerun all acceptance gates before installation.,e25903d07e81905b9b219fa34b188df50f0567ab153fbb68fa0e7c38669b905b
landsd/51275:0,Fu Loy House,B339112110701063C0,36a3861c4efb24c58ca4ecbb91c37a9c1a2402fe2a6bd463108d8a663422672e/B339112110701063C0,845f05c0b52aabf7766759484f814beb8f1703970aed406b34203f2a36d5c26f,held-unknown,identity-or-component-coverage,source-identity-fit,False,unknown,unknown,Changed source/terrain/component evidence or a verified code correction addressing these specific failures; rerun all acceptance gates before installation.,bdf263f9a94425fc80e39452fc484ad536546fc5639ddc0194bdfee13d708a9a
landsd/181489:0,,B340052101101063C0,36a3861c4efb24c58ca4ecbb91c37a9c1a2402fe2a6bd463108d8a663422672e/B340052101101063C0,bffdf5653f4dd01917b4028e0cd2f0559fcdb3ce960a4d7cabd5a0392b9ae163,held-unknown,identity-or-component-coverage; terrain-or-foundation,full-source-identity-bound:sourceExcessCoveredByUnrelatedFormsM2; full-source-identity-bound:sourceExcessMaximumDistanceFromTargetM; strict-identity-fit; terrain-intersects-source-over-0.5m; whole-source-foundation,False,unknown,unknown,"Changed authoritative component/footprint/source or terrain evidence, or a demonstrated code correction resolving the recorded failures; rerun complete identity/contact/foundation/runtime/neighbour/browser gates.",53d53ef7ec68f65dc18d1184dd7d7225ca8c6927f3db2be36853dabc5838e2d3
landsd/109510:0,Mount Davis 33,B308011583301063C0,bc9d890fe718d8f2874da395b16b96536507557462653630cae2b9da0f55d3c8/B308011583301063C0,cc236eeea20d1b08d1564b1a435fab83ccc6e7d77557c4f1d961a859ebbd400f,held-unknown,neighbour-impact; terrain-or-foundation,ground-contact-unresolved; sampled-ground-gap-below-model-bottom; terrain-regresses-neighbour:landsd/95232:0,False,unknown,unknown,Changed source/terrain/component evidence or a verified code correction addressing these specific failures; rerun all acceptance gates before installation.,c18c8653078b611797bb87a3c7ff72ed558362523759a3d5bc7331346a9af8ed
landsd/239350:0,,B348451958602063C0,e0b18b14edfb22334913f06de8bc312f8936a32cfd0ad5222c51a6f4d73bde1d/B348451958602063C0,672f15e6c5f2817cdca2c87804168e5e2aa8c79ad084e8962a5037603a75c725,held-unknown,identity-or-component-coverage; terrain-or-foundation,full-source-identity-bound:sourceExcessCoveredByUnrelatedFormsM2; full-source-identity-bound:sourceExcessMaximumDistanceFromTargetM; full-source-identity-bound:targetCoveredBySourceProjection; strict-identity-fit; terrain-intersects-source-over-0.5m; whole-source-foundation,False,unknown,unknown,"Changed authoritative component/footprint/source or terrain evidence, or a demonstrated code correction resolving the recorded failures; rerun complete identity/contact/foundation/runtime/neighbour/browser gates.",7f1ca099a3cfc5a9f28419017eb7d0a707edd0b7e3ac0194c2fbd8a0f7266bfa
landsd/177604:0,Hoi Fu Shopping Centre,B350001958902063C0,e0b18b14edfb22334913f06de8bc312f8936a32cfd0ad5222c51a6f4d73bde1d/B350001958902063C0,bf710f3c82832b8b82b85571bbda7904416ea8743a081e6aa3de321915a21122,held-unknown,neighbour-impact; terrain-or-foundation,landsd/177604:0:terrain-intersects-source-over-0.5m; landsd/177604:0:whole-source-foundation; terrain-regresses-neighbour:landsd/177605:0,False,unknown,unknown,Resolve the recorded original-source clearance/foundation/support or neighbouring-building failures using changed authoritative evidence or a demonstrated checker correction; preserve all current buildings and rerun full gates. Repeating identical inputs grants no progress.,b33cb5feef6495b9b50d3cdd049d68ac8cbd4409602643aa9e0ba182bb34aed4
landsd/120104:0,,B162761882001063C0,a5fd549cd3101b6b1ef3adbb899835287b485c424da9712f9b68c4f9b1249ce5/B162761882001063C0,655eb47347eec12814da670830672cf5808a23bbb590e520b22b0d21f6ce360f,held-human-decision,explicit-approval-pending; identity-or-component-coverage; terrain-or-foundation,full-source-identity-bound:sourceExcessMaximumDistanceFromTargetM; metadata-restoration-pending-explicit-approval-after-auto-review-rejection; runtime-source-metadata-omitted-from-prepared-entry; strict-identity-fit; terrain-intersects-source-over-0.5m; whole-source-foundation,True,unknown,unknown,"Explicit approval pending for restoring omitted metadata from the single exact government record. Automatic review rejected that restoration because cached matches are empty and centroid differs by 52m. No bypass or installation; if approved, rerun every physical/runtime gate.",25aa4a494285f898e80806d579ae03cac0f9877cf5fca3f02c8c073573fee035
landsd/79097:0,Ko Fung Court,B377151658701063C0,dc13be536a3928765dfc6044e89f7239af45b2fb07e82b08c1fe1a573dd0f9e5/B377151658701063C0,22b1fc96be53e64bf56cf4898b30649ef413851a4ad9d408d8efc7ad4ebdfcfe,held-unknown,terrain-or-foundation,ground-contact-unresolved; sampled-ground-gap-below-model-bottom,False,unknown,unknown,Changed source/terrain/component evidence or a verified code correction addressing these specific failures; rerun all acceptance gates before installation.,cfaad05f90fe66012fac554347be3cf449277d0f98465fc66144ed714d628f04
landsd/269972:0,Fleur Pavilia Tower 3,B390561679201063C0,a6920cf3f69444fb1d5b63b5880f208d2d9844fb58d0e730b0fd3710e2077c4b/B390561679201063C0,0f2b2e2ca2df1237d7bd4197d3dd9ca8b80eb24da0d529bf0a0872689c8730f3,held-unknown,terrain-or-foundation,ground-contact-unresolved; sampled-ground-gap-below-model-bottom,False,unknown,unknown,Changed source/terrain/component evidence or a verified code correction addressing these specific failures; rerun all acceptance gates before installation.,86bc5d23455de26e0535025a501e768dc3e869cf92b6a67b33e8f13dcdb83db4
landsd/17217:0,,B396193201302063C0,5eece33b36af2cb9201ea69589899b949dbbf0a71c9e5f43e89f094e8e3f0f30/B396193201302063C0,158c429b4221a79e76989e962d49324e6ebcb5b518088aefd5981dea0dffe49c,held-unknown,identity-or-component-coverage; terrain-or-foundation,full-source-identity-bound:sourceExcessMaximumDistanceFromTargetM; full-source-identity-bound:targetCoveredBySourceProjection; strict-identity-fit; terrain-intersects-source-over-0.5m; whole-source-foundation,False,unknown,unknown,"Changed authoritative component/footprint/source or terrain evidence, or a demonstrated code correction resolving the recorded failures; rerun complete identity/contact/foundation/runtime/neighbour/browser gates.",bbbb1e1b53863404cd78e997191057f0761420b92205af72d0ebac4af2286074
landsd/29868:0,Tseung Kwan O Plaza Tower 1,B451311895101063C0,ff85f5d0545279ae6cf83b0a56d3690ef50e3502611ab9778a4d667d7f066641/B451311895101063C0,094e496a002a6ee622d7066aaae7d7737876fc5f38f7cc4b1bc60d5b2f2294f3,held-unknown,neighbour-impact; terrain-or-foundation,ground-contact-unresolved; sampled-ground-gap-below-model-bottom; terrain-regresses-neighbour:landsd/31946:0,False,unknown,unknown,Changed source/terrain/component evidence or a verified code correction addressing these specific failures; rerun all acceptance gates before installation.,1930d90d8f21f0caa17648c5958a38129bbb89cc24ee7eff7f28101ad1634800
landsd/311763:0,Southland Tower 2A,B353661194301063C0,e6c0a5fef2f4ceb2865447c77c8fb9df1b66c10e282856a72635341ebdc42a60/B353661194301063C0,036d9c758af7c3898df45e712bf5eda59464a4b009dda8c0ede6ec6bb585c894,held-unknown,identity-or-component-coverage,source-identity-fit,False,unknown,unknown,Changed source/terrain/component evidence or a verified code correction addressing these specific failures; rerun all acceptance gates before installation.,2c31cb3c1a3bf351a322e8ac7e221f6bc12c084e4c686cf2d94c9e4d305a4513
landsd/259378:0,Harbour Plaza Metropolis,B369271804901063C0,02ed31ca80d062016f8052b6ed1fb8298f86ec41191ac9235f5e61b1feb48376/B369271804901063C0,1f7f3f42844aa20b23bf30f398b7f67035953c98b1b530d5529c8be4dd4c8034,held-unknown,identity-or-component-coverage,source-identity-fit,False,unknown,unknown,Changed source/terrain/component evidence or a verified code correction addressing these specific failures; rerun all acceptance gates before installation.,e7b5570c8e168cd2e4d4ccfdbc2b8a4d9993ee97317fd1671d55fd7bac86a2d0
landsd/232526:0,B361251909902063C0,B361251909902063C0,e67076501f0a4d23144a95f2da680369853944becce4a474a9936db2b9f76783/B361251909902063C0,566485e80ebeaa60ff1c709ee6d49ebf0e3e95847a449d8707d0daa57a4bb04d,held-unknown,identity-or-component-coverage,source-identity-fit,False,unknown,unknown,Changed source/terrain/component evidence or a verified code correction addressing these specific failures; rerun all acceptance gates before installation.,af916f1fb6e0423d280c0fcd96660ac7cdd7e2824bcc6857e452502742301f7a
landsd/69025:0,,B354511570301063C0,18e0fc197fcd6dc965680e20be5d0effdd3dfad9810ef6d1265a5cd652f88b93/B354511570301063C0,75d1193ec409e8522705df1f262f647e12beda5c4e309f9905ca8ba7e5e88414,held-unknown,identity-or-component-coverage; terrain-or-foundation,full-source-identity-bound:sourceExcessMaximumDistanceFromTargetM; strict-identity-fit; terrain-intersects-source-over-0.5m; whole-source-foundation,False,unknown,unknown,"Changed authoritative component/footprint/source or terrain evidence, or a demonstrated code correction resolving the recorded failures; rerun complete identity/contact/foundation/runtime/neighbour/browser gates.",cca3abfe298d785cb7e41a0c32e3ac7e31a5687c38a4fa692c5cc144d64fa533
landsd/242706:0,Fortune City One Plus,B389112760701063C0,15196df5541a9d23910419c96c8a882872cd673eb8f92d8ec2ea3a955bd374e9/B389112760701063C0,c48db570a1012723e1f8610f3660619aa62e32c48e4a9e46bf5ccfa033c30166,held-unknown,neighbour-impact; terrain-or-foundation,no-lower-original-parent-under-failed-source-faces; terrain-intersects-source-over-0.5m; terrain-regresses-neighbour:landsd/244891:0,False,unknown,unknown,Changed source/terrain/component evidence or a verified code correction addressing these specific failures; rerun all acceptance gates before installation.,3c4bcb9ed0dd28c8a19498a9097c7dd47c141029c8af73fdb5a28c83cce4a739
landsd/311761:0,La Marina Tower 2A,B352941190501063C0,e6c0a5fef2f4ceb2865447c77c8fb9df1b66c10e282856a72635341ebdc42a60/B352941190501063C0,4aec5e6b191d02c5def4db7510c5e4756a53ab7e38d891e3a378b1a283c4d7bd,held-unknown,identity-or-component-coverage,source-identity-fit,False,unknown,unknown,Changed source/terrain/component evidence or a verified code correction addressing these specific failures; rerun all acceptance gates before installation.,1f25a4793891d53032f1d2d92e6fb64fa083c37f71f963d552c1a3f6cfc54bb8
landsd/312858:0,Bohemian House,B323791653701063C0,e2111355d20198ba215e19a0e214a14a1fd1bcc90a0670f1dfe0003cec4ae788/B323791653701063C0,4df1dff01d7dea81fb84e75cca635b82ebbf39e41fc1305f899a835c0209a19d,held-unknown,neighbour-impact; terrain-or-foundation,ground-contact-unresolved; sampled-ground-gap-below-model-bottom; terrain-regresses-neighbour:landsd/173502:0; terrain-regresses-neighbour:landsd/174200:0,False,unknown,unknown,Changed source/terrain/component evidence or a verified code correction addressing these specific failures; rerun all acceptance gates before installation.,38196ae92a985ca2358abe0e014b9ac421a9614bc1dc6f34a7b1db6737c65b2b
landsd/265825:0,"The Murray, Hong Kong, a Niccolo Hotel",B345481545801063C0,fffe6c96fa7f17e47ef5ab406f58360dd3a17a852e99a4e18fff3132a29cfd7f/B345481545801063C0,14358bc6060b5c2988e0071d6c39b8b6a1cb0585d4fda88da3605ec903a1dc2d,held-unknown,neighbour-impact; terrain-or-foundation,ground-contact-unresolved; sampled-ground-gap-below-model-bottom; terrain-regresses-neighbour:landsd/304693:0,False,unknown,unknown,Changed source/terrain/component evidence or a verified code correction addressing these specific failures; rerun all acceptance gates before installation.,8de27eb8ca71d12aa917cf42c77ca22cf0d0d7b03b81be542f6d935491110020
landsd/29885:0,Tseung Kwan O Plaza Tower 6,B450891884201063C0,ff85f5d0545279ae6cf83b0a56d3690ef50e3502611ab9778a4d667d7f066641/B450891884201063C0,148c5a900867622debd7a225c2d5d1e09ec6cfb8809ecb812e5c5d13067d882a,held-unknown,neighbour-impact; terrain-or-foundation,ground-contact-unresolved; sampled-ground-gap-below-model-bottom; terrain-regresses-neighbour:landsd/29875:0; terrain-regresses-neighbour:landsd/32020:0,False,unknown,unknown,Changed source/terrain/component evidence or a verified code correction addressing these specific failures; rerun all acceptance gates before installation.,f9006714f8485fa5302ba03736280b333e779bc14d7270b778c1b03fef6fcf06
landsd/252988:0,Hong Kong Observatory Centenary Building,B360181814401063C0,10bdc3efcab8645fd14246efcbf232ea182a02b7c29636a386e300239442708f/B360181814401063C0,65a071eb71ff421ba33ea7dc6816887e6b1c460e75c85e606c03e8eb17f32cca,held-unknown,terrain-or-foundation,no-distinct-original-dtm-in-contact-band; sampled-terrain-above-model-bottom; terrain-intersects-source-over-0.5m,False,unknown,unknown,Changed source/terrain/component evidence or a verified code correction addressing these specific failures; rerun all acceptance gates before installation.,eb6ef97b24823b64ea74761c3e470ff297b2ff31a335459a55438eecf3bacae0
landsd/117814:0,THE RISE,B317282579601063C0,f0b7b4a568d9140b303242394e25b2788911ed6ba2118ed03bd98735efd51992/B317282579601063C0,83bb0abef144e08951ca4526dc8b619eff1bfb717548c49a92d27504ddac7e4c,held-unknown,terrain-or-foundation,ground-contact-unresolved; sampled-ground-gap-below-model-bottom,False,unknown,unknown,Changed source/terrain/component evidence or a verified code correction addressing these specific failures; rerun all acceptance gates before installation.,a349914898afe754a7b0c44b57ef7170b65e3725c82d710b87b537e4afe3684b
landsd/81242:0,Olympic Station,B345551986601063C0,adf1d085a79951ff976393a3672cda66812a6fd2482559fc4b7435331c50964b/B345551986601063C0,d2d1f09a8119649d7ffdfaacc0070a118bd32a16729d9b5ae4d72eea58990ded,held-unknown,identity-or-component-coverage,source-identity-fit,False,unknown,unknown,Changed source/terrain/component evidence or a verified code correction addressing these specific failures; rerun all acceptance gates before installation.,ee3507310b6448128a0ff3dd5dc3453d28e7a56107737e446ed89288cc1d668a
landsd/91306:0,EVANGEL COLLEGE,B450731835301063C0,23b3608a57a484928219eb6e5e99487091703acff513507d943058cac5bd42df/B450731835301063C0,73dfaaf90f9dc8433f757ff796f90a0d8e3d02e2d48eb515f3286fa3eddc964b,held-unknown,identity-or-component-coverage,source-identity-fit,False,unknown,unknown,Changed source/terrain/component evidence or a verified code correction addressing these specific failures; rerun all acceptance gates before installation.,7ced715ef7bcfdcd8a3cbaed903618f01b427b0aaf60c11cc9fd3a4bb7e45590
landsd/228547:0,B340653488502062G0,B340653488502062G0,3ce4b44cb0629af4ca3576e009abec3829714bba2be5f98752ed58fd946bc140/B340653488502062G0,aacc1b1911b1f282646fd49e1b8551a7b5ed6b481855feff5f03169579681e0f,held-unknown,terrain-or-foundation,sampled-terrain-above-model-bottom; terrain-intersects-source-over-0.5m; whole-source-foundation,False,unknown,unknown,Changed source/terrain/component evidence or a verified code correction addressing these specific failures; rerun all acceptance gates before installation.,87a8fa12d5d558c8fd1d8de1a2a1103579b453b61e84b90fb0f258cd24e84033
landsd/318801:0,Hoi Tat Estate Hoi Shing House,B336502112401063C0,16a36c3f9437ad1adafcf944acbd09185ba890144c898034ea585f2643f46618/B336502112401063C0,fc22e0aa4c2869e520e0336fb3e2ef1d6f1bb246529824af010465bb382e0e55,held-unknown,terrain-or-foundation,ground-contact-unresolved; sampled-ground-gap-below-model-bottom,False,unknown,unknown,Changed source/terrain/component evidence or a verified code correction addressing these specific failures; rerun all acceptance gates before installation.,351fdbbdb214ab9e762bfd1d29468acb0778c48071776964c64e4092e5a11b83
landsd/74568:0,Primrose Hill Tower 1,B314432585901063C0,a645fbc9dfa2c13ffe0ab22cb9231c8c141ab3ffed7365e9e55a4160ea0870eb/B314432585901063C0,96abbe867cb46f71a39ff87ef676a311959a15b6460f458bb7f4f8b18872d5ea,held-unknown,neighbour-impact; terrain-or-foundation,ground-contact-unresolved; sampled-ground-gap-below-model-bottom; terrain-regresses-neighbour:landsd/216403:0; terrain-regresses-neighbour:landsd/237108:0; terrain-regresses-neighbour:landsd/74569:0,False,unknown,unknown,Changed source/terrain/component evidence or a verified code correction addressing these specific failures; rerun all acceptance gates before installation.,52fe08a670f8434dc1f889614569b9f87cec306111866a62263e7355a3efb0a4
landsd/235034:0,THE WESTWOOD,B317791624002063C0,8ab1309e5fc7088ed0425836e4dc28e220aa45b4ff387df1f8ec90c69ff5f3c4/B317791624002063C0,f16b57fb7f9d29c968315dbfb614ca49715c783b197cc04b2ede31c26f82cef0,held-unknown,identity-or-component-coverage,fresh-current-spatial-bound:sourceExcessMaximumDistanceFromTargetM; full-source-maximum-extent,False,unknown,unknown,"A corrected original source/terrain/component match or verified code correction resolving the recorded failures, followed by all acceptance checks.",4264c6c6a0bd4e5827dcec0df213575fa46090ab3941dfe261e43db59bc63815
landsd/29875:0,Tseung Kwan O Plaza Tower 5,B450551883001063C0,ff85f5d0545279ae6cf83b0a56d3690ef50e3502611ab9778a4d667d7f066641/B450551883001063C0,209c4ada49e65d26b89c703d5a79e2a556f2ff86722f4cd7b9ea5d53721241be,held-unknown,neighbour-impact; terrain-or-foundation,ground-contact-unresolved; sampled-ground-gap-below-model-bottom; terrain-regresses-neighbour:landsd/29885:0; terrain-regresses-neighbour:landsd/81731:0,False,unknown,unknown,Changed source/terrain/component evidence or a verified code correction addressing these specific failures; rerun all acceptance gates before installation.,67c096e9267fdd0a20c73e94449865826a80b2725d04210edce2b4f0d2580cfe
landsd/231645:0,LIPPO SUN PLAZA,B355141753102063C0,ee5310370d794b09411c6339096cafac14499ead61ccc90912d6073fadb62b8b/B355141753102063C0,cfe390f024ac815a8c8ae3f422724fd72e4cd5c164e7325f9404cd81fc1b46da,held-unknown,identity-or-component-coverage,source-identity-fit,False,unknown,unknown,Changed source/terrain/component evidence or a verified code correction addressing these specific failures; rerun all acceptance gates before installation.,58a3eb0d22f02e6ed23058f88cd2064ffd6275f0fc834826c38173b435300a8e
landsd/258562:0,B411763112002062G0,B411763112002062G0,40618618c5a63e2ebf49239fc2e15f5d8a3243eb11b41dba3f4c34a3c8709211/B411763112002062G0,c56d770e7d85ea1ea728a1fe1fb6e15d37c37e9c002b82109e7f745508429ed5,held-unknown,identity-or-component-coverage,source-identity-fit,False,unknown,unknown,Changed source/terrain/component evidence or a verified code correction addressing these specific failures; rerun all acceptance gates before installation.,f7d787f25e531ddfd677d5c510b628ced4fd697c7c10c034f1e77b695b1b0c1d
landsd/311759:0,Southland Tower 2B,B353491192801063C0,e6c0a5fef2f4ceb2865447c77c8fb9df1b66c10e282856a72635341ebdc42a60/B353491192801063C0,e0ba26e071e8959f00b16fb79b5e8333d87ed2410da9b68c2534f0b77f014185,held-unknown,neighbour-impact; terrain-or-foundation,ground-contact-unresolved; sampled-ground-gap-below-model-bottom; terrain-regresses-neighbour:landsd/311763:0,False,unknown,unknown,Changed source/terrain/component evidence or a verified code correction addressing these specific failures; rerun all acceptance gates before installation.,ad7b93e1388f6a42ec5fee682d297dcf35a59e70b5ac56fd0fa6986a6266da39
landsd/195849:0,Podium,B362091258602063C0,8cf1659afaf8720eb8cad23fce78746c85607739e28cb56889512b02bc51aef3/B362091258602063C0,e91fe4ca92a5110756cf6e639dfa97b66f3f169f0d8fe2100dc6b542c3282100,held-unknown,neighbour-impact; terrain-or-foundation,sampled-terrain-above-model-bottom; terrain-intersects-source-over-0.5m; terrain-regresses-neighbour:landsd/194912:0; terrain-regresses-neighbour:landsd/195848:0,False,unknown,unknown,"Retain current upper/unknown-height components. Establish complete original component ownership and support, then rerun source-specific physical/runtime/browser gates. Projection or height-plane coverage grants no suppression.",11916a5ef04c45f591830002d09f7f12445e38c946358da57088fc17caaadd48
landsd/227942:0,THE APEX,B333211500201063C0,a87fa736a7303aab639dc1b14a8636a7b9f7b7d36547ef3826f34440188d6691/B333211500201063C0,83cc3270d1de801eace0d72a63dfc470df8e2862b8d6399f0422e0a4ceb8ed0c,held-unknown,component-support; neighbour-impact; terrain-or-foundation,ground-contact-unresolved; sampled-ground-gap-below-model-bottom; sampled-terrain-above-model-bottom; terrain-regresses-neighbour:landsd/222887:0; unchanged-original-tin-strict-rim-gap-over-0.1m,False,unknown,unknown,Changed authoritative source/contact evidence or a demonstrated validation correction; original TIN and existing nested terrain both retain the 0.111m strict rim gap. Do not repeat unchanged terrain or waive the 0.1m limit.,f0bc4dac1f9d51701b99adf8359051f400186ec22caa6d821e3248f44fcb0ec6
landsd/32020:0,Tseung Kwan O Plaza Tower 7,B451221885401063C0,ff85f5d0545279ae6cf83b0a56d3690ef50e3502611ab9778a4d667d7f066641/B451221885401063C0,feafeb220ad14cd8c6cfbeb9a17b2ee1efc1508e9e6462ee7e627ff525c3be2c,held-unknown,neighbour-impact; terrain-or-foundation,ground-contact-unresolved; sampled-ground-gap-below-model-bottom; terrain-regresses-neighbour:landsd/29875:0; terrain-regresses-neighbour:landsd/29885:0; terrain-regresses-neighbour:landsd/34291:0,False,unknown,unknown,Changed source/terrain/component evidence or a verified code correction addressing these specific failures; rerun all acceptance gates before installation.,2146dc53f4a5ffbad90d8c76e6b5c3e977f9307a53b19593bd80aa9a8b16ce48
landsd/6801:0,Tower 2,B150332694501063C0,31fe3eb57a4ae3afdf31d63ee92ae491b0e508ae12e857b0b12381a1df81abfe/B150332694501063C0,b3bf0457999097ae6a9c09556e66e8e719dfac380e02afdbe1ec599c4339182c,held-unknown,terrain-or-foundation,ground-contact-unresolved; sampled-ground-gap-below-model-bottom,False,unknown,unknown,Changed source/terrain/component evidence or a verified code correction addressing these specific failures; rerun all acceptance gates before installation.,a2429d2b713092f48c9623a31eff29f22127a40c4dac98667c254edbbba699ba
landsd/231013:0,,B375562685502063C0,3c9cd843a15aadcfe73d905c78bee46c93bd6c31458f8fe5d11ea9cdefd34d64/B375562685502063C0,0f75a6add4da243fb0a09faef72d441c22fb79fd3cc43dc342549930826a8147,held-unknown,identity-or-component-coverage; terrain-or-foundation,full-source-identity-bound:sourceExcessCoveredByUnrelatedFormsM2; full-source-identity-bound:sourceExcessMaximumDistanceFromTargetM; strict-identity-fit; terrain-intersects-source-over-0.5m; whole-source-foundation,False,unknown,unknown,"Changed authoritative component/footprint/source or terrain evidence, or a demonstrated code correction resolving the recorded failures; rerun complete identity/contact/foundation/runtime/neighbour/browser gates.",a7bbb39207db10c467c3c095b71f11c57a470161f3a43c19f954280292477d5e
landsd/296793:0,,B334072127001063C0,16a36c3f9437ad1adafcf944acbd09185ba890144c898034ea585f2643f46618/B334072127001063C0,b822626a9d099304c46f7116ff30645ff0288ede19d3fb8af6b6608b7a05df05,held-unknown,identity-or-component-coverage; terrain-or-foundation,full-source-identity-bound:sourceExcessCoveredByUnrelatedFormsM2; full-source-identity-bound:sourceExcessMaximumDistanceFromTargetM; terrain-intersects-source-over-0.5m; whole-source-foundation,False,unknown,unknown,"Changed authoritative component/footprint/source or terrain evidence, or a demonstrated code correction resolving the recorded failures; rerun complete identity/contact/foundation/runtime/neighbour/browser gates.",5840dfb009d7afe5f67c252756dd78908baf5a5f8a37af976365e37326d9f2ec
landsd/300896:0,The YOHO Hub Tower 3,B217483407501063C0,6d30395548fdd21d76634c29d7425849d8c717b7ef374c2c3599d57aebf28366/B217483407501063C0,60622ce16f486f127071982e6235213cbd3b6dd0d274d8be900cdc0b28ec9951,held-unknown,terrain-or-foundation,ground-contact-unresolved; sampled-ground-gap-below-model-bottom,False,unknown,unknown,Changed source/terrain/component evidence or a verified code correction addressing these specific failures; rerun all acceptance gates before installation.,eddf4b92b03975daed426b12f936f60fd359bf2b10b955a1afbb5a70f2d0e73a
landsd/280350:0,B156122977802063C0,B156122977802063C0,f54667a11a4918e55f95112b671840c62f8247be15c5693d191dc9b244d4a809/B156122977802063C0,851ae2f02fe2499f10c8514b08be8bb9e2e73afa243488c5dc0e0c6ea7acb261,held-unknown,identity-or-component-coverage,source-identity-fit,False,unknown,unknown,Changed source/terrain/component evidence or a verified code correction addressing these specific failures; rerun all acceptance gates before installation.,d20608375727c1fb974671acd308d5a750a27827a8d5731535600fc0c0b17541
landsd/106413:0,Tai Kwei Building,B346442034301063C0,adf1d085a79951ff976393a3672cda66812a6fd2482559fc4b7435331c50964b/B346442034301063C0,797e15e504a549f44c02b55fe11ab769dec45f27f5174c4dc6dc313a7562fe79,held-unknown,identity-or-component-coverage,source-identity-fit,False,unknown,unknown,Changed source/terrain/component evidence or a verified code correction addressing these specific failures; rerun all acceptance gates before installation.,8439ee1c7d2042616eaf976bdbc50cc010413e260e56254baece669d43dda59e
landsd/173512:0,Youth Square,B424281381401063C0,a66d884e06a8e258134b67a703a4fafd7c79114d160392b639a6c15e78643cc0/B424281381401063C0,a3905a76856bc0c622d7f09139995fd2429d294771b68e2385317056987fcea1,held-unknown,identity-or-component-coverage,source-identity-fit,False,unknown,unknown,Changed source/terrain/component evidence or a verified code correction addressing these specific failures; rerun all acceptance gates before installation.,f2429df33a9ef7834e820f16119e19f078e2efbaf5679c3df807ead77dd09b3f
landsd/222465:0,Twin Regency Tower 2,B211593476001063C0,775afc3c8b4b3a42281b69019b6ccf16621311f180b40e6a949808c15b27b8eb/B211593476001063C0,812a7583ff6a789ac956154a534a3548c8c6d5bfdff94338d13a79c42051a37c,held-unknown,terrain-or-foundation,ground-contact-unresolved; sampled-ground-gap-below-model-bottom,False,unknown,unknown,Changed source/terrain/component evidence or a verified code correction addressing these specific failures; rerun all acceptance gates before installation.,26c21681a3bf97de6aae70af64201bc37ea72f537e5c0d0f4dd7167a6fad5ff9
landsd/232561:0,HONG KONG - MACAU FERRY TERMINAL,B337181666002063C0,a7b6d2c77b8fc599c9f9deb72afdcd63a6187e7f78af97ab3c3de971c6cc9ca4/B337181666002063C0,0cd7feb24cdbe5d9f44ca236c458916a6f004eac2f270e6d6179428da9f21a17,held-unknown,identity-or-component-coverage,source-identity-fit,False,unknown,unknown,Changed source/terrain/component evidence or a verified code correction addressing these specific failures; rerun all acceptance gates before installation.,f95f2901ff35a7631356f753d86b3671695fee1acdb0b878f70350934ef22ff8
landsd/79099:0,Nam Fung Court,B377941655801063C0,dc13be536a3928765dfc6044e89f7239af45b2fb07e82b08c1fe1a573dd0f9e5/B377941655801063C0,7ca5a8202c6903f0e765d4586bcbd7597a009b8a997528431c4ed3e2963362fb,held-unknown,terrain-or-foundation,ground-contact-unresolved; sampled-ground-gap-below-model-bottom,False,unknown,unknown,Changed source/terrain/component evidence or a verified code correction addressing these specific failures; rerun all acceptance gates before installation.,258443f76ad07c53506860860822838996fc0eaedb7bdeb5bf3548b026a06b0c
landsd/127304:0,Greenfields Tower 1,B214083357501063C0,8774826b24626b7ffc7bea4b860ac3a67e12f832c076ac4b81cb88eecd28537a/B214083357501063C0,377c3e94e99cfabdba78d80d15b610f9f705d39b9a1fab88fc2233398f2d163e,held-unknown,neighbour-impact; terrain-or-foundation,ground-contact-unresolved; sampled-ground-gap-below-model-bottom; terrain-regresses-neighbour:landsd/231753:0; terrain-regresses-neighbour:landsd/231754:0,False,unknown,unknown,Changed source/terrain/component evidence or a verified code correction addressing these specific failures; rerun all acceptance gates before installation.,55526cc8b36fbf0f018d446811742dda8126035223e2e40e050340d08af3d394
landsd/118003:0,B355371859301063C0,B355371859301063C0,3756d39d62512c0ba56c0186cd6fcc7ec11f750605c3c924df1e7aa4f1591dd7/B355371859301063C0,f3d9ed0d2750849db16427133f0c09c441a01d8a5ef1f3c9c8e26dbf6f1a96e0,held-unknown,identity-or-component-coverage,source-identity-fit,False,unknown,unknown,Changed source/terrain/component evidence or a verified code correction addressing these specific failures; rerun all acceptance gates before installation.,bf5de8251d7c326a59fa1833d4bee658fdbdbfaab729bc72c4e62e8f9e521680
landsd/309822:0,Hong Kong University of Science and Technology Staff Quarters Tower 5-7,B453782220901063C0,309667100bd70bca9f43ad15793e8bad3781b525fd7bf200fd5d160c0992b7cc/B453782220901063C0,56fe512572733202ce049360e08fe0effc15919bec6e296ac667e06f867c957f,held-unknown,identity-or-component-coverage,source-identity-fit,False,unknown,unknown,Changed source/terrain/component evidence or a verified code correction addressing these specific failures; rerun all acceptance gates before installation.,d7bbf756ffa49240cd2f8ef537ed0888627b1de1838075a48b19faf1687ea862
landsd/232089:0,B148472587602062G0,B148472587602062G0,665f1d61f579cdada99bb14b3bd9c8d0d189f0996c9c09d6ecb6453e7049351d/B148472587602062G0,e1ca315cbc06063625c6d038f285ddc05d22e1cdb222c751796c6b30ff52b41e,held-unknown,identity-or-component-coverage,source-identity-fit,False,unknown,unknown,Changed source/terrain/component evidence or a verified code correction addressing these specific failures; rerun all acceptance gates before installation.,975a6071c3b32f59b96496326cae618225efba7a2d2d67d94cd91113a7eb04b8
landsd/242198:0,The Sparkle,B337412155301063C0,16a36c3f9437ad1adafcf944acbd09185ba890144c898034ea585f2643f46618/B337412155301063C0,5dcc709e25d0801ae3e2cef4a59c214babfa2adc4de42ce5fd956e649315c3f3,held-unknown,identity-or-component-coverage,original-source-does-not-cover-whole-georef-cell,False,unknown,unknown,Changed source/terrain/component evidence or a verified code correction addressing these specific failures; rerun all acceptance gates before installation.,7320fe51da9234dcaa86c0e612d8b0e29e4b2aa25c9099df79b78d65c568f3de
landsd/50662:0,Fu Wong House,B339882111101063C0,36a3861c4efb24c58ca4ecbb91c37a9c1a2402fe2a6bd463108d8a663422672e/B339882111101063C0,b250fcb06ff94c8c234e888d0fe09a47cf1c0f57a11a4282faeae5083169f80a,held-unknown,identity-or-component-coverage,source-identity-fit,False,unknown,unknown,Changed source/terrain/component evidence or a verified code correction addressing these specific failures; rerun all acceptance gates before installation.,8ea707f96559aed1d8a00b6ae2ba0144922b434248ee1ccf37c78f04ccce30b3
landsd/14982:0,,B142252969001063C0,8f84c78c84d40756e3a32261058a7b1d055e71bfc7cf0e0c8f64580cdda3ddc1/B142252969001063C0,da28b85d53d3d403d94c3c9055b16b70f1c00153fee3503aa8d7aac8868d1fe9,held-unknown,identity-or-component-coverage; terrain-or-foundation,full-source-identity-bound:sourceExcessCoveredByUnrelatedFormsM2; strict-identity-fit; terrain-intersects-source-over-0.5m,False,unknown,unknown,"Changed authoritative component/footprint/source or terrain evidence, or a demonstrated code correction resolving the recorded failures; rerun complete identity/contact/foundation/runtime/neighbour/browser gates.",71bab8a6a669f616a638309e0ace4cd1f9e1ba08860ae0496cef815ebd17e5d6
landsd/77435:0,Liberte Block 7,B333742179301063C0,be026e2c8b7e9eb731a78624347b43ddcb45cf4dd24077987047dde96b6680e3/B333742179301063C0,cd375cde9e273ce3717d2e9cf98d7d2d75e37936d5feeb7bc242b9685186420d,held-unknown,identity-or-component-coverage,source-identity-fit,False,unknown,unknown,Changed source/terrain/component evidence or a verified code correction addressing these specific failures; rerun all acceptance gates before installation.,626ee97744093edf4d5216750feb5584ad0e6b24179e6d98d89345f6ed4b14c5
landsd/63443:0,,B352431829002063C0,9d831261575c14cefa55303c176b7d4f21585b35a2bcd2d32a794e801de14e4c/B352431829002063C0,13ba1592f8dd20cac8db26fd80cd190d5a92cee853bfd6943d822818cbcb069e,held-unknown,identity-or-component-coverage; terrain-or-foundation,full-source-identity-bound:sourceExcessMaximumDistanceFromTargetM; strict-identity-fit; terrain-intersects-source-over-0.5m; whole-source-foundation,False,unknown,unknown,"Changed authoritative component/footprint/source or terrain evidence, or a demonstrated code correction resolving the recorded failures; rerun complete identity/contact/foundation/runtime/neighbour/browser gates.",19e67be268334016f0e3024c066277c99eeb9e75d0ee4aa3053496ea4a5e1c9b
landsd/255230:0,Wah Ming Centre Block A & Block B,B321811637001063C0,8ab1309e5fc7088ed0425836e4dc28e220aa45b4ff387df1f8ec90c69ff5f3c4/B321811637001063C0,0f5e9785f4a8f45c2e6d21b2b99616c1a2f441756dae1f55cd12faf36d5cdc69,held-unknown,neighbour-impact; terrain-or-foundation,ground-contact-unresolved; sampled-ground-gap-below-model-bottom; terrain-regresses-neighbour:landsd/228372:0,False,unknown,unknown,Changed source/terrain/component evidence or a verified code correction addressing these specific failures; rerun all acceptance gates before installation.,224e3bc16b34f15db942ae2c170249e972a24ec044967837cef2f92c4df56b35
,,B349971856402063C0,9d831261575c14cefa55303c176b7d4f21585b35a2bcd2d32a794e801de14e4c/B349971856402063C0,bbc110089e6a30b158381cdc98020315718d206a8aff1bdacf9198fdc61212ea,held-unknown,identity-or-component-coverage,no-exact-current-component; no-exact-current-official-or-viewer-georef-route,False,unknown,unknown,New authoritative GeoRef/component identity is required; do not repeat the completed zero-result exact official/viewer lookup or invent a route.,00a056307011f6def332a3c5e121fe2473a827277818ac721df8b5585cd48559
landsd/235076:0,BLOCK Z,B365291865802063C0,e67076501f0a4d23144a95f2da680369853944becce4a474a9936db2b9f76783/B365291865802063C0,c408302c2882e0a39aa4046a511bc790cc0596deee088fee9559b86c087c0a2f,held-unknown,neighbour-impact; terrain-or-foundation,landsd/235076:0:sampled-terrain-above-model-bottom; landsd/235076:0:terrain-intersects-source-over-0.5m; terrain-regresses-neighbour:landsd/114494:0,False,unknown,unknown,New source-specific terrain/support evidence is required; do not repeat this unchanged full physical route.,fc77565eb1b1843d98506973f3f92241f235a6d31e42299278c990a67fd96ddb
landsd/277859:0,,B391942913201063C0,4347f9665a856d38795f85101f8df25a66cf46948684d1cd075376f47f5f77e4/B391942913201063C0,ca7b0d70a26e650c3ec0962d611c86ef90ca91646eebccb353823d556a6d9cb6,held-unknown,identity-or-component-coverage; terrain-or-foundation,full-source-identity-bound:sourceExcessCoveredByUnrelatedFormsM2; full-source-identity-bound:sourceExcessMaximumDistanceFromTargetM; strict-identity-fit; terrain-intersects-source-over-0.5m; whole-source-foundation,False,unknown,unknown,"Changed authoritative component/footprint/source or terrain evidence, or a demonstrated code correction resolving the recorded failures; rerun complete identity/contact/foundation/runtime/neighbour/browser gates.",4144f3673da82433099b6e4d9cbd209cea77267bbbdcf83baf8f320e7e63617b
landsd/216203:0,Aqua Marine Block 1,B334092153701063C0,16a36c3f9437ad1adafcf944acbd09185ba890144c898034ea585f2643f46618/B334092153701063C0,090b8f87f6396be1b5810fba0a91856a197e5497f630e1fe2acc1cee95d7daa2,held-unknown,identity-or-component-coverage,source-identity-fit,False,unknown,unknown,Changed source/terrain/component evidence or a verified code correction addressing these specific failures; rerun all acceptance gates before installation.,51a576f132656882f3618fe2dcf029990009fccfc9ba7f24bdc7296fb5be7f32
landsd/244686:0,B376732047302063C0,B376732047302063C0,b1143e27364fe8dc5d0700435ac2cbfc374d4ec9c6e5b7da4edadef83f4ba5a4/B376732047302063C0,d7acf64587218e56f8b6bd2e63f0c30f6e5aa3fc0b3bd7345edda60808bb97d8,held-unknown,identity-or-component-coverage,source-identity-fit,False,unknown,unknown,Changed source/terrain/component evidence or a verified code correction addressing these specific failures; rerun all acceptance gates before installation.,682a5e736b8af5f3135d45d614a89346e1052a676f8e12f09acd2b3961e5e094
landsd/96672:0,,B204493454701063C0,6a1a4836a59bdcd6db6cba1bb05d3b2e4f424e395d9af9cec0b0a1cf07e62375/B204493454701063C0,2ba989e593e084c5635c3a47f5acee4e74d2506a8966eb75e7dd10c20ee8019f,held-unknown,identity-or-component-coverage; terrain-or-foundation,full-source-identity-bound:sourceExcessCoveredByUnrelatedFormsM2; full-source-identity-bound:sourceExcessMaximumDistanceFromTargetM; strict-identity-fit; terrain-intersects-source-over-0.5m; whole-source-foundation,False,unknown,unknown,"Changed authoritative component/footprint/source or terrain evidence, or a demonstrated code correction resolving the recorded failures; rerun complete identity/contact/foundation/runtime/neighbour/browser gates.",46d86342912f0a325d0d54eff9a6809474a5e66fe6b72ec8aea5fef7d683137c
landsd/322573:0,Opus Hong Kong,B359951448601063C0,db1b3801caad853d94b3699495ec306d595de340c7615a61706145c926f64fcb/B359951448601063C0,e3c4ad4fff2acda8844233c83b6885dbbd73c1da9acb0a0efc7ec9778f57d764,held-unknown,identity-or-component-coverage,current-target-does-not-cover-whole-georef-cell; original-source-does-not-cover-whole-georef-cell,False,unknown,unknown,"A corrected original source/terrain/component match or verified code correction resolving the recorded failures, followed by all acceptance checks.",8dc9c4493a369f411bffb6166b0641a1565cc839536376db1f30fa980c30478a
landsd/144536:0,Marina South,B344161159501063C0,a04c53795d53db1d54dd224b5d4b2b9091855f5b8525f82753a981f88bc08438/B344161159501063C0,b1e6eaecef062005266f267c700e2743ba711f930e52170626836b0e29a611fb,held-unknown,terrain-or-foundation,ground-contact-unresolved; sampled-ground-gap-below-model-bottom,False,unknown,unknown,Changed source/terrain/component evidence or a verified code correction addressing these specific failures; rerun all acceptance gates before installation.,638523672bb8e8f32fecd90e1b91a9c736a951a029a700d70c507c3d53bffd94
landsd/164125:0,Royal Terrace,B396661673301063C0,a6920cf3f69444fb1d5b63b5880f208d2d9844fb58d0e730b0fd3710e2077c4b/B396661673301063C0,9c85df9cc12a8aa8352c35b83c63470caa1736276e3a042c03794f0cbebd6e6a,held-unknown,identity-or-component-coverage,current-target-does-not-cover-whole-georef-cell,False,unknown,unknown,Changed source/terrain/component evidence or a verified code correction addressing these specific failures; rerun all acceptance gates before installation.,e61e875e7715e73a8d530ac741fb6ae5de84b77f9807f9d57a44aa3cf5c704d6
landsd/79772:0,Liberte Block 8,B333392178701063C0,be026e2c8b7e9eb731a78624347b43ddcb45cf4dd24077987047dde96b6680e3/B333392178701063C0,1a66a4f49693485ff7051ed98cdbec8659cc1ba7a9cda41a5932e0bfb2d15146,held-unknown,identity-or-component-coverage,source-identity-fit,False,unknown,unknown,Changed source/terrain/component evidence or a verified code correction addressing these specific failures; rerun all acceptance gates before installation.,d47d339053c571f8060689e002b26e40fdb441810595fe8306cf9d2d997463e1
landsd/272986:0,West Kowloon Government Offices South Tower,B349061927101063C0,e0b18b14edfb22334913f06de8bc312f8936a32cfd0ad5222c51a6f4d73bde1d/B349061927101063C0,7c06fb22e6f8f8e854a0a4c83d6ca448b840785f275b2bed6546ace4f2d611b8,held-unknown,terrain-or-foundation,no-lower-original-parent-under-failed-source-faces; terrain-intersects-source-over-0.5m,False,unknown,unknown,Changed source/terrain/component evidence or a verified code correction addressing these specific failures; rerun all acceptance gates before installation.,cf2cd16a7d8efb0a1e7ddba18babd119e9290a1f1327596c447c6ef44b93ed9d
landsd/278303:0,CITIC Tower,B352631575201063C0,18e0fc197fcd6dc965680e20be5d0effdd3dfad9810ef6d1265a5cd652f88b93/B352631575201063C0,284eaf0cf2337754e101689410df4336801dc20c96a4cedb4f745d8c6fb8eb3f,held-unknown,neighbour-impact; terrain-or-foundation,ground-contact-unresolved; sampled-ground-gap-below-model-bottom; terrain-regresses-neighbour:landsd/11940:0; terrain-regresses-neighbour:landsd/163503:0,False,unknown,unknown,Changed source/terrain/component evidence or a verified code correction addressing these specific failures; rerun all acceptance gates before installation.,56561b7bac33e865ba82eaa7bfc145ebe2373ec5353a8c11283e46f16f53a1b8
landsd/136034:0,Visalia Garden,B343581516501063C0,f67e309cdf046ad0a28d67d801fe1e7de8c1e8e74ba38a92bef274cecd39f76c/B343581516501063C0,0834c487ffbf11972f89aa3bded0864da9f89d0811b8b914b5f40aaaa1c7bd28,held-unknown,neighbour-impact; terrain-or-foundation,ground-contact-unresolved; sampled-ground-gap-below-model-bottom; terrain-regresses-neighbour:landsd/262598:0; terrain-regresses-neighbour:landsd/265855:0,False,unknown,unknown,Changed source/terrain/component evidence or a verified code correction addressing these specific failures; rerun all acceptance gates before installation.,99f5252957fc6e001711a55f034e6a368f80521ad8469280e74db0004482d322
landsd/232896:0,B379251464702063C0,B379251464702063C0,572a77b50798fbdfa23007160b8d5c5c7d9cac480effd4159f7b0e9f09633f77/B379251464702063C0,efaa0af95c3d327ebe9b28471532806b04712a22c6453aebf682d75ff268ba9f,held-unknown,identity-or-component-coverage,source-identity-fit,False,unknown,unknown,Changed source/terrain/component evidence or a verified code correction addressing these specific failures; rerun all acceptance gates before installation.,d0c7776bd566554d9ca7f1ffc097f42cb001cb540a7c68ec8ad5b4583a5f8e5c
landsd/233997:0,B355041762402063C0,B355041762402063C0,ee5310370d794b09411c6339096cafac14499ead61ccc90912d6073fadb62b8b/B355041762402063C0,11b03482304ea9f139e6863d259891f06aecc5def1df2e18abd921e0a0aebc5d,held-unknown,neighbour-impact; terrain-or-foundation,sampled-terrain-above-model-bottom; terrain-intersects-source-over-0.5m; terrain-regresses-neighbour:landsd/239032:0; terrain-regresses-neighbour:landsd/239461:0; terrain-regresses-neighbour:landsd/239465:0; whole-source-foundation,False,unknown,unknown,Changed source/terrain/component evidence or a verified code correction addressing these specific failures; rerun all acceptance gates before installation.,d03ae22100703d4b82f89d97bad97fe22ceb9ffb4f606304622d55fe33000547
landsd/74569:0,Primrose Hill Tower 2,B314362588501063C0,a645fbc9dfa2c13ffe0ab22cb9231c8c141ab3ffed7365e9e55a4160ea0870eb/B314362588501063C0,e4a27679d33b6ee4ad1c358fcf697e328bd208b2581343ab5cca3c876ee8a379,held-unknown,neighbour-impact; terrain-or-foundation,ground-contact-unresolved; sampled-ground-gap-below-model-bottom; terrain-regresses-neighbour:landsd/74566:0; terrain-regresses-neighbour:landsd/74568:0; terrain-regresses-neighbour:landsd/74570:0,False,unknown,unknown,Changed source/terrain/component evidence or a verified code correction addressing these specific failures; rerun all acceptance gates before installation.,5438f381a010c5572200f15955cf278bb3247129b474903b6e2380cc7b4c0cfa
landsd/145750:0,Harbour Grand Kowloon,B378651820901063C0,82269a9a6ea1176753291bb0cb9e0d5aa688567c8b40f44cbbf6a39e215127a2/B378651820901063C0,9704ba20eb76da9fecadfe1a84114ecc357571360ef9ec722e5d09815294d62f,held-unknown,identity-or-component-coverage,source-identity-fit,False,unknown,unknown,Changed source/terrain/component evidence or a verified code correction addressing these specific failures; rerun all acceptance gates before installation.,21d6d808ef5d0e8154b9b902cb59bd56d10d2b99f2a8ebde530adf9c5f722bc2
landsd/251569:0,Sol City Tower 1,B206103421801063C0,6a1a4836a59bdcd6db6cba1bb05d3b2e4f424e395d9af9cec0b0a1cf07e62375/B206103421801063C0,f5d69421f5491b294a6c4114deab687a2088415a756929fc42e4b4a701da27ad,held-unknown,neighbour-impact; terrain-or-foundation,ground-contact-unresolved; sampled-ground-gap-below-model-bottom; terrain-regresses-neighbour:landsd/313079:0,False,unknown,unknown,Changed source/terrain/component evidence or a verified code correction addressing these specific failures; rerun all acceptance gates before installation.,5ceb62a4f42efd95ead2a37ff6eb7a28892d12c05d4ca2af7c1410da73e22d84
landsd/253874:0,Elm Tree Towers Block B,B379911490301063C0,572a77b50798fbdfa23007160b8d5c5c7d9cac480effd4159f7b0e9f09633f77/B379911490301063C0,bff74dcf90e2dbcc16c1f82b83bf75a46ce605ade3a113ff814a41aedc3b7135,held-unknown,terrain-or-foundation,ground-contact-unresolved; sampled-ground-gap-below-model-bottom,False,unknown,unknown,Changed source/terrain/component evidence or a verified code correction addressing these specific failures; rerun all acceptance gates before installation.,a3d737aade9c6a55f59a2af775cdcb031e9dd11dac3bb626d252c9db755abed4
landsd/53799:0,Tung Cheong House,B339111143901063C0,a04c53795d53db1d54dd224b5d4b2b9091855f5b8525f82753a981f88bc08438/B339111143901063C0,9bcebd56adced618cad3251df6bae41191b515aa6153986c85e1eed0b1585c49,held-unknown,identity-or-component-coverage,source-identity-fit,False,unknown,unknown,Changed source/terrain/component evidence or a verified code correction addressing these specific failures; rerun all acceptance gates before installation.,f421b254fbb7b0252b5ffc08dda928512c30ab3e36794415446a623cfdd67712
landsd/204145:0,Suntower,B348351824101063C0,9d831261575c14cefa55303c176b7d4f21585b35a2bcd2d32a794e801de14e4c/B348351824101063C0,7015f9c5489eb757589cbd5876955dba3f8ffd99187d42bda8661e857493dce3,held-unknown,terrain-or-foundation,"terrain-construction-guard:('Requires retained native patch handling', ['city/data/terrain-elements-native.json'])",False,unknown,unknown,Changed source/terrain/component evidence or a verified code correction addressing these specific failures; rerun all acceptance gates before installation.,c5c912330c796dbb7eaf677946f7e4a97bdeb68517026e9462dd973b06c2f40e
landsd/337816:0,Cha Kwo Ling Promenade Landscaped Deck,B411001850202063C0,1deddfb69ef932ed9a47790be6930ca24a98f9473e20adcb673b0566c6917d14/B411001850202063C0,08a3330b8fb7d5b22c4c21804263f6b7df2e1b7ddb649fe30045b258d2c2be48,held-unknown,identity-or-component-coverage,source-identity-fit,False,unknown,unknown,Changed source/terrain/component evidence or a verified code correction addressing these specific failures; rerun all acceptance gates before installation.,95ac09f5e076da1f8c571bca0ea15bd121fcaac99c294585cdd7dd1e0077906d
landsd/32067:0,Beverly Garden Block 5,B450401899901063C0,ff85f5d0545279ae6cf83b0a56d3690ef50e3502611ab9778a4d667d7f066641/B450401899901063C0,f306fb79d884b63f04236fcbe1b672ebfc35abdc926dacd1303ea94adea8b7da,held-unknown,identity-or-component-coverage,source-identity-fit,False,unknown,unknown,Changed source/terrain/component evidence or a verified code correction addressing these specific failures; rerun all acceptance gates before installation.,95096b1dd4d923af18e9f0746db88a9684ffba729ba269ae92a54647f7371831
landsd/157125:0,B365112054601063C0,B365112054601063C0,fec77e23fc38d6599f5c115545fe8e96bb95ae3b7b618fd6dce5b61de594a30f/B365112054601063C0,61a4184f849ef10821ec04819ba8527dba5dfcb5bdb3284c48a1f44d3778707d,held-unknown,identity-or-component-coverage,source-identity-fit,False,unknown,unknown,Changed source/terrain/component evidence or a verified code correction addressing these specific failures; rerun all acceptance gates before installation.,0cb71dae570ba3c4185401af5e4ead17b074c1c42b09e3681091e7a9370d0bb5
landsd/227380:0,B349442056402063C0,B349442056402063C0,0069c72b88199caa8955f45dee25ca3abcece3924ce1d4ce2fa116055e861980/B349442056402063C0,0ec881f882c5f52a34ba7d86f20b25a0903dcfcf8d8935ef949ab20569e99dfa,held-unknown,neighbour-impact,terrain-regresses-neighbour:landsd/264489:0; terrain-regresses-neighbour:landsd/264491:0; terrain-regresses-neighbour:landsd/264492:0; terrain-regresses-neighbour:landsd/264493:0; terrain-regresses-neighbour:landsd/264495:0,False,unknown,unknown,"Own terrain/foundation/runtime and retained native147505 pass. Five basic neighbours fail. Four actual tower originals recovered; T1/T2/T3/T4 retain4/1/14/1 unresolved contacts, with zero seam/shared-edge corrections. The fifth ancillary component264492 is not covered by the basic interface. Need actual source/component resolution; no same-parent assumption.",2b2ccf21018ba6c94a99830e1082fb3a1809cf08b9248cc05177e4e26f3d24dc
landsd/79098:0,Sung Fung Court,B377471655901063C0,dc13be536a3928765dfc6044e89f7239af45b2fb07e82b08c1fe1a573dd0f9e5/B377471655901063C0,4f8072df1732dacc3d0f1624964358fe5d77bacba1a363dc739a15648fd5baaf,held-unknown,neighbour-impact; terrain-or-foundation,ground-contact-unresolved; terrain-regresses-neighbour:landsd/47160:0,False,unknown,unknown,Changed source/terrain/component evidence or a verified code correction addressing these specific failures; rerun all acceptance gates before installation.,d5be8d1ec77da1018ef2d67f963979c2f6df2989a615057a4e2c905ce160a242
landsd/32024:0,Tseung Kwan O Plaza Tower 3A,B450301891401063C0,ff85f5d0545279ae6cf83b0a56d3690ef50e3502611ab9778a4d667d7f066641/B450301891401063C0,b0bd7a632142cf800b8e44bbe6ecb333faa0cd03f6f16dd77097592b6f0d0a03,held-unknown,identity-or-component-coverage,original-source-does-not-cover-whole-georef-cell,False,unknown,unknown,Changed source/terrain/component evidence or a verified code correction addressing these specific failures; rerun all acceptance gates before installation.,468cc5990a5710828b7a3e8eadb8c94c37536511006f452b617e3e4a74f1c6b6
landsd/165889:0,,B164163115502063C0,33585895f74cea37b7c490c3e55e3124b158ce3abb95fdc724954f992fc33089/B164163115502063C0,5c2a3560515f4ad2f80e6f2d5b634988ae4d655a9268c137bd55c5952e00b862,held-unknown,identity-or-component-coverage,full-source-identity-bound:sourceExcessCoveredByUnrelatedFormsM2; full-source-identity-bound:sourceExcessMaximumDistanceFromTargetM; strict-identity-fit,False,unknown,unknown,"Changed authoritative component/footprint/source or terrain evidence, or a demonstrated code correction resolving the recorded failures; rerun complete identity/contact/foundation/runtime/neighbour/browser gates.",0f69c1237d795402472ad714ea3508e4cab38a363ad7db95da147667ecafc479
landsd/163705:0,Tung Yat House,B343101134101063C0,00a245ba806076847f0f248289259b7ea9cd1676f37c4c35e4ace87dfc3f7a99/B343101134101063C0,f7df3a96ce4369c4d74710241e4600d3afaf82033af8dc4a2a269e1f5208775a,held-unknown,terrain-or-foundation,no-lower-original-parent-under-failed-source-faces; sampled-terrain-above-model-bottom; terrain-intersects-source-over-0.5m,False,unknown,unknown,Changed source/terrain/component evidence or a verified code correction addressing these specific failures; rerun all acceptance gates before installation.,087638d64f87f4a1468629200aadce909a11eba0fbf7fbf840b8d016d868f4c3
landsd/88343:0,HKDI Campus Block A,B441301855301063C0,d60b39956306d9e8fa082cca21968c707ff3d99b3d935f1938728d8a7794b2e2/B441301855301063C0,98e25a696418680d31f70de499561a68412fc1b08d50ab4e49365ef63adadcc8,held-unknown,terrain-or-foundation,ground-contact-unresolved; sampled-ground-gap-below-model-bottom,False,unknown,unknown,Changed source/terrain/component evidence or a verified code correction addressing these specific failures; rerun all acceptance gates before installation.,ad8d641b1aa0754b00146f97d8e4bea7641e1aa9e4e31c9fd2b21cc9ce689a29
landsd/240962:0,Shangri-La,B362851756301063C0,50fc7bc071df80beda9ae82ed346a2cc010eeddd1eb42b345f0c983e347c5451/B362851756301063C0,2b2c545fe714424d9b0af9af5acd62256f64a011a1d0c5e455ccc2e04644a6a4,held-unknown,identity-or-component-coverage,source-identity-fit,False,unknown,unknown,Changed source/terrain/component evidence or a verified code correction addressing these specific failures; rerun all acceptance gates before installation.,62c483b1ee91da46def61cb909d864b5e23d6502128f53ae332a735c6f83bf40
landsd/223207:0,Twin Regency Tower 1,B210943477701063C0,775afc3c8b4b3a42281b69019b6ccf16621311f180b40e6a949808c15b27b8eb/B210943477701063C0,ba739fa1425007e305a489fe97738edf800795fbdcc38cc9e11705e6475253af,held-unknown,neighbour-impact; terrain-or-foundation,ground-contact-unresolved; sampled-ground-gap-below-model-bottom; terrain-regresses-neighbour:landsd/102067:0; terrain-regresses-neighbour:landsd/112266:0,False,unknown,unknown,Changed source/terrain/component evidence or a verified code correction addressing these specific failures; rerun all acceptance gates before installation.,ca23da2379b195d50072a36ef3d2ba22b1bcf8e396f06e3f4ac1f6afe1a64800
landsd/120158:0,Cullinan West Tower 5,B338852090501063C0,f25d004c1c2bbca17a0ddb5b1485a14a6ea5a3a9c65156553214fdec29bef523/B338852090501063C0,5ce353c94d5cc44c9a8a4368890b8dc759ec624a0d60efa561ee497447ecfc11,held-unknown,terrain-or-foundation,ground-contact-unresolved; sampled-ground-gap-below-model-bottom; whole-source-foundation,False,unknown,unknown,Corrected official support/interface/source evidence or a verified correction resolving all failed contact/foundation checks; revalidate before installation.,df2cf5c164a9e0fe8d5dea973012ade697691c8bf78edc5dd942db13669f9286
landsd/319571:0,Harbour One,B317491647401063C0,8ab1309e5fc7088ed0425836e4dc28e220aa45b4ff387df1f8ec90c69ff5f3c4/B317491647401063C0,c6a1be96a01cddb4b4b14bff7f9acf6730b67c2964e9d8964562fb4f5df97113,held-unknown,identity-or-component-coverage,source-identity-fit,False,unknown,unknown,Changed source/terrain/component evidence or a verified code correction addressing these specific failures; rerun all acceptance gates before installation.,99154636f26dcf62a809b016a79204bf3ab002d69987fad1b6d31c38c0cb3f43
landsd/315025:0,The Southside,B353331200602063C0,3823f924cd3de2e96656b14a0733dfa6df00341df154f8076db5d18d627f542d/B353331200602063C0,85be44e7ab9410c850d3b7d59d05df2cd45fc1072ec2f984ddbb7b43c4d9ff7c,held-unknown,identity-or-component-coverage,source-identity-fit,False,unknown,unknown,Changed source/terrain/component evidence or a verified code correction addressing these specific failures; rerun all acceptance gates before installation.,b5d28704f8d848e0a933502488c4676b29129de805c62ffb6a08eab82a2b99a4
landsd/204143:0,Startower,B348671830601063C0,9d831261575c14cefa55303c176b7d4f21585b35a2bcd2d32a794e801de14e4c/B348671830601063C0,1909183cb05d9e94ae441fb9b391b5718883ccb89f5bf81a976b2aeff024f5ce,held-unknown,component-support; terrain-or-foundation,"terrain-construction-guard:('Requires retained native patch handling', ['city/data/support-native-297401-0-station-land-v2.json', 'city/data/terrain-elements-native.json'])",False,unknown,unknown,Changed source/terrain/component evidence or a verified code correction addressing these specific failures; rerun all acceptance gates before installation.,998c817c39d4e2948f288af635ad954ef0968ba54467025b7f8a034646f5da04
landsd/240487:0,One Peking,B355371745201063C0,ee5310370d794b09411c6339096cafac14499ead61ccc90912d6073fadb62b8b/B355371745201063C0,d075d9ad511e0ccd6b84a49eedb68542422cbc70356ffd46a384100c183c11e1,held-unknown,terrain-or-foundation,ground-contact-unresolved; sampled-ground-gap-below-model-bottom,False,unknown,unknown,Changed source/terrain/component evidence or a verified code correction addressing these specific failures; rerun all acceptance gates before installation.,301f0bab9867806f35ef7fccb427637330afb6ea7a7424ba0d9aa65d73a88f0b
landsd/265269:0,,B109882541501063C0,31fcc077b9397c5fefc49b1045cbc16e9dbf4c66ca442777da6d1945fbff7bb3/B109882541501063C0,0adf753f5832d3598fd1d99c3700b704e33de74aa97c4d4f868ba68c6cb445da,held-unknown,identity-or-component-coverage; terrain-or-foundation,full-source-identity-bound:sourceExcessCoveredByUnrelatedFormsM2; full-source-identity-bound:sourceExcessMaximumDistanceFromTargetM; strict-identity-fit; terrain-intersects-source-over-0.5m; whole-source-foundation,False,unknown,unknown,"Changed authoritative component/footprint/source or terrain evidence, or a demonstrated code correction resolving the recorded failures; rerun complete identity/contact/foundation/runtime/neighbour/browser gates.",bae3e53c2c96f1559372ba299b2db993acc344a15819cd761cd90e4ad5e7b697
landsd/338946:0,Upton,B321751650901063C0,8ab1309e5fc7088ed0425836e4dc28e220aa45b4ff387df1f8ec90c69ff5f3c4/B321751650901063C0,91112a4c6ef150da224da45c98064fb68b6a2523f9a45fabace8b2e7ff78e9bf,held-unknown,terrain-or-foundation,ground-contact-unresolved; sampled-ground-gap-below-model-bottom,False,unknown,unknown,Changed source/terrain/component evidence or a verified code correction addressing these specific failures; rerun all acceptance gates before installation.,138f177b5f1f8f3eee08c585fe16ada98e09b935b640a0df18d7217ffa909678
landsd/337316:0,Kwong Fung Terrace Block 2,B323331634701063C0,e2111355d20198ba215e19a0e214a14a1fd1bcc90a0670f1dfe0003cec4ae788/B323331634701063C0,28fbf1ee9b232d42ea0ed99024479523fdb2427a71f4ebf8077a7aa2324d3962,held-unknown,identity-or-component-coverage,source-identity-fit,False,unknown,unknown,Changed source/terrain/component evidence or a verified code correction addressing these specific failures; rerun all acceptance gates before installation.,ab2cb82a8b9b975309ad234861e6ac9fcdca05a4ebece8e8ef661c15cab39294
landsd/289763:0,Uptown East Tower 2A & 2B,B396732137701063C0,5d5e2af799b59657714faaa208ac4d54848023a980dd58ae5b0efb11a85bfb24/B396732137701063C0,00c1b36f0874fd5dda65fa942bc9ca336af8edf1cb2ffaedf4bf9051c4a24e4c,held-unknown,neighbour-impact; terrain-or-foundation,ground-contact-unresolved; sampled-ground-gap-below-model-bottom; sampled-terrain-above-model-bottom; terrain-regresses-neighbour:landsd/330580:0,False,unknown,unknown,Changed source/terrain/component evidence or a verified code correction addressing these specific failures; rerun all acceptance gates before installation.,043c2ab1febe1d2c8b2051bed25a958543758c38867db5a9f1ec40a45856abd1
landsd/53852:0,Tung On House,B342181132501063C0,00a245ba806076847f0f248289259b7ea9cd1676f37c4c35e4ace87dfc3f7a99/B342181132501063C0,29033ca5151d00c74c2c0a229873543ca7ba5df76433109f6c81657c11b03237,held-unknown,neighbour-impact; terrain-or-foundation,no-lower-original-parent-under-failed-source-faces; sampled-terrain-above-model-bottom; terrain-intersects-source-over-0.5m; terrain-regresses-neighbour:landsd/126434:0,False,unknown,unknown,Changed source/terrain/component evidence or a verified code correction addressing these specific failures; rerun all acceptance gates before installation.,6faad1b35f397feedc6c1d5614900bfe7b7e91e7fc59337065afd7a7bb9f6160
landsd/222781:0,,B156592961802063C0,f54667a11a4918e55f95112b671840c62f8247be15c5693d191dc9b244d4a809/B156592961802063C0,584b1b2f3d2568bcdc04fcb0700c05e9a5fca6f74e4cb48180636e88b765f0a9,held-unknown,terrain-or-foundation,terrain-intersects-source-over-0.5m; whole-source-foundation,False,unknown,unknown,"Changed authoritative component/footprint/source or terrain evidence, or a demonstrated code correction resolving the recorded failures; rerun complete identity/contact/foundation/runtime/neighbour/browser gates.",680011386781769bf6361ef51ce5589754b803b6513ab394bcc16224dacc41c5
landsd/89613:0,HKDI Campus Block B,B441761857801063C0,d60b39956306d9e8fa082cca21968c707ff3d99b3d935f1938728d8a7794b2e2/B441761857801063C0,447d5391c1e8f0044ac5b86b6597d11392ea861cac3389fe2b3e81413ebbdc34,held-unknown,terrain-or-foundation,ground-contact-unresolved; sampled-ground-gap-below-model-bottom,False,unknown,unknown,Changed source/terrain/component evidence or a verified code correction addressing these specific failures; rerun all acceptance gates before installation.,f8bbd99f9bac79149f2b75080b954a6ba1a6de1b225e02cad3d22493e59b5dd8
landsd/311317:0,Queen Elizabeth Hospital Ambulatory Care Centre Extension,B361581883001063C0,e67076501f0a4d23144a95f2da680369853944becce4a474a9936db2b9f76783/B361581883001063C0,6feeea5687b060e9b39d17be3d6336c0668e92c23a15955602ec7256be4268a1,held-unknown,identity-or-component-coverage,source-identity-fit,False,unknown,unknown,Changed source/terrain/component evidence or a verified code correction addressing these specific failures; rerun all acceptance gates before installation.,d0d366616d7018182a26d71a0f7fd393f628974d2f645f18fdf8fd8e310bb8d1
landsd/311758:0,La Marina Tower 1B,B352511192201063C0,e6c0a5fef2f4ceb2865447c77c8fb9df1b66c10e282856a72635341ebdc42a60/B352511192201063C0,dffea58b650d28ce98f5d9ae4872bce615a3b5fb04ae591f87f6e00ef118b53e,held-unknown,neighbour-impact; terrain-or-foundation,ground-contact-unresolved; terrain-regresses-neighbour:landsd/311760:0; terrain-regresses-neighbour:landsd/311762:0; terrain-regresses-neighbour:landsd/328110:0,False,unknown,unknown,Changed source/terrain/component evidence or a verified code correction addressing these specific failures; rerun all acceptance gates before installation.,702e2772cba862d0af45979e398b6e4fd0d1887148834bede46cc754e21f345f
landsd/80343:0,Hong Kong Science Museum,B363491801601063C0,10bdc3efcab8645fd14246efcbf232ea182a02b7c29636a386e300239442708f/B363491801601063C0,df4eeb38ea777cf3016a497db81c0c2a36ea880da7a3cb5b27a426e8768dbe28,held-unknown,terrain-or-foundation,sampled-terrain-above-model-bottom; terrain-intersects-source-over-0.5m,False,unknown,unknown,Changed source/terrain/component evidence or a verified code correction addressing these specific failures; rerun all acceptance gates before installation.,61e56ca3b3f5c74f38dd6d90f99cc60cbf1b495a6f43039321ed34c07f0d1a5d
landsd/254629:0,The Orchards Tower 2,B401241601501063C0,c26c79e53c4625d7c3e4e0f7ba184edc38f03136d52e2bc74382d1f1a3d4d97b/B401241601501063C0,132aa978b271794e7cdde00a3a431e0585fc334af822e102b218335f52ff4b98,held-unknown,identity-or-component-coverage,source-identity-fit,False,unknown,unknown,Changed source/terrain/component evidence or a verified code correction addressing these specific failures; rerun all acceptance gates before installation.,3b9245d6da5b5ee8d8207d83a2775615d94a7aa6a43fc2318b149159adeff6ff
landsd/139132:0,Fook Yat House,B338822187101063C0,29d8e67bc139e44d08188938cc2eda2eeb5dc132772d370980aca9b6cd2a3bc1/B338822187101063C0,2f87351265d718c0b5423820e08beb2cca3c82752742bd9fdceed2c9232eb3b7,held-unknown,identity-or-component-coverage,source-identity-fit,False,unknown,unknown,Changed source/terrain/component evidence or a verified code correction addressing these specific failures; rerun all acceptance gates before installation.,19571590280a1d00b4149b8fb4924e9196725bfa929b779a1d8ec771eb360dbc
landsd/313034:0,Hoi Wah House,B335132115701063C0,16a36c3f9437ad1adafcf944acbd09185ba890144c898034ea585f2643f46618/B335132115701063C0,504120c53ac58b48b96c4b8c50b6fda646dd916e057518e4b178946ce4880031,held-unknown,terrain-or-foundation,ground-contact-unresolved; sampled-ground-gap-below-model-bottom,False,unknown,unknown,Changed source/terrain/component evidence or a verified code correction addressing these specific failures; rerun all acceptance gates before installation.,2eebd2ff8f95a57482a75fdfec66f950c817bb8e251c7070218d7ef8c97630b2
landsd/35148:0,Harbour Glory Tower 6,B379161674601063C0,dc13be536a3928765dfc6044e89f7239af45b2fb07e82b08c1fe1a573dd0f9e5/B379161674601063C0,8e70c6bcec6eaa6462a1fd27a6dc2bef7a2c82711cdfd59b3857550e3056d6b9,held-unknown,neighbour-impact; terrain-or-foundation,ground-contact-unresolved; sampled-ground-gap-below-model-bottom; terrain-regresses-neighbour:landsd/247461:0,False,unknown,unknown,Changed source/terrain/component evidence or a verified code correction addressing these specific failures; rerun all acceptance gates before installation.,283181d602d6123d001451b16394cfaefb7d100c3af6ae19a20d2bf3ab8fb016
landsd/53800:0,Tung Sing House,B341731141601063C0,a04c53795d53db1d54dd224b5d4b2b9091855f5b8525f82753a981f88bc08438/B341731141601063C0,01b2b8a50351975e57fa036e8c358f72b93209c684a29194b5bcfeebaa2de60c,held-unknown,identity-or-component-coverage,source-identity-fit,False,unknown,unknown,Changed source/terrain/component evidence or a verified code correction addressing these specific failures; rerun all acceptance gates before installation.,2b960698aac0af73313346230ec1e78f2608e0c86cbd1253bdc4087b13e3bc99
landsd/97301:0,Tung Ping House,B342731144601063C0,a04c53795d53db1d54dd224b5d4b2b9091855f5b8525f82753a981f88bc08438/B342731144601063C0,1401822634163c71c14b23c87791896c3e78d13d7362b112fc693eb19c94458d,held-unknown,identity-or-component-coverage,source-identity-fit,False,unknown,unknown,Changed source/terrain/component evidence or a verified code correction addressing these specific failures; rerun all acceptance gates before installation.,35ab6873e548fe3cd0ab34923f2d9ee29387d46c807517a861de6e919d905b7a
landsd/313117:0,,B336132128602063C0,16a36c3f9437ad1adafcf944acbd09185ba890144c898034ea585f2643f46618/B336132128602063C0,6e2c5e7c96242e2ab5d9fb9ffa454ed210fa10507e2cd7866b0f73275c9fb591,held-unknown,identity-or-component-coverage; terrain-or-foundation,full-source-identity-bound:sourceExcessMaximumDistanceFromTargetM; full-source-identity-bound:targetCoveredBySourceProjection; strict-identity-fit; terrain-intersects-source-over-0.5m; whole-source-foundation,False,unknown,unknown,"Changed authoritative component/footprint/source or terrain evidence, or a demonstrated code correction resolving the recorded failures; rerun complete identity/contact/foundation/runtime/neighbour/browser gates.",6485e52ca3aa3751e4208dc4ac46fc484daa2c877c4d9a5b1e7e3130a92cfd6a
landsd/256319:0,Hong Kong Parkview Block 16,B384951320301063C0,62fd9d40d3d4af65b55fba799a0377c16db48438a18017aea1c1533ff62c3958/B384951320301063C0,b57eab82a53c67a40eb0f94e64215ca5acbd8f4808fb90610c15425aa21c4193,held-unknown,neighbour-impact; terrain-or-foundation,ground-contact-unresolved; sampled-ground-gap-below-model-bottom; terrain-regresses-neighbour:landsd/256116:0; terrain-regresses-neighbour:landsd/256120:0,False,unknown,unknown,Changed source/terrain/component evidence or a verified code correction addressing these specific failures; rerun all acceptance gates before installation.,dc0323405939ecd165c84f3fdf84e925110941e33934edddf6e2795221e4a95f
landsd/232466:0,Nob Hill Tower 2,B322102251301063C0,c6779ef99ac48e46d9d9404dbb47ee4f0d05d2a85c0f5efd34e929779a54036e/B322102251301063C0,d9420ece6949621bc3e4be10a7428ec528809e303c56c1ad898f756da6a6bd03,held-unknown,neighbour-impact; terrain-or-foundation,ground-contact-unresolved; sampled-ground-gap-below-model-bottom; terrain-regresses-neighbour:landsd/206325:0; terrain-regresses-neighbour:landsd/232467:0; terrain-regresses-neighbour:landsd/340142:0,False,unknown,unknown,Changed source/terrain/component evidence or a verified code correction addressing these specific failures; rerun all acceptance gates before installation.,42dce9beb8219153c644eace3153aeee0a49b31244ee5db73d33c7d9f410ae21
landsd/236138:0,City University of Hong Kong Yeung Kin Man Academic Building,B358792191201063C1,90d2e61ffda301bf71c68e16c9e85da3226c999f749cffade2aded7e6957bcd4/B358792191201063C1,e1207b6ddc0671202f527c206abef70f7b954390c3e0186a395b4427f1ff1888,held-unknown,identity-or-component-coverage,source-identity-fit,False,unknown,unknown,Changed source/terrain/component evidence or a verified code correction addressing these specific failures; rerun all acceptance gates before installation.,55b71237dc8db518abc49db7eb6fc105be94ba3e173fea341e6a21f3499638cc
landsd/300897:0,The YOHO Hub Tower 5,B215853408101063C0,6d30395548fdd21d76634c29d7425849d8c717b7ef374c2c3599d57aebf28366/B215853408101063C0,419567172d41036f1504da7f45fc05d8e3d280fa7663687b4723261056887f81,held-unknown,terrain-or-foundation,ground-contact-unresolved; sampled-ground-gap-below-model-bottom,False,unknown,unknown,Changed source/terrain/component evidence or a verified code correction addressing these specific failures; rerun all acceptance gates before installation.,811c9661af3059f596fb8f70c9f9b1bbb31ed49d2654fdf2bf9d7e4e8d558ce4
landsd/147589:0,Fu Yuet House,B340472097901063C0,f25d004c1c2bbca17a0ddb5b1485a14a6ea5a3a9c65156553214fdec29bef523/B340472097901063C0,f386c88cfdd6f2dd5d1537aaba4ae1b15305014aaaf6d50feb3e7108a7ef38e9,held-unknown,identity-or-component-coverage,source-identity-fit,False,unknown,unknown,Changed source/terrain/component evidence or a verified code correction addressing these specific failures; rerun all acceptance gates before installation.,426db9013556e730f3d0e3278e1817c944ae130bddafa3f62bf4782dfb61e0f0
landsd/20270:0,,B348962051701063C0,0069c72b88199caa8955f45dee25ca3abcece3924ce1d4ce2fa116055e861980/B348962051701063C0,e316585684d178e790090952fb45d79cf9086e94e1794c9f78bcd3cde3cfe392,held-unknown,identity-or-component-coverage; terrain-or-foundation,full-source-identity-bound:sourceExcessCoveredByUnrelatedFormsM2; ground-contact-unresolved; strict-identity-fit,False,unknown,unknown,"Changed authoritative component/footprint/source or terrain evidence, or a demonstrated code correction resolving the recorded failures; rerun complete identity/contact/foundation/runtime/neighbour/browser gates.",f5f6b53b60840ebb3c9d785778a26ad24043b9eb866e509263dcfa7df8f79bcc
landsd/6462:0,Green 18,B397763207001063C0,b197809c98f7c4259113fcb61fc1cf4bf1c28c22c03d5d85381eba1b7c8b9fea/B397763207001063C0,d2d2c62ed2d29ffbf7ec4060c108f1c53eb784558120cb153a5d9482d60d493f,held-unknown,terrain-or-foundation,ground-contact-unresolved,False,unknown,unknown,Changed source/terrain/component evidence or a verified code correction addressing these specific failures; rerun all acceptance gates before installation.,90984c931d8ed001b897a390c752a0e48002ff0761d3f9870dda9e98d8bf536b
landsd/9778:0,B393472409802062G0,B393472409802062G0,3cc11616a8292ce4288f76ff83b59d9440cb3ed1f1591c39b38ad40a768c19a3/B393472409802062G0,268fa418585fc618d40a9c603e7dbcb579f36a6326d6d79711ac4943f5dadabf,held-unknown,identity-or-component-coverage,source-identity-fit,False,unknown,unknown,Changed source/terrain/component evidence or a verified code correction addressing these specific failures; rerun all acceptance gates before installation.,b601d5b00347e25868311cca1029aca2ed03c533ea544ec7f48ee7b9b490fc0e
landsd/175729:0,Aqua Marine Block 5,B333022149801063C0,16a36c3f9437ad1adafcf944acbd09185ba890144c898034ea585f2643f46618/B333022149801063C0,9e92d0a14f9d9c230745c49d84ed33cfda40c41d826a067e2c0ff72f0dbd1044,held-unknown,terrain-or-foundation,ground-contact-unresolved; sampled-ground-gap-below-model-bottom,False,unknown,unknown,Changed source/terrain/component evidence or a verified code correction addressing these specific failures; rerun all acceptance gates before installation.,af6522f071d7397c3e60e7d461f9d5ad91d57619c0986829f4df04757d610af0
landsd/272788:0,Aqua Marine Block 2,B333842150001063C0,16a36c3f9437ad1adafcf944acbd09185ba890144c898034ea585f2643f46618/B333842150001063C0,dba1c8804136ce3c086cef7f6a7ac013b3b15eb17648160e9ffb899442872da5,held-unknown,terrain-or-foundation,ground-contact-unresolved; sampled-ground-gap-below-model-bottom,False,unknown,unknown,Changed source/terrain/component evidence or a verified code correction addressing these specific failures; rerun all acceptance gates before installation.,aaeb5e7351f876c9398de084c3a4d8ab2a02fd853879c0d1585ba08759c38562
landsd/255438:0,Hong Kong Parkview Block 6,B387201320501063C0,62fd9d40d3d4af65b55fba799a0377c16db48438a18017aea1c1533ff62c3958/B387201320501063C0,363c8df82ecf39c7a9d1f6948e2b2aec06af28820642fdeeab45f9d08da36bae,held-unknown,neighbour-impact; terrain-or-foundation,ground-contact-unresolved; sampled-ground-gap-below-model-bottom; terrain-regresses-neighbour:landsd/255646:0,False,unknown,unknown,Changed source/terrain/component evidence or a verified code correction addressing these specific failures; rerun all acceptance gates before installation.,33840999421e94eff337ac6fea572a430d02966bf1c32d7f5366e2e79af7a1c7
landsd/276045:0,B165863094602062G0,B165863094602062G0,d09c7a26b55e36124d9aec039c581b8a7cc2c6721ca8029d9388212aa2457e9c/B165863094602062G0,28da7b3df8c9a02b6e152d0352cf3c338bd112ac649e97488506e96b83a39edf,held-unknown,neighbour-impact; terrain-or-foundation,ground-contact-unresolved; no-lower-original-parent-under-failed-source-faces; sampled-ground-gap-below-model-bottom; sampled-terrain-above-model-bottom; terrain-intersects-source-over-0.5m; terrain-regresses-neighbour:landsd/188247:0; terrain-regresses-neighbour:landsd/188250:0; terrain-regresses-neighbour:landsd/189148:0; terrain-regresses-neighbour:landsd/189154:0; terrain-regresses-neighbour:landsd/189155:0; terrain-regresses-neighbour:landsd/189157:0; terrain-regresses-neighbour:landsd/189215:0; terrain-regresses-neighbour:landsd/189594:0; terrain-regresses-neighbour:landsd/189621:0; terrain-regresses-neighbour:landsd/189659:0; terrain-regresses-neighbour:landsd/189671:0; terrain-regresses-neighbour:landsd/197011:0; terrain-regresses-neighbour:landsd/197491:0; terrain-regresses-neighbour:landsd/197506:0; terrain-regresses-neighbour:landsd/197518:0; terrain-regresses-neighbour:landsd/197537:0; terrain-regresses-neighbour:landsd/197860:0; terrain-regresses-neighbour:landsd/197867:0; terrain-regresses-neighbour:landsd/198966:0; terrain-regresses-neighbour:landsd/198969:0; terrain-regresses-neighbour:landsd/198974:0; terrain-regresses-neighbour:landsd/198983:0; terrain-regresses-neighbour:landsd/199007:0; terrain-regresses-neighbour:landsd/199010:0; terrain-regresses-neighbour:landsd/212064:0; terrain-regresses-neighbour:landsd/212065:0; terrain-regresses-neighbour:landsd/267630:0; terrain-regresses-neighbour:landsd/276047:0; terrain-regresses-neighbour:landsd/307788:0; whole-source-foundation,False,unknown,unknown,Changed source/terrain/component evidence or a verified code correction addressing these specific failures; rerun all acceptance gates before installation.,f29c8b5e9fa3467810f6eb954d842c645e86722206d8cd626050b87b1c16bebd
landsd/113010:0,B332981480202063C0,B332981480202063C0,bd0a80f0732fd91b68080ea251bb144c7f23cb6392521946b9beb3d1a30e88dc/B332981480202063C0,48445a5cbe27f05dbc30439d339952c09d94dd4ea96497009f65878760013cb8,held-unknown,identity-or-component-coverage,source-identity-fit,False,unknown,unknown,Changed source/terrain/component evidence or a verified code correction addressing these specific failures; rerun all acceptance gates before installation.,5ecdb41e30d84e10968fafb1c0983d9fb54fa0ea290dba236a28a44b14a25445
landsd/173768:0,Elegant Garden Block 1,B322691642101063C0,e2111355d20198ba215e19a0e214a14a1fd1bcc90a0670f1dfe0003cec4ae788/B322691642101063C0,e083db6a404caf56e8bff295086d06028e6482d1ba87836704e3801e86276373,held-unknown,identity-or-component-coverage,source-identity-fit,False,unknown,unknown,Changed source/terrain/component evidence or a verified code correction addressing these specific failures; rerun all acceptance gates before installation.,78bc4638f3aaf39f997bfbae657ee7d4dc1729a877d90a3f2fe9295cbe5b1ce9
landsd/256334:0,Beverly Hill Block F,B371931492801063C0,acd6ebaba1f0209fe5e0a4abb26d02dd0e5526ec8238f3f01953f334ca7fef01/B371931492801063C0,afe9a86cf2ece5a5ed97c39a5e5a7b3e32504e50e4e75172f1114e3e0ddc612e,held-unknown,terrain-or-foundation,ground-contact-unresolved; sampled-ground-gap-below-model-bottom,False,unknown,unknown,Changed source/terrain/component evidence or a verified code correction addressing these specific failures; rerun all acceptance gates before installation.,b1d2417a79aecd42d61171f33f5a39b4210386995baf760df5e7cc78d92ed1d6
landsd/173532:0,Elegant Garden Block 2,B322851642001063C0,e2111355d20198ba215e19a0e214a14a1fd1bcc90a0670f1dfe0003cec4ae788/B322851642001063C0,d6f98cee5009a166605a167130796583594e997913853f5b052e4b184bba4852,held-unknown,identity-or-component-coverage,source-identity-fit,False,unknown,unknown,Changed source/terrain/component evidence or a verified code correction addressing these specific failures; rerun all acceptance gates before installation.,ada252676a4c0f80b8604e40fd5f9036c5aac3a08a373b76fe832bfe94f9cb92
landsd/204146:0,Skytower,B348041823801063C0,9d831261575c14cefa55303c176b7d4f21585b35a2bcd2d32a794e801de14e4c/B348041823801063C0,c68e73329b0aa5a6fa5dd00e303f772eafb24b0c6d9bfbf89f28e7e34d806f44,held-unknown,identity-or-component-coverage,fresh-current-spatial-bound:sourceExcessMaximumDistanceFromTargetM; full-source-maximum-extent,False,unknown,unknown,"A corrected original source/terrain/component match or verified code correction resolving the recorded failures, followed by all acceptance checks.",ff4ef632aa0b9b25e4d17551c13396639f72c3ddf3de1cceb7614d09e71ad1c6
landsd/7055:0,Kam Fat Building,B337811164701063C0,a04c53795d53db1d54dd224b5d4b2b9091855f5b8525f82753a981f88bc08438/B337811164701063C0,b27b4bccd10876d9bb3e5de50a061d2665053591d5ea31d95b5f58df9655bd9a,held-unknown,identity-or-component-coverage,source-identity-fit,False,unknown,unknown,Changed source/terrain/component evidence or a verified code correction addressing these specific failures; rerun all acceptance gates before installation.,4762094b0de213b72cabdb9e33c61ec90216b75d07e8bd0a7e27e9ea8b1850b0
landsd/336667:0,,B156072976701063C0,f54667a11a4918e55f95112b671840c62f8247be15c5693d191dc9b244d4a809/B156072976701063C0,7d65f623fafccf51590c7dab2c1cb7238560b53ea98510cf89d11aced7b93e66,held-unknown,identity-or-component-coverage; terrain-or-foundation,full-source-identity-bound:sourceExcessCoveredByUnrelatedFormsM2; full-source-identity-bound:targetCoveredBySourceProjection; original-source-does-not-cover-whole-georef-cell; strict-identity-fit; terrain-intersects-source-over-0.5m; whole-source-foundation,False,unknown,unknown,"Changed authoritative component/footprint/source or terrain evidence, or a demonstrated code correction resolving the recorded failures; rerun complete identity/contact/foundation/runtime/neighbour/browser gates.",7d11e042ad74c0c3c66d5bd946d5d50bb5622099524978c6a976f20f7ae19efb
landsd/244581:0,International Christian Quality Music Secondary and Primary School,B392132290401063C0,7048083a7e216dd988938e893c31d0529e58bc91a8df84c99c866b25818df810/B392132290401063C0,26427158252a7943232c9c281d20dbbf24326c9aba26be028da4cb19d75e5393,held-unknown,identity-or-component-coverage,source-identity-fit,False,unknown,unknown,Changed source/terrain/component evidence or a verified code correction addressing these specific failures; rerun all acceptance gates before installation.,5eecc297fadaa4b37a97a8b99bbb96e5d53d29b9e02bfe72248a4700d898d765
landsd/265301:0,RESERVED CARPARK,B426161532902063C0,899320ec0688b8c98f8bf441b26898b69e49eaf64fa7b61c99493afc0d18a620/B426161532902063C0,c16079a7fcd2433e31a1c9ed4dbb3ec26950f30bc9ef9dc559a05ace575ec97c,held-unknown,identity-or-component-coverage,fresh-current-spatial-bound:sourceExcessCoveredByUnrelatedFormsM2; full-source-unrelated-overlap,False,unknown,unknown,Changed source/terrain/component evidence or a verified code correction addressing these specific failures; rerun all acceptance gates before installation.,259782bb8f67b63adfe94e5be96fe6d913f81a128241f17b3330b9ca5b76f998
landsd/213579:0,POK OI HOSPITAL,B223703400701063C0,d8dd631ac65de2790f694981e8402bafd0f0f33e1a65bbce74d03db17e307d4b/B223703400701063C0,bb031a70c651cbee10f12cbc0f9d5608dbdb90f5fb976bd4e3ad19caf7556522,held-unknown,identity-or-component-coverage,source-identity-fit,False,unknown,unknown,Changed source/terrain/component evidence or a verified code correction addressing these specific failures; rerun all acceptance gates before installation.,216d93330985c6d07e4c45589e3b840f6df788a6d5bf81eb6f82470734b4c9e6
landsd/156599:0,Ocean Centre,B354381745901063C0,ee5310370d794b09411c6339096cafac14499ead61ccc90912d6073fadb62b8b/B354381745901063C0,0c91d5079caf5faad9a5c39298d574250f6d35744175ceffc547f204ccab4156,held-unknown,identity-or-component-coverage,source-identity-fit,False,unknown,unknown,Changed source/terrain/component evidence or a verified code correction addressing these specific failures; rerun all acceptance gates before installation.,e3d2d04726bfd7e5d17898c5c8a567f2225b14cca4823c36d5299ec78183f25e
landsd/158003:0,Ever Court,B357132066201063C0,527b6a650115922ae971071770fb2672cfcb85a054a9c5048041eb701429cf50/B357132066201063C0,9feaee0a9981f0ea7bbee401631a0e46ed77c58a04c7e1c0f98fb9fc2c9967fc,held-unknown,identity-or-component-coverage,source-identity-fit,False,unknown,unknown,Changed source/terrain/component evidence or a verified code correction addressing these specific failures; rerun all acceptance gates before installation.,573fed7436131081650e43e94ee00c3bd3abcb68d2075128ada309d622f0eaf4
landsd/226794:0,Dragon Peak,B378871583701063C0,75b5edde8afeaf175e91b8230cbc7f618d1ebe5ffe18e71e38192a8507e0fd1a/B378871583701063C0,84bf084baee2bf710240afd7181f607559731aa0688af9fe36bfed4de1b34bc4,held-unknown,neighbour-impact; terrain-or-foundation,ground-contact-unresolved; sampled-ground-gap-below-model-bottom; terrain-regresses-neighbour:landsd/232428:0; terrain-regresses-neighbour:landsd/97821:0,False,unknown,unknown,Changed source/terrain/component evidence or a verified code correction addressing these specific failures; rerun all acceptance gates before installation.,17ff7279f712e6eb363fecd27782cc6b0a4bdcf45fba9a539a6ae3cf2a26772a
landsd/229881:0,HOI TAI HOUSE (BLK D),B350761970902063C0,e0b18b14edfb22334913f06de8bc312f8936a32cfd0ad5222c51a6f4d73bde1d/B350761970902063C0,8af0425785742a0eb35991ec55f1cde6244b14324735cb52057beafbbf8b9e3d,held-unknown,component-support,sampled-source-wall-clearance-unresolved; separate-original-tower-support-evidence-unresolved,False,unknown,unknown,"Retain current upper/unknown-height components. Establish complete original component ownership and support, then rerun source-specific physical/runtime/browser gates. Projection or height-plane coverage grants no suppression.",9012a2bca16bb131af83a4cde0f23c28308beaa99f5c7a110fc66ae553b78e80
landsd/109491:0,2 & 3 Garden Terrace Block 2,B339491523001063C0,f67e309cdf046ad0a28d67d801fe1e7de8c1e8e74ba38a92bef274cecd39f76c/B339491523001063C0,d6f60c07b429bd89b7c45b09f3a3077960ecbd96898c833684a564d1a4fb9f2e,held-unknown,identity-or-component-coverage,source-identity-fit,False,unknown,unknown,Changed source/terrain/component evidence or a verified code correction addressing these specific failures; rerun all acceptance gates before installation.,2bbebe584ac166d8fa7e6408b36bc5110d3991134664e21ad494539f52c19701
landsd/296699:0,HONG KONG - MACAU FERRY TERMINAL,B336951676801063C0,a7b6d2c77b8fc599c9f9deb72afdcd63a6187e7f78af97ab3c3de971c6cc9ca4/B336951676801063C0,2b8df5f8d1d6b2e5a00b52fc0a46cdae910e0d460d09c7543e5cd1f334702dc4,held-unknown,identity-or-component-coverage,source-identity-fit,False,unknown,unknown,Changed source/terrain/component evidence or a verified code correction addressing these specific failures; rerun all acceptance gates before installation.,059719b69bf81943f2e0bfb3fcb230b9449f7a2b4bdef2e8b12587c469f4ec0e
landsd/207957:0,B410444499501063C0,B410444499501063C0,cd0f0945aa5055f14a84a8e596921137e1efa1e6efbcd6ca017d71d3983cce4a/B410444499501063C0,82e6a654d9ac5451271f8fce1cf82c0a234dd9e67649a47f4e51bfffeb2088be,held-unknown,terrain-or-foundation,ground-contact-unresolved; sampled-ground-gap-below-model-bottom,False,unknown,unknown,Changed source/terrain/component evidence or a verified code correction addressing these specific failures; rerun all acceptance gates before installation.,fcb1b6b322506a149d48b1059560e82ded6720a6a3e7ad2bc391fc37de020ddf
landsd/255647:0,Hong Kong Parkview Block 11,B385941312801063C0,8c657e8fa1227ddad1b28bf083ea0ebea94cc46ee359b29ef3149c26d519662b/B385941312801063C0,c2a4c7342c9edfed5abdd1851fda88a9860d04e2b9b34236faf96e98e828b943,held-unknown,terrain-or-foundation,ground-contact-unresolved; sampled-ground-gap-below-model-bottom; sampled-terrain-above-model-bottom,False,unknown,unknown,Changed source/terrain/component evidence or a verified code correction addressing these specific failures; rerun all acceptance gates before installation.,e61a9136011695d9b453afcbea15fd855ce129c6a70c1faa76ca91064c53d00b
landsd/310787:0,,B359761718602063C0,f2c3e43b5d165d3e8d01162d66e65543cd6452c00a5c033b221386ab7de6d96b/B359761718602063C0,e1702846809ecd17a74316e9a582f17e2999d7a197fcea0b16ab372aecda2525,held-unknown,identity-or-component-coverage; terrain-or-foundation,full-source-identity-bound:sourceExcessMaximumDistanceFromTargetM; full-source-identity-bound:targetCoveredBySourceProjection; strict-identity-fit; terrain-intersects-source-over-0.5m; whole-source-foundation,False,unknown,unknown,"Changed authoritative component/footprint/source or terrain evidence, or a demonstrated code correction resolving the recorded failures; rerun complete identity/contact/foundation/runtime/neighbour/browser gates.",cc103736cbdb0d30ed43ba692a995f91cf28246698e1bb21d9e05b26f3bab158
landsd/21894:0,2 & 3 Garden Terrace Block 3,B339351519701063C0,f67e309cdf046ad0a28d67d801fe1e7de8c1e8e74ba38a92bef274cecd39f76c/B339351519701063C0,ea3b2a1531c7cce1f1d3915bc3014bc5eab2f0cef807fe3f581bf9f1320f4e5f,held-unknown,terrain-or-foundation,ground-contact-unresolved; sampled-ground-gap-below-model-bottom,False,unknown,unknown,Changed source/terrain/component evidence or a verified code correction addressing these specific failures; rerun all acceptance gates before installation.,c9168a296a246f133bb9b40c0c9a19b129739d41185d8c9c3e036ef81c53de5d
landsd/203730:0,The Waterfront Tower VI,B348761848101063C0,9d831261575c14cefa55303c176b7d4f21585b35a2bcd2d32a794e801de14e4c/B348761848101063C0,ef6b1eef5ee27f3c9f027d48436cc31722c8c41b4179e68f90f0d9542e03232e,held-unknown,identity-or-component-coverage,source-identity-fit,False,unknown,unknown,Changed source/terrain/component evidence or a verified code correction addressing these specific failures; rerun all acceptance gates before installation.,57e5d17ab9a34de900284fe51278b984c1ef4da242414fc73462fa15c9577951
landsd/266062:0,,B364461960802063C0,d5c2873925a517c3fcfee4a1bfb005df6d4e32f688ab69722ae2f61266cb8917/B364461960802063C0,22b458321ca483c53324ee152cb27c382e5ac4dfd745974f169b1c551ac8a6c1,held-unknown,identity-or-component-coverage; terrain-or-foundation,full-source-identity-bound:sourceExcessCoveredByUnrelatedFormsM2; strict-identity-fit; terrain-intersects-source-over-0.5m; whole-source-foundation,False,unknown,unknown,"Changed authoritative component/footprint/source or terrain evidence, or a demonstrated code correction resolving the recorded failures; rerun complete identity/contact/foundation/runtime/neighbour/browser gates.",c62519a47372cc3f45b0e428bdc0cfd0e853765631b512007f93863861003bc8
landsd/323546:0,B361601749602063C0,B361601749602063C0,50fc7bc071df80beda9ae82ed346a2cc010eeddd1eb42b345f0c983e347c5451/B361601749602063C0,f0805e04e4bee49024520e79055c05991bffe6fdf268ffad5b1a8ce1bc199f03,held-unknown,identity-or-component-coverage,source-identity-fit,False,unknown,unknown,Changed source/terrain/component evidence or a verified code correction addressing these specific failures; rerun all acceptance gates before installation.,6fad28bdc43785ba2cf4f7e8764ab7d29e595c49e5e522b119a894d2470d6ffe
,,B360171738601063C0,b61b2dc5076879eaedd16046bad1e408757d43bd4bdd231fecda0933bd2629dd/B360171738601063C0,4f483e0d26cd40ba3bf93c6edd1e8485e5d11c2d7cde3cd9243651f0505784ea,held-unknown,identity-or-component-coverage,no-exact-current-component; no-exact-current-official-or-viewer-georef-route,False,unknown,unknown,New authoritative GeoRef/component identity is required; do not repeat the completed zero-result exact official/viewer lookup or invent a route.,ba5f5612ad0776d7db937194b1e3bfe53a5a355dfdce78530b7e4587378c10c6
landsd/268032:0,B337321577301063C0,B337321577301063C0,00fbe8df62f11cd6d7314d0d20dfc0be002a0b9c270b1a4610da72ba215cb567/B337321577301063C0,4d907ca0b46ae5edbb9b2fa6c070f677e776e73b4dea7d61303a1ea50853b4ba,held-unknown,terrain-or-foundation,ground-contact-unresolved; sampled-ground-gap-below-model-bottom,False,unknown,unknown,Changed source/terrain/component evidence or a verified code correction addressing these specific failures; rerun all acceptance gates before installation.,da0fa69cdb88a875b0fcfea2d3b2093a949759d37ba1db243914dd020725fd94
landsd/305600:0,The Hong Kong Polytechnic University Lee Shau Kee Building,B366771855901063C0,10bdc3efcab8645fd14246efcbf232ea182a02b7c29636a386e300239442708f/B366771855901063C0,bf063175904023d34a2668b86f4a9be42beac1efbfc280fd969179c7b333787d,held-unknown,identity-or-component-coverage,source-identity-fit,False,unknown,unknown,Changed source/terrain/component evidence or a verified code correction addressing these specific failures; rerun all acceptance gates before installation.,54c0250beed2951d123316ae11904479b0a638cb13361ebf48f1e413b7c8f9e5
landsd/93424:0,The Grand Aquarium,B360321188401063C0,f9d5a4b34936a79bb2b667fd7190f3d4a6f79c3fbd0e0a848afaaf6679b34422/B360321188401063C0,359aa68b0df2051cc81cc5a8c79189b08715d07e6163307231d20127be1d6b30,held-unknown,identity-or-component-coverage,source-identity-fit,False,unknown,unknown,Changed source/terrain/component evidence or a verified code correction addressing these specific failures; rerun all acceptance gates before installation.,338d0fa537b281a44b7fb63049d70a805a64d4d508c83ad71edac46494256eb8
landsd/161931:0,Cullinan West Tower 3,B339252087401063C0,f25d004c1c2bbca17a0ddb5b1485a14a6ea5a3a9c65156553214fdec29bef523/B339252087401063C0,86afc90974d7d58a2c5bedfc83ee2d290988f4296f7f3390bf939f9296b0be09,held-unknown,neighbour-impact; terrain-or-foundation,ground-contact-unresolved; sampled-ground-gap-below-model-bottom; terrain-regresses-neighbour:landsd/120158:0; terrain-regresses-neighbour:landsd/268423:0; terrain-regresses-neighbour:landsd/269138:0,False,unknown,unknown,Changed source/terrain/component evidence or a verified code correction addressing these specific failures; rerun all acceptance gates before installation.,2ca1cb998ace9a85f3dc0e4d615d29f45177f3c9c76269087a716211b32cb8fb
landsd/320705:0,Park Haven,B373231543201063C0,f6dd237c3db9ea044e3c67ac9eea0c56f27b3b8a41181e6422c15a608ccdd85a/B373231543201063C0,53e7601fae7d72d2dcc4ee5d32002628c927769095cd6d9d07f5c2fa7afc95e9,held-unknown,terrain-or-foundation,ground-contact-unresolved; sampled-ground-gap-below-model-bottom,False,unknown,unknown,Changed source/terrain/component evidence or a verified code correction addressing these specific failures; rerun all acceptance gates before installation.,096473b551389c3d318da6ad9353a817729555d66de82295fb6c237ce8edd7b0
landsd/305582:0,The Hong Kong Polytechnic University Sports Centre,B365931850802063C0,10bdc3efcab8645fd14246efcbf232ea182a02b7c29636a386e300239442708f/B365931850802063C0,ac9df2e1b9b66b9c120a8638881b5f44fb966f7463b8874c27b040b91d37df15,held-unknown,identity-or-component-coverage,fresh-current-spatial-bound:sourceExcessCoveredByUnrelatedFormsM2; full-source-unrelated-overlap,False,unknown,unknown,"A corrected original source/terrain/component match or verified code correction resolving the recorded failures, followed by all acceptance checks.",80393cf76d22b50c183556206cc271bb9c4a0b46e2370cf7d5c61c54dee89fa8
landsd/276873:0,B325281632801063C0,B325281632801063C0,e2111355d20198ba215e19a0e214a14a1fd1bcc90a0670f1dfe0003cec4ae788/B325281632801063C0,1ab145d9f584ac5e839a2841e0d5fef8b3b465fce51fee8058441e15ca3f2d3c,held-unknown,identity-or-component-coverage,source-identity-fit,False,unknown,unknown,Changed source/terrain/component evidence or a verified code correction addressing these specific failures; rerun all acceptance gates before installation.,97c4efbccad08280c88f84c2c7062ce6383604c29b857cc115165f4451becc9e
landsd/84014:0,B346602012702063C0,B346602012702063C0,adf1d085a79951ff976393a3672cda66812a6fd2482559fc4b7435331c50964b/B346602012702063C0,2f0657211c031b7a4744fa4c1f0397511d1f43e2160919d3ea885eaf12354d80,held-unknown,identity-or-component-coverage,source-identity-fit,False,unknown,unknown,Changed source/terrain/component evidence or a verified code correction addressing these specific failures; rerun all acceptance gates before installation.,ed1fce36232fe72d52d0169c2594d7542cc9d2efc44d0c2eecb8e7d90f1ff745
landsd/256280:0,Oi Sin House,B414231575901063C0,021e1102bf441c156d8156feea676592ed87d0c308333b9426a9f8e388c82ece/B414231575901063C0,3c20ebb504b2dd4aab88286955d418fee94dacd76c9d7315b8e5e94dbaecc014,held-unknown,identity-or-component-coverage,source-identity-fit,False,unknown,unknown,Changed source/terrain/component evidence or a verified code correction addressing these specific failures; rerun all acceptance gates before installation.,d24a867d02badcd80615d15d757a4581775c6b6399f3843d91e77063373c69e2
landsd/30031:0,Beverly Garden Block 9,B450251910301063C0,ff85f5d0545279ae6cf83b0a56d3690ef50e3502611ab9778a4d667d7f066641/B450251910301063C0,19a98fa6709619ab7ec32664025d15c084f458b4890f4b5db85d1fd36035b587,held-unknown,terrain-or-foundation,ground-contact-unresolved,False,unknown,unknown,Changed source/terrain/component evidence or a verified code correction addressing these specific failures; rerun all acceptance gates before installation.,431580f14c63a9b0bb37f73d1220064263316ef096e20cfd87f20c4e14108324
landsd/215934:0,Marco Polo Hongkong Hotel,B354441736701063C0,f2c3e43b5d165d3e8d01162d66e65543cd6452c00a5c033b221386ab7de6d96b/B354441736701063C0,2bafbc4db86031469ade9828d8f7701f9c8caa0d4d0975f522650d4b34c6166f,held-unknown,identity-or-component-coverage,source-identity-fit,False,unknown,unknown,Changed source/terrain/component evidence or a verified code correction addressing these specific failures; rerun all acceptance gates before installation.,eeeee59d80f0d7a8109ab911345ad762027b84855b2ee4ccbc0853ae126d5411
landsd/234188:0,OCEAN CENTRE,B354001745102063C0,ee5310370d794b09411c6339096cafac14499ead61ccc90912d6073fadb62b8b/B354001745102063C0,9525abed0ad9c229351f3b8ac2f2847fa12541467851fa2902a47c2f0efc5275,held-unknown,identity-or-component-coverage,source-identity-fit,False,unknown,unknown,Changed source/terrain/component evidence or a verified code correction addressing these specific failures; rerun all acceptance gates before installation.,14b0529b22354741a7b5b45d56dbc08768d13dcff1b409a7d2fdd9166596dc46
landsd/335494:0,,B344081637301063C0,d5ad46b119a22a5d8780a43392efccd26c82e479c1e98af560fbb46cb49ba438/B344081637301063C0,79e43d3e3c6d5cdb5f2b45b6f7734cb0a94a970665d7610fc0efaf7eb3e9ca1b,held-unknown,identity-or-component-coverage; terrain-or-foundation,full-source-identity-bound:sourceExcessMaximumDistanceFromTargetM; ground-contact-unresolved; sampler-rendered-terrain-disagreement; strict-identity-fit; terrain-intersects-source-over-0.5m,False,unknown,unknown,"Changed authoritative component/footprint/source or terrain evidence, or a demonstrated code correction resolving the recorded failures; rerun complete identity/contact/foundation/runtime/neighbour/browser gates.",45f7862d6de0a1485d3fe140ef9303d17f06ac414416d801b68e4ce888a2eb0a
landsd/182397:0,,B348411932301063C0,e0b18b14edfb22334913f06de8bc312f8936a32cfd0ad5222c51a6f4d73bde1d/B348411932301063C0,f16aa7f57a9b89962a6e1f3183e4dea922c7dbcb173515e608deae1ddc4b48b1,held-unknown,identity-or-component-coverage; terrain-or-foundation,full-source-identity-bound:sourceExcessCoveredByUnrelatedFormsM2; full-source-identity-bound:sourceExcessMaximumDistanceFromTargetM; strict-identity-fit; terrain-intersects-source-over-0.5m; whole-source-foundation,False,unknown,unknown,"Changed authoritative component/footprint/source or terrain evidence, or a demonstrated code correction resolving the recorded failures; rerun complete identity/contact/foundation/runtime/neighbour/browser gates.",da9bedcf702bc4214d0d9623c1fdc23ebbff3d3c419c8ac524e691b7809a9279
landsd/323185:0,Plaza Hollywood,B388342241501063C0,156017f51f3703f2162a93022ccb49dc2bd0b9e321b86c30ff2d7af2e9bc93c5/B388342241501063C0,62159e4ff553517f922ca2652471c9e50103bccdf907e7ea32602b6224103b12,held-unknown,identity-or-component-coverage,source-identity-fit,False,unknown,unknown,Changed source/terrain/component evidence or a verified code correction addressing these specific failures; rerun all acceptance gates before installation.,66ae15e791e76abe273e6d8014e37702e1c6cb537672a3e8f25708f2764b13ea
landsd/183776:0,Mei Yat House,B116581586501063C0,d1c80cda3e5e31332ffab3c95b3e9e0a858804da60b9fdcd708bc534376a9a3a/B116581586501063C0,ca03730a32beed8bd41aea1ef631517746bf20861dc83000364b39040abfcb82,held-unknown,terrain-or-foundation,terrain-intersects-source-over-0.5m,False,unknown,unknown,"A corrected original source/terrain/component match or verified code correction resolving the recorded failures, followed by all acceptance checks.",00cf1b84b14236e5f12344dbfbc62d22eb992330998dbbddb3f6e059248c91f9
landsd/254815:0,Fung Yip Building,B321401647001063C0,8ab1309e5fc7088ed0425836e4dc28e220aa45b4ff387df1f8ec90c69ff5f3c4/B321401647001063C0,501cc0df37031950a05a7725d0b918c2b28e8daa5fc0e02f1b78c0b2e9723c42,held-unknown,terrain-or-foundation,ground-contact-unresolved; sampled-ground-gap-below-model-bottom,False,unknown,unknown,Changed source/terrain/component evidence or a verified code correction addressing these specific failures; rerun all acceptance gates before installation.,23c2b5917ce17056e428622f6ed987fb4c4cb00a26b7416ca6ea7ada917c11fe
landsd/238671:0,Parc Palais Block 2,B362741895801063C0,e67076501f0a4d23144a95f2da680369853944becce4a474a9936db2b9f76783/B362741895801063C0,e5cb9cd513a1fb3882a9f21e07d7b1ba8a151a360d9c996fd2fb5349ca7253d4,held-unknown,identity-or-component-coverage,source-identity-fit,False,unknown,unknown,Changed source/terrain/component evidence or a verified code correction addressing these specific failures; rerun all acceptance gates before installation.,3cca24e7aa270a00220c5ed43c0cdc87acf6cb6b3b78f8efc138ad00926b8415
landsd/255543:0,Beverly Hill Block K,B372601498601063C0,acd6ebaba1f0209fe5e0a4abb26d02dd0e5526ec8238f3f01953f334ca7fef01/B372601498601063C0,a780f09a03f515f9baf33d7d0408f663fe82080d51c1b4290f02dd4121124667,held-unknown,terrain-or-foundation,ground-contact-unresolved; sampled-ground-gap-below-model-bottom,False,unknown,unknown,Changed source/terrain/component evidence or a verified code correction addressing these specific failures; rerun all acceptance gates before installation.,0d3945d44f1e97752ddfa4334d5c3768af7f03fce22807a079bba95e88541496
landsd/277890:0,B368711898502063C0,B368711898502063C0,ba72018bf0b50c5798982183f4ef19ce0f44ca572e17d5539c8a4768f7c08964/B368711898502063C0,31e137e5024c6caf78d0c0b2b258d8107d9868c6bab65cc0e7876d57f60a5fbb,held-unknown,identity-or-component-coverage,source-identity-fit,False,unknown,unknown,Changed source/terrain/component evidence or a verified code correction addressing these specific failures; rerun all acceptance gates before installation.,34dc00afb470f469d93bf3f28497c24dd8cf854d5553365802b14ffea34bb34c
landsd/237751:0,Wah Shun Gardens,B396821652001063C0,a6920cf3f69444fb1d5b63b5880f208d2d9844fb58d0e730b0fd3710e2077c4b/B396821652001063C0,56b84c0518e8ee0f38a8174dc1e73170076ae20b989965c8e9e516c3eb87f9da,held-unknown,identity-or-component-coverage,source-identity-fit,False,unknown,unknown,Changed source/terrain/component evidence or a verified code correction addressing these specific failures; rerun all acceptance gates before installation.,b8b67ae45d237bf980c2fb4b6733184de5aa4e2eebc332b9a574b1a6e0640b05
landsd/235598:0,8 Royal Green,B312223956301063C0,ac2adf553dae7dd2f67df2d6f4fa09c1304cdd34d6582762c985eeaa0d2a43b1/B312223956301063C0,2626e9ce4e21cd23644be8256fd0f11e229e7c3bb327931744819a445cdcbf7f,held-unknown,neighbour-impact; terrain-or-foundation,ground-contact-unresolved; sampled-ground-gap-below-model-bottom; terrain-regresses-neighbour:landsd/233190:0,False,unknown,unknown,Changed source/terrain/component evidence or a verified code correction addressing these specific failures; rerun all acceptance gates before installation.,7034503f0f0d1f1c523e308a5bff01480377d99b9bb4657dbbd49ea765ad1520
,,B365201779201063C0,50fc7bc071df80beda9ae82ed346a2cc010eeddd1eb42b345f0c983e347c5451/B365201779201063C0,f1415300ae3ea9848213bb0e64975a00b2d3a86cceb11537bad88bd7eae3efc5,held-unknown,identity-or-component-coverage,no-exact-current-component; no-exact-current-official-or-viewer-georef-route,False,unknown,unknown,New authoritative GeoRef/component identity is required; do not repeat the completed zero-result exact official/viewer lookup or invent a route.,764555ea5caa5e732604230963ebc4a0bb0b1ef2f9a7ccb4835976fa70330a84
landsd/258419:0,GREENFIELD SHOPPING ARCADE,B291912365902062G0,e6d16fc5312234ce028bdee81cba94bb2ff6e915636d4ba9e1936827b07ab3ac/B291912365902062G0,dc177610c1c054b055177529ab93154f562c46c233285ff406a106b8e1263ccb,held-unknown,identity-or-component-coverage; terrain-or-foundation,current-terrain-contact; existing-review-requires-resolution; projected-source-identity-or-assembly; terrain-intersects-source-over-0.5m,False,unknown,unknown,"A corrected original source/terrain/component match or verified code correction resolving the recorded failures, followed by all acceptance checks.",7c18d38d23ea7e4fb994e13cd9ff9a64e57db73e194b232c797511d28eafd5e7
,,B352981210001063C0,3823f924cd3de2e96656b14a0733dfa6df00341df154f8076db5d18d627f542d/B352981210001063C0,81005fddfb751f000245644b58da24b825c7e83c9229a881bd139bcaf1e6c9f0,held-unknown,identity-or-component-coverage,no-exact-current-component; no-exact-current-official-or-viewer-georef-route,False,unknown,unknown,New authoritative GeoRef/component identity is required; do not repeat the completed zero-result exact official/viewer lookup or invent a route.,7ecf71ac1e6a8cfdde263bc1bd5d01f044fda206a9858d62b28fed1d038f045b
